{
"type": "FeatureCollection",
"name": "somali_woredas_2024",
"crs": { "type": "name", "properties": { "name": "urn:ogc:def:crs:OGC:1.3:CRS84" } },
"features": [
{ "type": "Feature", "properties": { "DISTRICTS": "Ma'ayso", "Zone_Name": "Siti", "Wor_PCode": "ET0511008" }, "geometry": { "type": "Polygon", "coordinates": [ [ [ 40.308030047000045, 9.361495879000074 ], [ 40.380189168000072, 9.326173125000025 ], [ 40.417665679000038, 9.329742317000068 ], [ 40.458711381000057, 9.319034742000042 ], [ 40.515818445000036, 9.301188785000022 ], [ 40.576494701000058, 9.336880700000052 ], [ 40.631817169000044, 9.363649636000048 ], [ 40.685355042000026, 9.404695338000067 ], [ 40.733539127000029, 9.443956445000026 ], [ 40.812061340000071, 9.490355934000036 ], [ 40.881496039000069, 9.52275538400005 ], [ 40.901438552000059, 9.489816627000039 ], [ 40.982241910000027, 9.299300866000067 ], [ 40.960610580000036, 9.286523023000029 ], [ 40.938056961000029, 9.273200375000044 ], [ 40.928456423000057, 9.267529241000034 ], [ 40.924606980000078, 9.265255338000031 ], [ 40.921747847000063, 9.263566418000039 ], [ 40.921608989000049, 9.263609486000064 ], [ 40.921715020000079, 9.263547027000072 ], [ 40.913907954000081, 9.258935316000077 ], [ 40.905776464000041, 9.254131964000067 ], [ 40.898374028000035, 9.249759271000073 ], [ 40.888894979000042, 9.244159902000035 ], [ 40.885332284000071, 9.242055382000046 ], [ 40.878915306000067, 9.238264809000043 ], [ 40.874389038000061, 9.235591098000043 ], [ 40.873573689000068, 9.235109463000072 ], [ 40.866832285000044, 9.231127248000064 ], [ 40.861587906000068, 9.22802934200007 ], [ 40.858121208000057, 9.225981529000023 ], [ 40.853023811000071, 9.222970446000033 ], [ 40.849631225000053, 9.220966411000063 ], [ 40.846313993000081, 9.21900688900007 ], [ 40.841984569000033, 9.216449454000042 ], [ 40.837751141000069, 9.213948726000069 ], [ 40.832159211000032, 9.210645518000035 ], [ 40.824800543000038, 9.206298679000042 ], [ 40.81852084500008, 9.202589199000045 ], [ 40.811230198000032, 9.198282541000026 ], [ 40.799916391000068, 9.191599362000034 ], [ 40.793433759000038, 9.18777000700004 ], [ 40.790217373000075, 9.185870055000066 ], [ 40.782942518000027, 9.18157272600007 ], [ 40.775254575000076, 9.177031381000063 ], [ 40.768767093000065, 9.173199160000024 ], [ 40.761183605000042, 9.168719519000035 ], [ 40.754697365000027, 9.164888032000022 ], [ 40.746310713000071, 9.159933952000074 ], [ 40.739956903000063, 9.156180694000057 ], [ 40.734413593000056, 9.152906206000068 ], [ 40.727321030000041, 9.148716558000046 ], [ 40.721122779000041, 9.145055189000061 ], [ 40.710977847000038, 9.139062477000039 ], [ 40.706157498000039, 9.136215048000054 ], [ 40.696753802000046, 9.13066019200005 ], [ 40.691177666000044, 9.12736631100006 ], [ 40.685750995000035, 9.124160723000045 ], [ 40.676437204000081, 9.118658974000027 ], [ 40.666510999000025, 9.112795466000023 ], [ 40.660552119000045, 9.109275495000077 ], [ 40.654054935000033, 9.105437545000029 ], [ 40.648273497000048, 9.102022391000048 ], [ 40.641626848000044, 9.09809615000006 ], [ 40.633739578000075, 9.093437061000031 ], [ 40.625985982000032, 9.088856934000034 ], [ 40.622722219000025, 9.08692899700003 ], [ 40.622667853000053, 9.086944634000076 ], [ 40.615668, 9.082762 ], [ 40.611853104000033, 9.080739927000025 ], [ 40.611909587000071, 9.080720927000073 ], [ 40.60691685200004, 9.078009535000035 ], [ 40.602035516000058, 9.075358641000037 ], [ 40.596607510000069, 9.072410866000041 ], [ 40.591230406000079, 9.069490736000034 ], [ 40.582861165000054, 9.064945673000068 ], [ 40.574739442000066, 9.06053503000004 ], [ 40.566713996000033, 9.05617667100006 ], [ 40.559321168000054, 9.052161867000052 ], [ 40.553794487000062, 9.049160506000021 ], [ 40.543072926000036, 9.043337975000043 ], [ 40.538120766000077, 9.040648618000034 ], [ 40.530272014000047, 9.036386216000039 ], [ 40.520923960000061, 9.031309592000071 ], [ 40.513885254000058, 9.027487099000041 ], [ 40.507819830000074, 9.024193165000042 ], [ 40.49872722300006, 9.019255266000073 ], [ 40.486321007000072, 9.012517853000077 ], [ 40.479330072000039, 9.008721304000062 ], [ 40.471560072000045, 9.004501669000035 ], [ 40.465616374000035, 9.001273840000067 ], [ 40.459434754000029, 8.997916803000066 ], [ 40.450883289000046, 8.99327278100003 ], [ 40.445235613000079, 8.990205712000034 ], [ 40.435609061000036, 8.98497784400007 ], [ 40.427535842000054, 8.980593542000065 ], [ 40.423073922000071, 8.978170419000037 ], [ 40.416743457000052, 8.974732548000077 ], [ 40.410991578000051, 8.971608891000074 ], [ 40.405318451000028, 8.968527999000059 ], [ 40.398089593000066, 8.964602242000069 ], [ 40.393223382000031, 8.961959561000072 ], [ 40.389844477000054, 8.960124588000042 ], [ 40.389819026000055, 8.960110766000071 ], [ 40.383205265000072, 8.956519046000039 ], [ 40.376957617000073, 8.953126152000038 ], [ 40.370073284000057, 8.949387495000053 ], [ 40.362346258000059, 8.945191198000032 ], [ 40.357059899000035, 8.942320349000056 ], [ 40.351268177000065, 8.939175053000042 ], [ 40.345574397000064, 8.936082947000045 ], [ 40.338280243000042, 8.932121729000073 ], [ 40.32927838300003, 8.927233111000021 ], [ 40.323291711000024, 8.923981944000047 ], [ 40.323248737000029, 8.923958606000042 ], [ 40.316950919000078, 8.920538466000039 ], [ 40.310575351000068, 8.917078864000075 ], [ 40.310274715000048, 8.916915729000038 ], [ 40.310257491000073, 8.916983474000062 ], [ 40.307255, 8.915341 ], [ 40.263139, 8.964449 ], [ 40.246864501000061, 8.986141877000023 ], [ 40.232376612000053, 9.005453315000068 ], [ 40.232303164000029, 9.005468865000068 ], [ 40.227079077000042, 9.011368241000071 ], [ 40.220970004000037, 9.018267 ], [ 40.22118312200007, 9.026330666000035 ], [ 40.221436733000075, 9.035926366000069 ], [ 40.22171974400004, 9.046634491000077 ], [ 40.222014210000054, 9.057776028000035 ], [ 40.222179064000045, 9.064013503000069 ], [ 40.222539427000072, 9.077648347000036 ], [ 40.222701423000046, 9.083777708000071 ], [ 40.222982580000064, 9.094415661000028 ], [ 40.223337303000051, 9.107837132000043 ], [ 40.22346400400005, 9.112631 ], [ 40.225645907000057, 9.120624912000039 ], [ 40.22738490200004, 9.126996126000051 ], [ 40.230126660000053, 9.137041191000037 ], [ 40.231494197000075, 9.142051482000056 ], [ 40.233006670000066, 9.147592782000061 ], [ 40.23341477200006, 9.149087956000074 ], [ 40.233453175000079, 9.149086084000032 ], [ 40.23961, 9.186879 ], [ 40.285992278000037, 9.298237647000064 ], [ 40.285977009000078, 9.298262143000045 ], [ 40.287483972000075, 9.302228362000051 ], [ 40.289174224000078, 9.306676983000045 ], [ 40.290394439000067, 9.309888501000046 ], [ 40.291935808000062, 9.313945274000048 ], [ 40.293074112000056, 9.316941205000035 ], [ 40.295616775000042, 9.323633310000048 ], [ 40.296211537000033, 9.325220587000047 ], [ 40.308030047000045, 9.361495879000074 ] ] ] } },
{ "type": "Feature", "properties": { "DISTRICTS": "Dhunyar", "Zone_Name": "Siti", "Wor_PCode": "ET0511010" }, "geometry": { "type": "Polygon", "coordinates": [ [ [ 41.130958707000048, 11.225072873000045 ], [ 41.146440014000063, 11.126679586000023 ], [ 41.264850616000047, 10.907547538000074 ], [ 41.288645226000028, 10.829025325000032 ], [ 41.297863693000068, 10.738073759000031 ], [ 41.33355560800004, 10.663715602000025 ], [ 41.390067807000037, 10.535819573000026 ], [ 41.42194076800007, 10.468532211000024 ], [ 41.443605680000076, 10.422795175000033 ], [ 41.420608493000032, 10.379798458000039 ], [ 41.402762535000079, 10.349460331000046 ], [ 41.391088954000054, 10.328172578000022 ], [ 41.372529158000077, 10.29676369200007 ], [ 41.338264920000029, 10.268210160000024 ], [ 41.31399441800005, 10.251078041000028 ], [ 41.268308766000075, 10.225379862000068 ], [ 41.212629379000077, 10.215386126000055 ], [ 41.081950476000031, 10.201650100000052 ], [ 41.048020886000074, 10.206222121000053 ], [ 41.00479768200006, 10.212046458000032 ], [ 40.988736320000044, 10.194200500000022 ], [ 40.958398192000061, 10.187062117000039 ], [ 40.906644915000072, 10.185277521000046 ], [ 40.862030021000066, 10.165646968000033 ], [ 40.815630532000057, 10.131739649000053 ], [ 40.760186, 10.122819 ], [ 40.704305, 10.169038 ], [ 40.627836, 10.23259 ], [ 40.627465794000045, 10.232825278000064 ], [ 40.627383920000057, 10.232829031000051 ], [ 40.621873098000037, 10.23574280400004 ], [ 40.620728700000029, 10.236347888000068 ], [ 40.621077897000077, 10.236884995000025 ], [ 40.617742173000067, 10.238582270000052 ], [ 40.609762603000036, 10.242642414000045 ], [ 40.596797894000076, 10.249239082000031 ], [ 40.588250555000059, 10.25358811600006 ], [ 40.577580927000042, 10.260127566000051 ], [ 40.575419278000027, 10.263372039000046 ], [ 40.574515563000034, 10.264728447000039 ], [ 40.535300533000054, 10.269007729000066 ], [ 40.535289707000061, 10.26898630200003 ], [ 40.527952750000054, 10.269682307000039 ], [ 40.52016810300006, 10.270420781000041 ], [ 40.517303814000059, 10.270692496000038 ], [ 40.517305002000057, 10.270716659000072 ], [ 40.486663, 10.273032 ], [ 40.513133, 10.382803 ], [ 40.546928269000034, 10.446423482000057 ], [ 40.546919528000046, 10.446432450000032 ], [ 40.547202488000039, 10.453680008000049 ], [ 40.547231956000076, 10.454434782000021 ], [ 40.547270362000063, 10.454434862000028 ], [ 40.547360475000062, 10.457726594000064 ], [ 40.548288368000044, 10.481493056000033 ], [ 40.549622093000039, 10.51565425900003 ], [ 40.550765002000048, 10.544928 ], [ 40.539207407000049, 10.566775101000076 ], [ 40.535062224000058, 10.573715288000074 ], [ 40.535073340000054, 10.573766824000074 ], [ 40.521956, 10.593678 ], [ 40.460193, 10.67745 ], [ 40.451391634000061, 10.708245992000059 ], [ 40.44622415300006, 10.724933911000051 ], [ 40.440819428000054, 10.741175609000038 ], [ 40.439030002000038, 10.746553 ], [ 40.439118257000075, 10.747088622000035 ], [ 40.439086963000079, 10.74709942800007 ], [ 40.439517863000049, 10.752020884000046 ], [ 40.439861988000075, 10.755877927000029 ], [ 40.439906381000071, 10.755879117000063 ], [ 40.439988974000073, 10.757301248000033 ], [ 40.438133698000058, 10.75779097700007 ], [ 40.437158298000043, 10.758048450000047 ], [ 40.437032321000061, 10.758489244000032 ], [ 40.437002663000044, 10.758593019000045 ], [ 40.432724516000064, 10.773562260000062 ], [ 40.413135, 10.842106 ], [ 40.433723, 10.954766 ], [ 40.474898, 11.03565 ], [ 40.477042986000072, 11.036990661000061 ], [ 40.47787700400005, 11.038629004000029 ], [ 40.503059362000045, 11.054368512000053 ], [ 40.517316531000063, 11.063279546000047 ], [ 40.542582004000053, 11.07907100400007 ], [ 40.578500303000055, 11.096710128000041 ], [ 40.612643569000056, 11.113477552000063 ], [ 40.633020870000053, 11.123484645000076 ], [ 40.671990004000065, 11.142622004000032 ], [ 40.713271903000077, 11.139918660000035 ], [ 40.716893005000031, 11.142770004000056 ], [ 40.759041421000063, 11.130088268000065 ], [ 40.774008061000075, 11.140208229000052 ], [ 40.774419082000065, 11.140646055000047 ], [ 40.782374666000067, 11.149120485000026 ], [ 40.786710946000028, 11.154154575000064 ], [ 40.788438789000054, 11.156275962000052 ], [ 40.788426290000075, 11.156288466000035 ], [ 40.788751655000056, 11.15768636100006 ], [ 40.789592388000074, 11.161298474000034 ], [ 40.789836275000027, 11.162346305000028 ], [ 40.789866965000044, 11.16234236300005 ], [ 40.790535337000051, 11.16534974700005 ], [ 40.795238287000075, 11.185555446000023 ], [ 40.79777719100008, 11.19646356100003 ], [ 40.801361, 11.211861 ], [ 40.803804983000077, 11.212541346000023 ], [ 40.804340004000039, 11.214840004000052 ], [ 40.872472466000033, 11.233806431000062 ], [ 40.981165343000043, 11.24302885700007 ], [ 41.03593375500003, 11.247675873000048 ], [ 41.130356911000035, 11.229919935000055 ], [ 41.13036063900006, 11.229889914000069 ], [ 41.130364662000034, 11.229857516000038 ], [ 41.130958707000048, 11.225072873000045 ] ] ] } },
{ "type": "Feature", "properties": { "DISTRICTS": "Gablalu", "Zone_Name": "Siti", "Wor_PCode": "ET0511005" }, "geometry": { "type": "Polygon", "coordinates": [ [ [ 41.798560105000035, 11.005724061000024 ], [ 41.798462624000081, 11.005419543000073 ], [ 41.798460938000062, 11.00541985600006 ], [ 41.798442840000064, 11.005357742000058 ], [ 41.797489410000026, 11.002376396000045 ], [ 41.797339520000037, 11.001907695000057 ], [ 41.79712537000006, 11.001238054000055 ], [ 41.796504974000072, 10.999298096000075 ], [ 41.795627215000025, 10.998399722000045 ], [ 41.794685009000034, 10.997435387000053 ], [ 41.794587677000038, 10.997335769000074 ], [ 41.793418884000062, 10.996139526000036 ], [ 41.792684838000071, 10.994586413000036 ], [ 41.791856198000062, 10.992840890000025 ], [ 41.791409600000065, 10.991897560000041 ], [ 41.791413635000026, 10.991897408000057 ], [ 41.791200289000074, 10.99145468100005 ], [ 41.789746594000064, 10.988378811000075 ], [ 41.789535522000051, 10.98793220500005 ], [ 41.788955688000044, 10.981964111000025 ], [ 41.790865636000035, 10.974950311000043 ], [ 41.791106570000068, 10.974065541000073 ], [ 41.791347504000044, 10.973180771000045 ], [ 41.797618320000026, 10.969220829000051 ], [ 41.798477173000038, 10.968678474000058 ], [ 41.800672347000045, 10.968516054000077 ], [ 41.801543365000043, 10.968451608000066 ], [ 41.811031342000035, 10.967749596000033 ], [ 41.811061406000078, 10.966118578000021 ], [ 41.811149597000053, 10.961998940000058 ], [ 41.811153679000029, 10.961996731000056 ], [ 41.814495878000059, 10.960188678000065 ], [ 41.815990448000036, 10.959380150000072 ], [ 41.823747869000044, 10.959231576000036 ], [ 41.841121674000078, 10.958900452000023 ], [ 41.856105035000041, 10.954966145000071 ], [ 41.855319, 10.954046 ], [ 41.939636519000032, 10.879483612000058 ], [ 42.046574693000025, 10.823018800000057 ], [ 42.024346733000073, 10.740830235000033 ], [ 42.000552123000034, 10.662308022000047 ], [ 41.950583442000038, 10.605200958000069 ], [ 41.950583442000038, 10.574267965000047 ], [ 41.893476378000059, 10.510022518000028 ], [ 41.876820151000061, 10.479089525000063 ], [ 41.876820151000061, 10.391049468000062 ], [ 41.826851470000065, 10.307768332000023 ], [ 41.801406562000068, 10.237726180000038 ], [ 41.725486431000036, 10.17975333000004 ], [ 41.648748814000044, 10.166071429000056 ], [ 41.556114884000067, 10.175912327000049 ], [ 41.538209566000035, 10.277357799000072 ], [ 41.443605680000076, 10.422795175000033 ], [ 41.42194076800007, 10.468532211000024 ], [ 41.390067807000037, 10.535819573000026 ], [ 41.33355560800004, 10.663715602000025 ], [ 41.297863693000068, 10.738073759000031 ], [ 41.288645226000028, 10.829025325000032 ], [ 41.264850616000047, 10.907547538000074 ], [ 41.146440014000063, 11.126679586000023 ], [ 41.130958707000048, 11.225072873000045 ], [ 41.130364662000034, 11.229857516000038 ], [ 41.13036063900006, 11.229889914000069 ], [ 41.130356911000035, 11.229919935000055 ], [ 41.131694424000045, 11.229668420000053 ], [ 41.13374400500004, 11.229283004000024 ], [ 41.137060351000059, 11.228262467000036 ], [ 41.140319265000073, 11.227259604000039 ], [ 41.144670311000027, 11.225920660000043 ], [ 41.146358256000042, 11.225401231000035 ], [ 41.150093814000059, 11.224251690000074 ], [ 41.151955583000074, 11.223678770000049 ], [ 41.156642797000075, 11.222236377000058 ], [ 41.158505111000068, 11.221663289000048 ], [ 41.16364218800004, 11.220082460000071 ], [ 41.165839578000032, 11.219406259000039 ], [ 41.170459558000061, 11.217984557000023 ], [ 41.174654274000034, 11.216693720000023 ], [ 41.176100615000053, 11.216248639000071 ], [ 41.179972281000062, 11.215057214000069 ], [ 41.181719259000033, 11.214519618000054 ], [ 41.183911181000042, 11.213845099000025 ], [ 41.18391159600003, 11.213844324000036 ], [ 41.183991589000073, 11.213820356000042 ], [ 41.307622846000072, 11.175775409000039 ], [ 41.547540206000065, 11.102229841000053 ], [ 41.708423767000056, 11.052963643000055 ], [ 41.749703005000072, 11.040323004000072 ], [ 41.78805000400007, 11.023156004000043 ], [ 41.80000065400003, 11.013046441000029 ], [ 41.799755659000027, 11.009810695000056 ], [ 41.799720764000028, 11.009349823000036 ], [ 41.799326210000061, 11.008117284000036 ], [ 41.799286341000027, 11.007992737000052 ], [ 41.798561646000053, 11.00572887800007 ], [ 41.798560105000035, 11.005724061000024 ] ] ] } },
{ "type": "Feature", "properties": { "DISTRICTS": "Danbal", "Zone_Name": "Siti", "Wor_PCode": "ET0511003" }, "geometry": { "type": "Polygon", "coordinates": [ [ [ 42.728156487000035, 9.711890338000046 ], [ 42.613533973000074, 9.673541043000057 ], [ 42.569795719000069, 9.68003079500005 ], [ 42.409538326000074, 9.680749687000059 ], [ 42.408054855000046, 9.69116013200005 ], [ 42.283466, 9.670592 ], [ 42.28003095400004, 9.670203012000059 ], [ 42.280028953000055, 9.670179541000039 ], [ 42.267517182000063, 9.668594381000048 ], [ 42.257401946000073, 9.667327430000057 ], [ 42.250429206000035, 9.66645408100004 ], [ 42.242173717000071, 9.665420066000024 ], [ 42.235737948000065, 9.664613975000066 ], [ 42.227074099000049, 9.663528812000038 ], [ 42.221295235000071, 9.66280499800007 ], [ 42.209533434000036, 9.661331812000071 ], [ 42.197607300000072, 9.659838041000057 ], [ 42.191362476000052, 9.659055866000074 ], [ 42.186235998000029, 9.658413765000034 ], [ 42.185636836000072, 9.658338719000028 ], [ 42.18588823500005, 9.659268332000067 ], [ 42.18596980500007, 9.659533893000059 ], [ 42.18603952400008, 9.659559345000048 ], [ 42.185964642000044, 9.659550865000028 ], [ 42.18596980500007, 9.659569955000052 ], [ 42.185962889000052, 9.659579292000046 ], [ 42.199905, 9.728933 ], [ 42.127950394000038, 9.779171227000063 ], [ 42.123651881000058, 9.794589014000053 ], [ 42.134443220000037, 9.859856810000053 ], [ 42.287083, 10.092239 ], [ 42.337273517000028, 10.099925410000026 ], [ 42.396293468000067, 10.108964001000061 ], [ 42.436817476000044, 10.115170036000052 ], [ 42.530193, 10.12947 ], [ 42.706989, 10.119554 ], [ 42.733327381000038, 10.042775118000066 ], [ 42.785326091000059, 9.976806606000025 ], [ 42.844201, 9.942541 ], [ 42.884666911000068, 9.908509793000064 ], [ 42.880010309000056, 9.879017988000044 ], [ 42.82025059800003, 9.837884680000059 ], [ 42.79386319300005, 9.80994507500003 ], [ 42.783773891000067, 9.770363967000037 ], [ 42.730028, 9.753115 ], [ 42.725854714000036, 9.739873251000063 ], [ 42.728156487000035, 9.711890338000046 ] ] ] } },
{ "type": "Feature", "properties": { "DISTRICTS": "Ayshaca", "Zone_Name": "Siti", "Wor_PCode": "ET0511002" }, "geometry": { "type": "Polygon", "coordinates": [ [ [ 42.678279876000033, 11.070940017000055 ], [ 42.683441162000065, 11.062540054000067 ], [ 42.693489075000059, 11.053584099000034 ], [ 42.69789886500007, 11.053030014000058 ], [ 42.711330414000031, 11.060090065000054 ], [ 42.717819214000031, 11.058794975000069 ], [ 42.727890015000071, 11.061329841000031 ], [ 42.736118317000034, 11.06482982600005 ], [ 42.746299744000055, 11.072190285000033 ], [ 42.757438660000048, 11.070560455000077 ], [ 42.764514923000036, 11.064193725000052 ], [ 42.770582341000079, 11.053530145000025 ], [ 42.774073286000032, 11.047395408000057 ], [ 42.775356618000046, 11.045140171000071 ], [ 42.779487716000062, 11.037880474000076 ], [ 42.780405239000061, 11.036268085000074 ], [ 42.78243692500007, 11.032697745000064 ], [ 42.784660339000027, 11.028790474000061 ], [ 42.78623254300004, 11.023196021000047 ], [ 42.787727120000056, 11.017877790000057 ], [ 42.788108826000041, 11.01651954700003 ], [ 42.78827825500008, 11.012084240000036 ], [ 42.788496105000036, 11.006381370000042 ], [ 42.788778058000048, 10.999000434000038 ], [ 42.78892898600003, 10.995049476000077 ], [ 42.791419983000026, 10.987930297000048 ], [ 42.79601669300007, 10.985529900000074 ], [ 42.809494375000043, 10.983155573000033 ], [ 42.810396784000034, 10.982996598000057 ], [ 42.828941345000032, 10.97972965200006 ], [ 42.840950012000064, 10.975547790000064 ], [ 42.853038788000049, 10.975040436000029 ], [ 42.85774993900003, 10.977239608000048 ], [ 42.868866070000081, 10.977698706000069 ], [ 42.884463050000079, 10.977676943000063 ], [ 42.893206318000068, 10.977664744000037 ], [ 42.89940669300006, 10.977656093000064 ], [ 42.910831452000025, 10.977640152000049 ], [ 42.911105560000067, 10.977688709000063 ], [ 42.911107039000058, 10.977688714000067 ], [ 42.92818823500005, 10.980698597000071 ], [ 42.941845983000064, 10.983134244000041 ], [ 42.94914751400006, 10.984427680000067 ], [ 42.952209473000039, 10.984970093000072 ], [ 42.952216025000041, 10.984969636000073 ], [ 42.95221599100006, 10.984969705000026 ], [ 42.952245102000063, 10.984967974000028 ], [ 42.952286057000038, 10.98496553800004 ], [ 42.952286437000055, 10.984965516000045 ], [ 42.952531289000035, 10.984950956000034 ], [ 42.95279230500006, 10.984935434000022 ], [ 42.952795843000047, 10.984935224000026 ], [ 42.954335314000048, 10.984843678000061 ], [ 42.956321168000045, 10.984725587000071 ], [ 42.957992304000072, 10.984626211000034 ], [ 42.957995255000071, 10.984621673000049 ], [ 42.957999855000025, 10.984625762000064 ], [ 42.961639404000039, 10.984409332000041 ], [ 42.956214252000052, 10.977887272000032 ], [ 42.938090743000032, 10.956099385000073 ], [ 42.93807255300004, 10.956077518000029 ], [ 42.931320190000065, 10.947959900000058 ], [ 42.926249360000043, 10.939800155000057 ], [ 42.925461999000049, 10.938533169000038 ], [ 42.910045624000077, 10.913725853000074 ], [ 42.895320783000045, 10.895323241000028 ], [ 42.881959798000025, 10.878620983000076 ], [ 42.881951967000077, 10.878611186000057 ], [ 42.881181971000046, 10.877647979000074 ], [ 42.880693104000045, 10.877036444000055 ], [ 42.880270292000034, 10.876507537000066 ], [ 42.880266250000034, 10.876506086000063 ], [ 42.880237535000049, 10.876466561000029 ], [ 42.876258850000056, 10.871489525000072 ], [ 42.870437622000054, 10.861278534000064 ], [ 42.864219666000054, 10.854290009000067 ], [ 42.855709076000039, 10.838157654000042 ], [ 42.840930939000032, 10.822859764000043 ], [ 42.811271667000028, 10.780850410000028 ], [ 42.810882568000068, 10.780303955000022 ], [ 42.797496796000075, 10.764509201000067 ], [ 42.788570404000041, 10.750679970000022 ], [ 42.766525268000066, 10.721973419000051 ], [ 42.73866653400006, 10.677089691000049 ], [ 42.722606659000064, 10.651211739000075 ], [ 42.703201294000053, 10.636006355000063 ], [ 42.692958832000045, 10.62520027100004 ], [ 42.685020447000056, 10.612959862000025 ], [ 42.683010102000026, 10.606329918000029 ], [ 42.683166504000042, 10.59253215800004 ], [ 42.690391541000054, 10.57230091100007 ], [ 42.695415497000056, 10.558231354000043 ], [ 42.698398590000068, 10.546208382000032 ], [ 42.704048156000056, 10.538960456000041 ], [ 42.716869355000028, 10.530389786000057 ], [ 42.73165130600006, 10.526386261000027 ], [ 42.739440918000071, 10.521149635000029 ], [ 42.74666976900005, 10.512255668000023 ], [ 42.756118774000072, 10.474690437000049 ], [ 42.756904602000077, 10.471559525000032 ], [ 42.763080597000055, 10.456709861000036 ], [ 42.791851043000065, 10.404100418000041 ], [ 42.803249359000063, 10.358209610000074 ], [ 42.804828644000054, 10.351844788000051 ], [ 42.808853149000072, 10.341140747000054 ], [ 42.815372467000032, 10.323793411000054 ], [ 42.820295670000064, 10.310695342000031 ], [ 42.812832168000057, 10.300610253000059 ], [ 42.770228776000067, 10.221180199000059 ], [ 42.706989, 10.119554 ], [ 42.530193, 10.12947 ], [ 42.436817476000044, 10.115170036000052 ], [ 42.446205312000075, 10.18878726500003 ], [ 42.457480684000075, 10.277663724000035 ], [ 42.465439769000056, 10.335367096000027 ], [ 42.432940169000062, 10.477967384000067 ], [ 42.421664797000062, 10.574802929000043 ], [ 42.401103826000053, 10.635822587000064 ], [ 41.939636519000032, 10.879483612000058 ], [ 41.855319, 10.954046 ], [ 41.856105035000041, 10.954966145000071 ], [ 41.863408041000071, 10.953048534000061 ], [ 41.872008343000061, 10.950790281000025 ], [ 41.879411182000069, 10.948846456000069 ], [ 41.886157989000026, 10.947074890000067 ], [ 41.894587504000071, 10.944860282000036 ], [ 41.899688515000037, 10.943496711000023 ], [ 41.900627136000026, 10.943273544000022 ], [ 41.920167524000078, 10.942560742000069 ], [ 41.927371979000043, 10.942297935000056 ], [ 41.942211152000027, 10.93947982800006 ], [ 41.942596435000041, 10.935335159000033 ], [ 41.93967056300005, 10.928489685000045 ], [ 41.944721222000055, 10.913217545000066 ], [ 41.949081421000074, 10.909910202000049 ], [ 41.958400726000036, 10.910880089000045 ], [ 41.963445876000037, 10.914106270000048 ], [ 41.96421403800008, 10.914597481000044 ], [ 41.967830658000025, 10.91691017200003 ], [ 41.971050262000063, 10.921683311000038 ], [ 41.974361706000025, 10.926592365000033 ], [ 41.975028991000045, 10.927579880000053 ], [ 41.979075310000042, 10.926592365000033 ], [ 41.98220062300004, 10.925829887000077 ], [ 41.983781954000051, 10.924872594000021 ], [ 41.991630555000029, 10.920120239000028 ], [ 42.001702789000035, 10.91682641500006 ], [ 42.002960205000079, 10.916415215000029 ], [ 42.006592471000033, 10.917659803000049 ], [ 42.012714541000037, 10.91975751700005 ], [ 42.017021179000039, 10.921233177000033 ], [ 42.019134460000032, 10.921387344000038 ], [ 42.019134557000029, 10.921390074000044 ], [ 42.026809692000029, 10.921959877000063 ], [ 42.031280518000074, 10.924401283000066 ], [ 42.040442545000076, 10.924045225000043 ], [ 42.047353847000068, 10.923776635000024 ], [ 42.050710760000072, 10.923646177000023 ], [ 42.05265415000008, 10.923570652000024 ], [ 42.052657134000071, 10.923570536000057 ], [ 42.052859239000043, 10.923562682000068 ], [ 42.053262969000059, 10.923546991000023 ], [ 42.053647264000062, 10.923532057000045 ], [ 42.053733092000073, 10.923528721000025 ], [ 42.055739548000076, 10.923450746000071 ], [ 42.063517885000067, 10.923148461000039 ], [ 42.067329407000045, 10.92300033600003 ], [ 42.06795128300007, 10.923864500000036 ], [ 42.068733271000042, 10.924951155000031 ], [ 42.069515258000081, 10.926037809000036 ], [ 42.070430756000064, 10.927309990000026 ], [ 42.071586998000043, 10.932667375000051 ], [ 42.071590044000061, 10.932681487000025 ], [ 42.071637426000052, 10.932901032000075 ], [ 42.071643421000033, 10.932928810000021 ], [ 42.072294222000039, 10.935944258000063 ], [ 42.072999954000068, 10.939214230000061 ], [ 42.073102538000057, 10.939689545000022 ], [ 42.073103102000061, 10.939692158000071 ], [ 42.073157739000067, 10.939945318000071 ], [ 42.073157762000051, 10.93994542300004 ], [ 42.07316067000005, 10.939958898000043 ], [ 42.073163759000067, 10.939973207000037 ], [ 42.073165601000028, 10.939981747000047 ], [ 42.073168073000033, 10.93999320100005 ], [ 42.073168242000065, 10.939993980000054 ], [ 42.073168416000044, 10.939994780000063 ], [ 42.073168438000039, 10.939994888000058 ], [ 42.07556915300006, 10.95111846900005 ], [ 42.080268011000044, 10.957386858000064 ], [ 42.080833435000045, 10.958141327000021 ], [ 42.090621399000042, 10.958677890000047 ], [ 42.096012409000025, 10.958973418000028 ], [ 42.096012416000065, 10.958961298000077 ], [ 42.096280671000045, 10.95898812400003 ], [ 42.099239349000072, 10.959150314000055 ], [ 42.105939865000039, 10.96247005500004 ], [ 42.112640381000062, 10.965789795000035 ], [ 42.120454941000048, 10.967743435000045 ], [ 42.120485211000073, 10.967751003000046 ], [ 42.122001648000037, 10.96813011200004 ], [ 42.126960754000038, 10.971480370000052 ], [ 42.142650604000039, 10.976679802000035 ], [ 42.151999204000049, 10.976490322000075 ], [ 42.155448914000033, 10.976420402000031 ], [ 42.157555270000046, 10.975724252000077 ], [ 42.157702645000029, 10.975675545000058 ], [ 42.16285324100005, 10.973973274000059 ], [ 42.169281006000062, 10.975337982000042 ], [ 42.171046978000049, 10.975805874000059 ], [ 42.171938968000063, 10.975902306000023 ], [ 42.175708770000028, 10.976702690000025 ], [ 42.17754767200006, 10.976792734000071 ], [ 42.182351052000058, 10.977027937000059 ], [ 42.187577844000032, 10.977283872000044 ], [ 42.188991547000057, 10.977353096000058 ], [ 42.195899963000045, 10.973763466000037 ], [ 42.199878693000073, 10.963560104000067 ], [ 42.207031250000057, 10.960200310000062 ], [ 42.232521058000032, 10.966349602000037 ], [ 42.270515442000033, 10.968788147000055 ], [ 42.288997650000056, 10.98450374600003 ], [ 42.309379577000072, 10.990751267000064 ], [ 42.32540130600006, 10.98880958500007 ], [ 42.338382721000073, 10.991468429000065 ], [ 42.350246430000027, 10.996533394000039 ], [ 42.355846405000079, 10.997372628000051 ], [ 42.372810364000031, 10.996097564000024 ], [ 42.394531250000057, 10.988510132000044 ], [ 42.404651642000033, 10.98278141000003 ], [ 42.424148560000049, 10.980070114000057 ], [ 42.435451508000028, 10.986040115000037 ], [ 42.448608399000079, 10.996310234000077 ], [ 42.458934784000064, 11.001305581000054 ], [ 42.476390318000028, 11.014796347000072 ], [ 42.484857872000077, 11.021340620000046 ], [ 42.497221382000077, 11.03089594100004 ], [ 42.49930954000007, 11.032509804000028 ], [ 42.512004853000064, 11.038217544000076 ], [ 42.534210241000039, 11.044271110000068 ], [ 42.560489654000037, 11.051429749000022 ], [ 42.57183849900008, 11.055912198000044 ], [ 42.587851273000069, 11.062236759000029 ], [ 42.591960907000043, 11.063859940000043 ], [ 42.598941803000059, 11.063476563000052 ], [ 42.61050033500004, 11.070354462000068 ], [ 42.617234173000043, 11.077341348000061 ], [ 42.625041962000068, 11.085442543000056 ], [ 42.632339477000073, 11.088964462000035 ], [ 42.640937805000078, 11.08831596300007 ], [ 42.654499054000041, 11.080200195000032 ], [ 42.656280517000027, 11.076709747000052 ], [ 42.663387298000032, 11.07149505600006 ], [ 42.678279876000033, 11.070940017000055 ] ] ] } },
{ "type": "Feature", "properties": { "DISTRICTS": "Kabribayah", "Zone_Name": "Fafan", "Wor_PCode": "ET0505007" }, "geometry": { "type": "MultiPolygon", "coordinates": [ [ [ [ 43.213486734000071, 9.292239641000037 ], [ 43.213486561000025, 9.29223937200004 ], [ 43.213492311000039, 9.292234306000068 ], [ 43.215391855000064, 9.290417282000021 ], [ 43.218990933000043, 9.287783192000063 ], [ 43.241393880000032, 9.31593824600003 ], [ 43.27149752300005, 9.349846196000044 ], [ 43.312848680000059, 9.38408495300007 ], [ 43.339644230000033, 9.407903220000037 ], [ 43.366935994000073, 9.433540937000032 ], [ 43.40134015600006, 9.452727874000061 ], [ 43.424496805000047, 9.475388308000049 ], [ 43.428081668000061, 9.480166254000039 ], [ 43.432220459000064, 9.47080135300007 ], [ 43.445518493000066, 9.44489193000004 ], [ 43.447280884000065, 9.442920684000057 ], [ 43.468303680000076, 9.419411659000048 ], [ 43.489151001000039, 9.403247833000023 ], [ 43.489979918000074, 9.402603041000077 ], [ 43.490005464000035, 9.402583170000071 ], [ 43.490186587000039, 9.40244227900007 ], [ 43.491374970000038, 9.401517868000042 ], [ 43.498236155000029, 9.398072375000027 ], [ 43.499143677000063, 9.397616644000038 ], [ 43.503435818000071, 9.395461253000065 ], [ 43.505068590000064, 9.394641321000051 ], [ 43.506361882000078, 9.393991867000068 ], [ 43.507477362000031, 9.393431704000022 ], [ 43.509034133000057, 9.392649938000034 ], [ 43.510316960000068, 9.392005739000069 ], [ 43.511537005000037, 9.391393067000024 ], [ 43.512677222000036, 9.390820482000038 ], [ 43.513625298000079, 9.390344385000049 ], [ 43.51429257500007, 9.390009298000052 ], [ 43.515451174000077, 9.389427482000031 ], [ 43.516347926000037, 9.388977159000035 ], [ 43.51755754800007, 9.388369721000061 ], [ 43.518943081000032, 9.387673946000064 ], [ 43.519920349000074, 9.387183189000041 ], [ 43.520051716000069, 9.387129423000033 ], [ 43.52086958700005, 9.386794678000058 ], [ 43.521848143000057, 9.386394166000059 ], [ 43.522948990000032, 9.385943603000044 ], [ 43.523930435000068, 9.38554190900004 ], [ 43.525241699000048, 9.385005224000054 ], [ 43.526257831000066, 9.384589334000054 ], [ 43.52724424400003, 9.384185607000063 ], [ 43.52823154400005, 9.383781516000056 ], [ 43.528648669000063, 9.38361079200007 ], [ 43.529514347000031, 9.383256481000046 ], [ 43.529970459000026, 9.383069799000054 ], [ 43.53021607800008, 9.382969270000046 ], [ 43.530216830000029, 9.382970056000033 ], [ 43.530250201000058, 9.382955304000063 ], [ 43.530909938000036, 9.382685281000022 ], [ 43.532997786000067, 9.381830750000063 ], [ 43.534870148000039, 9.381064415000026 ], [ 43.535478272000034, 9.380899781000039 ], [ 43.537773543000071, 9.380278394000072 ], [ 43.540313153000056, 9.379590859000075 ], [ 43.54207449300003, 9.379114020000031 ], [ 43.544447077000029, 9.378471703000059 ], [ 43.546148558000027, 9.378011070000071 ], [ 43.547801610000079, 9.377563548000069 ], [ 43.548532570000077, 9.377365659000077 ], [ 43.550518370000077, 9.376828054000043 ], [ 43.551609785000039, 9.376532581000049 ], [ 43.552299198000071, 9.376347736000071 ], [ 43.552997339000058, 9.376156936000029 ], [ 43.556258281000055, 9.37527411800005 ], [ 43.558803715000067, 9.374585006000075 ], [ 43.562352302000079, 9.373624316000075 ], [ 43.565608978000057, 9.372742653000046 ], [ 43.566212889000042, 9.372485120000022 ], [ 43.567984811000031, 9.371729498000036 ], [ 43.568827115000033, 9.371370304000038 ], [ 43.569808977000037, 9.370951598000033 ], [ 43.526061816000038, 9.342666707000035 ], [ 43.520522248000077, 9.313934736000022 ], [ 43.500728345000027, 9.29268754800006 ], [ 43.492733356000031, 9.272319362000076 ], [ 43.50842751600004, 9.251203230000044 ], [ 43.496603859000061, 9.189877697000043 ], [ 43.42975939400003, 8.898432212000046 ], [ 43.420135476000041, 8.897549312000024 ], [ 43.390115052000056, 8.899304892000032 ], [ 43.339729895000062, 8.878589044000023 ], [ 43.325438373000054, 8.858432786000037 ], [ 43.324352108000028, 8.840953789000025 ], [ 43.325043368000081, 8.818339719000051 ], [ 43.324672188000079, 8.800621781000075 ], [ 43.287581798000076, 8.796923309000022 ], [ 43.232628164000062, 8.793772915000034 ], [ 43.201453815000036, 8.796447821000072 ], [ 43.176826393000056, 8.796804740000027 ], [ 43.160408113000074, 8.808583072000033 ], [ 43.155054325000037, 8.822502919000044 ], [ 43.152198972000065, 8.832853574000069 ], [ 43.136494529000061, 8.846059583000056 ], [ 43.125786955000081, 8.854268723000075 ], [ 43.103301048000048, 8.859622511000055 ], [ 43.076889031000064, 8.881394579000073 ], [ 43.070464486000049, 8.897812860000045 ], [ 43.06118458900005, 8.910305030000075 ], [ 43.037627925000038, 8.921012605000044 ], [ 43.002649848000033, 8.926723311000046 ], [ 42.986945405000029, 8.932434018000038 ], [ 42.951253490000056, 8.934218613000041 ], [ 42.949111975000051, 8.941713915000037 ], [ 42.903957823000042, 8.955561921000026 ], [ 42.919757, 9.072705 ], [ 42.926420214000075, 9.081445044000077 ], [ 42.957320106000054, 9.104484437000053 ], [ 42.985238430000038, 9.139179054000067 ], [ 43.00963308200005, 9.171569731000034 ], [ 43.028606701000058, 9.182276272000024 ], [ 43.054898715000036, 9.188103884000043 ], [ 43.088915702000065, 9.196506486000033 ], [ 43.096792557000072, 9.198986237000042 ], [ 43.118189284000039, 9.205722244000071 ], [ 43.133947980000073, 9.209538050000049 ], [ 43.142884095000056, 9.215730621000034 ], [ 43.178814548000048, 9.241965554000046 ], [ 43.184208655000077, 9.246782583000027 ], [ 43.190737025000033, 9.256928487000039 ], [ 43.181803021000064, 9.267842103000021 ], [ 43.173317417000078, 9.276113423000027 ], [ 43.171303158000057, 9.287898984000037 ], [ 43.17550310300004, 9.291670363000037 ], [ 43.182605895000052, 9.297121343000072 ], [ 43.188732597000069, 9.301857894000022 ], [ 43.196794126000043, 9.308114241000055 ], [ 43.210275175000049, 9.295682449000026 ], [ 43.210934727000051, 9.294892985000047 ], [ 43.211322911000025, 9.294721399000025 ], [ 43.211736938000058, 9.294578631000036 ], [ 43.212079580000079, 9.294078944000034 ], [ 43.212351484000067, 9.293239362000065 ], [ 43.212351504000026, 9.293239300000039 ], [ 43.213468196000065, 9.292255551000039 ], [ 43.21346836500004, 9.292255817000068 ], [ 43.213486734000071, 9.292239641000037 ] ] ], [ [ [ 43.213492311000039, 9.292234306000068 ], [ 43.213486734000071, 9.292239641000037 ], [ 43.213494533000073, 9.292237746000069 ], [ 43.213492311000039, 9.292234306000068 ] ] ] ] } },
{ "type": "Feature", "properties": { "DISTRICTS": "S/Jijiga", "Zone_Name": "Fafan", "Wor_PCode": "ET0505010" }, "geometry": { "type": "Polygon", "coordinates": [ [ [ 42.809786373000065, 9.291598700000065 ], [ 42.811814197000047, 9.291065759000048 ], [ 42.81392990300003, 9.29151691800007 ], [ 42.81750366600005, 9.29284631400003 ], [ 42.82674641400007, 9.297941775000027 ], [ 42.85319884300003, 9.340408117000038 ], [ 42.87355180000003, 9.328045580000037 ], [ 42.880377880000026, 9.324212755000076 ], [ 42.882461361000026, 9.326139530000034 ], [ 42.885744324000029, 9.325259258000074 ], [ 42.889965678000067, 9.322997819000022 ], [ 42.895996184000069, 9.318324176000033 ], [ 42.898860674000048, 9.315007398000034 ], [ 42.899463725000032, 9.310032231000037 ], [ 42.903082028000028, 9.305207826000071 ], [ 42.907303382000066, 9.301438760000053 ], [ 42.917555243000038, 9.301137234000066 ], [ 42.923882681000066, 9.303333378000048 ], [ 42.946483613000055, 9.287082302000044 ], [ 43.022407835000081, 9.257184850000044 ], [ 43.070488557000033, 9.22162313900003 ], [ 43.096792557000072, 9.198986237000042 ], [ 43.088915702000065, 9.196506486000033 ], [ 43.054898715000036, 9.188103884000043 ], [ 43.028606701000058, 9.182276272000024 ], [ 43.00963308200005, 9.171569731000034 ], [ 42.985238430000038, 9.139179054000067 ], [ 42.957320106000054, 9.104484437000053 ], [ 42.926420214000075, 9.081445044000077 ], [ 42.919757, 9.072705 ], [ 42.903957823000042, 8.955561921000026 ], [ 42.917916035000076, 8.765552257000024 ], [ 42.831066552000038, 8.849633793000066 ], [ 42.715525976000038, 8.985972067000034 ], [ 42.654355744000043, 9.072390855000037 ], [ 42.630990568000072, 9.125237558000038 ], [ 42.660199916000067, 9.131737119000036 ], [ 42.678711939000038, 9.156390576000035 ], [ 42.683394563000036, 9.176447651000046 ], [ 42.684182392000025, 9.194088489000023 ], [ 42.667569193000077, 9.204443225000034 ], [ 42.63052086600004, 9.196277832000021 ], [ 42.625257740000052, 9.207807506000051 ], [ 42.61985578000008, 9.219641315000047 ], [ 42.613818857000069, 9.232866108000053 ], [ 42.608310337000034, 9.244933355000057 ], [ 42.590225416000067, 9.293795114000034 ], [ 42.601625579000029, 9.314861557000029 ], [ 42.601893012000062, 9.327564649000067 ], [ 42.608980001000077, 9.333314470000062 ], [ 42.624017901000059, 9.350048208000032 ], [ 42.62865656300005, 9.358328820000054 ], [ 42.634012832000053, 9.367331571000022 ], [ 42.65225977800003, 9.392919463000055 ], [ 42.671679247000043, 9.405602028000033 ], [ 42.686813527000027, 9.411081928000044 ], [ 42.705890941000064, 9.421250013000076 ], [ 42.711794998000073, 9.403384320000043 ], [ 42.713551237000047, 9.392634777000069 ], [ 42.703057253000054, 9.37726238700003 ], [ 42.704095823000046, 9.365790864000076 ], [ 42.708978627000079, 9.355539823000072 ], [ 42.725933229000077, 9.340105210000047 ], [ 42.747643036000056, 9.333786797000073 ], [ 42.76195986700003, 9.331857866000064 ], [ 42.772906801000033, 9.329533949000052 ], [ 42.783968523000055, 9.327189553000039 ], [ 42.784253078000063, 9.322995106000064 ], [ 42.78826841800003, 9.318236184000057 ], [ 42.790945312000076, 9.31466699300006 ], [ 42.793176057000039, 9.310056787000065 ], [ 42.796299099000066, 9.30752860900003 ], [ 42.802842617000067, 9.303513269000064 ], [ 42.806021082000029, 9.301361271000076 ], [ 42.806667080000068, 9.300244558000031 ], [ 42.808310384000038, 9.293885571000033 ], [ 42.809786373000065, 9.291598700000065 ] ] ] } },
{ "type": "Feature", "properties": { "DISTRICTS": "Gursum", "Zone_Name": "Fafan", "Wor_PCode": "ET0505004" }, "geometry": { "type": "Polygon", "coordinates": [ [ [ 42.565480323000031, 9.305470568000032 ], [ 42.57641538300004, 9.293346915000029 ], [ 42.590225416000067, 9.293795114000034 ], [ 42.608310337000034, 9.244933355000057 ], [ 42.613818857000069, 9.232866108000053 ], [ 42.61985578000008, 9.219641315000047 ], [ 42.625257740000052, 9.207807506000051 ], [ 42.63052086600004, 9.196277832000021 ], [ 42.667569193000077, 9.204443225000034 ], [ 42.684182392000025, 9.194088489000023 ], [ 42.683394563000036, 9.176447651000046 ], [ 42.678711939000038, 9.156390576000035 ], [ 42.660199916000067, 9.131737119000036 ], [ 42.630990568000072, 9.125237558000038 ], [ 42.593667063000055, 9.12136487500004 ], [ 42.591718091000075, 9.122079188000043 ], [ 42.547551920000046, 9.13826253700006 ], [ 42.533065108000073, 9.146282393000035 ], [ 42.527070863000063, 9.14960048100005 ], [ 42.505476187000056, 9.165151886000046 ], [ 42.479911633000029, 9.173924989000056 ], [ 42.424979070000063, 9.207696288000022 ], [ 42.417999408000071, 9.214531924000028 ], [ 42.411570463000032, 9.225005367000051 ], [ 42.392045350000046, 9.236148762000028 ], [ 42.380464242000073, 9.240272205000053 ], [ 42.368697560000044, 9.243437540000059 ], [ 42.330381215000045, 9.247229092000055 ], [ 42.330617535000044, 9.247834982000029 ], [ 42.408836787000041, 9.448376848000066 ], [ 42.419302385000037, 9.475208998000028 ], [ 42.427872699000034, 9.497181932000046 ], [ 42.462548130000073, 9.485423618000027 ], [ 42.493926997000074, 9.460225437000076 ], [ 42.505575213000043, 9.431936913000072 ], [ 42.521026928000026, 9.402935232000061 ], [ 42.54004442400003, 9.377974770000037 ], [ 42.556684731000075, 9.345882746000029 ], [ 42.562152261000051, 9.325914375000025 ], [ 42.565480323000031, 9.305470568000032 ] ] ] } },
{ "type": "Feature", "properties": { "DISTRICTS": "Babile", "Zone_Name": "Fafan", "Wor_PCode": "ET0505002" }, "geometry": { "type": "Polygon", "coordinates": [ [ [ 42.548552063000045, 8.701939373000073 ], [ 42.547927920000063, 8.697266032000073 ], [ 42.547804806000045, 8.697268448000045 ], [ 42.531249782000032, 8.573310495000044 ], [ 42.528764, 8.553774 ], [ 42.530081513000027, 8.538738712000054 ], [ 42.414392105000047, 8.492521969000052 ], [ 42.253293454000072, 8.509864115000028 ], [ 41.99969102700004, 8.914951846000065 ], [ 42.071220284000049, 8.999821093000037 ], [ 42.143340795000029, 9.085391861000062 ], [ 42.145070242000031, 9.086888270000031 ], [ 42.146319798000036, 9.088370865000059 ], [ 42.15237340200008, 9.093608762000031 ], [ 42.157445218000078, 9.097997165000038 ], [ 42.161228265000034, 9.101270457000055 ], [ 42.167403388000025, 9.106613498000058 ], [ 42.171347569000034, 9.110026211000047 ], [ 42.176102802000059, 9.114140690000056 ], [ 42.179385697000043, 9.116981224000028 ], [ 42.186820672000067, 9.123414356000069 ], [ 42.189586664000046, 9.125807638000026 ], [ 42.194707139000059, 9.130238142000053 ], [ 42.199488596000037, 9.134375312000031 ], [ 42.20601789300008, 9.140024803000074 ], [ 42.209829059000072, 9.143322425000065 ], [ 42.219160164000073, 9.151396189000025 ], [ 42.227593030000037, 9.158692750000057 ], [ 42.233110390000036, 9.163466659000051 ], [ 42.249861094000039, 9.177960252000048 ], [ 42.254079680000075, 9.181610395000064 ], [ 42.264229096000065, 9.190392205000023 ], [ 42.269905063000067, 9.195303351000064 ], [ 42.276342692000071, 9.200873527000056 ], [ 42.282184845000074, 9.205928466000046 ], [ 42.289089654000065, 9.211902871000063 ], [ 42.29519278500004, 9.217183620000071 ], [ 42.303718635000052, 9.224560635000046 ], [ 42.311427649000052, 9.231230881000045 ], [ 42.316350260000036, 9.235490184000071 ], [ 42.32059909700007, 9.239166501000057 ], [ 42.328229538000073, 9.245768761000022 ], [ 42.330617535000044, 9.247834982000029 ], [ 42.330381215000045, 9.247229092000055 ], [ 42.368697560000044, 9.243437540000059 ], [ 42.380464242000073, 9.240272205000053 ], [ 42.392045350000046, 9.236148762000028 ], [ 42.411570463000032, 9.225005367000051 ], [ 42.417999408000071, 9.214531924000028 ], [ 42.424979070000063, 9.207696288000022 ], [ 42.479911633000029, 9.173924989000056 ], [ 42.505476187000056, 9.165151886000046 ], [ 42.527070863000063, 9.14960048100005 ], [ 42.533065108000073, 9.146282393000035 ], [ 42.556990711000026, 9.078426463000028 ], [ 42.541599243000064, 9.016549212000029 ], [ 42.550896842000043, 8.920579333000035 ], [ 42.569712582000079, 8.860381171000029 ], [ 42.569019749000063, 8.855193504000056 ], [ 42.568355956000062, 8.850223281000069 ], [ 42.56723641800005, 8.841840607000051 ], [ 42.56638226900003, 8.835445070000048 ], [ 42.565690687000028, 8.830266770000037 ], [ 42.565011908000031, 8.825184341000067 ], [ 42.56418960700006, 8.819027264000056 ], [ 42.563190483000028, 8.811546209000028 ], [ 42.562472571000058, 8.806170760000043 ], [ 42.561711467000066, 8.800471908000077 ], [ 42.560981168000069, 8.79500371000006 ], [ 42.56033069700004, 8.790133241000035 ], [ 42.559594571000048, 8.784621410000057 ], [ 42.55895950300004, 8.779866268000035 ], [ 42.558263965000037, 8.774658346000024 ], [ 42.557541578000041, 8.769249392000063 ], [ 42.556513520000067, 8.761551694000048 ], [ 42.55392678100003, 8.742183185000044 ], [ 42.55230085900007, 8.730008916000031 ], [ 42.551545756000053, 8.724354993000077 ], [ 42.550539386000025, 8.716819681000061 ], [ 42.548552063000045, 8.701939373000073 ] ] ] } },
{ "type": "Feature", "properties": { "DISTRICTS": "Degahbur", "Zone_Name": "Jarar", "Wor_PCode": "ET0506006" }, "geometry": { "type": "Polygon", "coordinates": [ [ [ 43.624944711000069, 8.451502687000072 ], [ 43.634208428000079, 8.408889586000043 ], [ 43.67867427300007, 8.408889586000043 ], [ 43.687937991000069, 8.392214894000062 ], [ 43.71943463100007, 8.394067638000024 ], [ 43.734256579000032, 8.371834715000034 ], [ 43.73821706800004, 8.352984551000077 ], [ 43.751504713000031, 8.34282341100004 ], [ 43.761665853000068, 8.320937878000052 ], [ 43.778080003000071, 8.315466494000077 ], [ 43.797620657000039, 8.288891204000038 ], [ 43.81090830200003, 8.282638195000061 ], [ 43.838072728000043, 8.254647136000074 ], [ 43.85964296700007, 8.122675479000065 ], [ 43.88656067900007, 7.95781009500007 ], [ 43.891674, 7.926507 ], [ 43.857424820000062, 7.813541273000055 ], [ 43.639326274000041, 7.812171067000065 ], [ 43.49665832200003, 7.813316057000065 ], [ 43.397197342000027, 7.850272203000031 ], [ 43.299263415000041, 7.86759762500003 ], [ 43.278222139000036, 8.104628179000031 ], [ 43.277686108000069, 8.10632617400006 ], [ 43.27619472300006, 8.111050455000054 ], [ 43.275009115000046, 8.114806121000072 ], [ 43.339652723000029, 8.157854096000051 ], [ 43.396759787000065, 8.273971793000044 ], [ 43.428168672000027, 8.331078858000069 ], [ 43.449107929000036, 8.373909156000025 ], [ 43.486227521000046, 8.45195547700007 ], [ 43.490986443000054, 8.484316146000026 ], [ 43.494793580000078, 8.524291091000066 ], [ 43.46589655300005, 8.609174991000032 ], [ 43.555362578000029, 8.623242855000058 ], [ 43.557008121000081, 8.619424928000058 ], [ 43.565656917000069, 8.571931016000065 ], [ 43.593448070000079, 8.533023403000072 ], [ 43.60085904400006, 8.471882866000044 ], [ 43.624944711000069, 8.451502687000072 ] ] ] } },
{ "type": "Feature", "properties": { "DISTRICTS": "Degahmadow", "Zone_Name": "Jarar", "Wor_PCode": "ET0506007" }, "geometry": { "type": "Polygon", "coordinates": [ [ [ 42.882478549000041, 8.473605333000023 ], [ 43.10067699800004, 8.462797203000036 ], [ 43.073534715000051, 8.464138590000061 ], [ 43.073543206000068, 8.464091741000061 ], [ 43.073696442000028, 8.463246253000023 ], [ 43.074615431000041, 8.458175665000056 ], [ 43.085521676000042, 8.435702241000058 ], [ 43.093337960000042, 8.426930373000062 ], [ 43.097545667000077, 8.416416114000072 ], [ 43.102039332000061, 8.400045311000042 ], [ 43.103694972000028, 8.38837815100004 ], [ 43.102661142000045, 8.373435055000073 ], [ 43.10484692700004, 8.368665640000074 ], [ 43.11302571300007, 8.364032682000072 ], [ 43.115890575000037, 8.359738413000059 ], [ 43.119937821000065, 8.354322429000035 ], [ 43.124641465000025, 8.340429227000072 ], [ 43.132637110000076, 8.333726909000063 ], [ 43.138141546000043, 8.324902499000075 ], [ 43.152626129000055, 8.29677381700003 ], [ 43.157332644000064, 8.284793989000036 ], [ 43.166831936000051, 8.260607720000053 ], [ 43.174774095000032, 8.246100457000068 ], [ 43.183712094000043, 8.238270754000041 ], [ 43.19789125300008, 8.21289069900007 ], [ 43.210170772000026, 8.199857636000047 ], [ 43.22540285000008, 8.188727426000071 ], [ 43.238189645000034, 8.173641256000053 ], [ 43.24771505700005, 8.160086554000031 ], [ 43.254539469000065, 8.153815344000066 ], [ 43.258697469000026, 8.15322018300003 ], [ 43.261535682000044, 8.150071065000077 ], [ 43.262647542000025, 8.143735512000035 ], [ 43.264114557000028, 8.135376231000066 ], [ 43.26550676200003, 8.127443228000061 ], [ 43.267108650000068, 8.125312889000043 ], [ 43.268934472000069, 8.122884743000043 ], [ 43.271379780000075, 8.119632745000047 ], [ 43.275009115000046, 8.114806121000072 ], [ 43.27619472300006, 8.111050455000054 ], [ 43.277686108000069, 8.10632617400006 ], [ 43.278222139000036, 8.104628179000031 ], [ 43.299263415000041, 7.86759762500003 ], [ 43.317873, 7.657317 ], [ 43.308407647000081, 7.660950166000021 ], [ 43.309624876000044, 7.661229115000026 ], [ 43.125978418000045, 7.74833330000007 ], [ 42.950230866000027, 7.831691004000049 ], [ 42.878285093000045, 7.865815146000045 ], [ 42.711717, 7.944819 ], [ 42.70412549100007, 7.945339448000027 ], [ 42.691596897000068, 7.967356253000048 ], [ 42.68920907100005, 7.99165447200005 ], [ 42.693325113000071, 7.999999956000067 ], [ 42.693885876000024, 8.004258126000025 ], [ 42.691917441000044, 8.011857060000068 ], [ 42.701644894000026, 8.032600378000041 ], [ 42.70354995100007, 8.042363219000038 ], [ 42.704368573000067, 8.04655840700002 ], [ 42.702861865000045, 8.054151482000066 ], [ 42.697948432000032, 8.065463133000037 ], [ 42.694999653000025, 8.068716957000049 ], [ 42.686523381000029, 8.072047326000074 ], [ 42.680618265000078, 8.077865691000056 ], [ 42.674669820000076, 8.089228438000021 ], [ 42.686720716000025, 8.121641932000045 ], [ 42.761003176000031, 8.321440693000056 ], [ 42.882478549000041, 8.473605333000023 ] ] ] } },
{ "type": "Feature", "properties": { "DISTRICTS": "Aware", "Zone_Name": "Jarar", "Wor_PCode": "ET0506002" }, "geometry": { "type": "Polygon", "coordinates": [ [ [ 44.328032337000025, 8.22999500700007 ], [ 44.356290706000038, 8.184731208000073 ], [ 44.36341632400007, 8.185467071000062 ], [ 44.425432845000046, 8.133242520000067 ], [ 44.432020378000061, 8.034429532000047 ], [ 44.474839339000027, 7.994904337000037 ], [ 44.471545573000071, 7.925735246000045 ], [ 44.412628642000072, 7.922306564000053 ], [ 44.405490259000032, 7.899106819000053 ], [ 44.384669975000065, 7.878881400000068 ], [ 44.375746997000078, 7.850327868000022 ], [ 44.361470231000055, 7.82653325800004 ], [ 44.347788330000071, 7.80928216600006 ], [ 44.33255924000008, 7.791862459000072 ], [ 44.260962931000051, 7.850217843000053 ], [ 44.090731685000037, 7.890924432000077 ], [ 43.891674, 7.926507 ], [ 43.88656067900007, 7.95781009500007 ], [ 43.85964296700007, 8.122675479000065 ], [ 43.946262102000048, 8.155110498000056 ], [ 43.966338397000072, 8.192491609000058 ], [ 43.983543112000064, 8.226993354000058 ], [ 43.997867244000076, 8.282671433000075 ], [ 44.010373263000076, 8.324358162000067 ], [ 44.019752777000065, 8.339990686000021 ], [ 44.014541935000068, 8.378550911000048 ], [ 44.019752777000065, 8.39418343400007 ], [ 44.092762451000056, 8.334162263000053 ], [ 44.128606021000053, 8.325970404000032 ], [ 44.162572806000071, 8.321576487000073 ], [ 44.196567689000062, 8.303140455000062 ], [ 44.221599278000042, 8.280216783000071 ], [ 44.249797268000066, 8.275165515000026 ], [ 44.298517584000081, 8.257385504000069 ], [ 44.328032337000025, 8.22999500700007 ] ] ] } },
{ "type": "Feature", "properties": { "DISTRICTS": "Danod", "Zone_Name": "Doollo", "Wor_PCode": "ET0503002" }, "geometry": { "type": "Polygon", "coordinates": [ [ [ 46.092991763000043, 8.307731017000037 ], [ 46.093238232000033, 8.307649773000037 ], [ 46.093251448000046, 8.307711592000032 ], [ 46.099128723000035, 8.307271957000069 ], [ 46.107706664000034, 8.302925316000028 ], [ 46.107675427000061, 8.302890865000052 ], [ 46.107959333000053, 8.302797282000029 ], [ 46.113739014000032, 8.299868584000023 ], [ 46.15005874600007, 8.287952423000036 ], [ 46.189411163000045, 8.275033951000069 ], [ 46.193370819000052, 8.271866799000065 ], [ 46.211853027000075, 8.267944336000028 ], [ 46.227272034000066, 8.263104439000074 ], [ 46.239379883000026, 8.259303093000028 ], [ 46.269950866000045, 8.248594284000035 ], [ 46.293991089000031, 8.240171432000068 ], [ 46.329830170000037, 8.229549408000025 ], [ 46.34627914400005, 8.222381592000033 ], [ 46.389907837000067, 8.208386421000057 ], [ 46.436686644000076, 8.193370052000034 ], [ 46.366196, 8.101266 ], [ 46.329358, 8.010015 ], [ 46.265117273000044, 7.887809866000055 ], [ 46.228844509000055, 7.769240852000053 ], [ 46.150448, 7.666755 ], [ 46.150233076000063, 7.666572666000036 ], [ 46.150233772000036, 7.666571616000056 ], [ 46.150112550000074, 7.666467847000035 ], [ 46.150094572000057, 7.666452457000048 ], [ 46.149826972000028, 7.66622338600007 ], [ 46.14937425200003, 7.665835848000029 ], [ 46.149356126000043, 7.665820332000067 ], [ 46.136104624000041, 7.654476749000025 ], [ 46.13418123200006, 7.652830282000025 ], [ 46.112294569000028, 7.634094807000054 ], [ 46.095260549000045, 7.619513303000076 ], [ 46.071785672000033, 7.599418281000055 ], [ 46.053128173000061, 7.583447043000035 ], [ 46.039105796000058, 7.571443573000067 ], [ 46.025718510000047, 7.559983757000055 ], [ 46.01542, 7.551168 ], [ 46.012344709000047, 7.549250265000069 ], [ 45.751293836000059, 7.386460399000043 ], [ 45.716630268000074, 7.341529553000044 ], [ 45.681221532000052, 7.390562031000059 ], [ 45.658949777000032, 7.421399846000043 ], [ 45.63210945700007, 7.445955884000057 ], [ 45.575002393000034, 7.451666590000059 ], [ 45.543022437000047, 7.426539482000067 ], [ 45.539024942000026, 7.411120575000041 ], [ 45.531601024000054, 7.376285265000035 ], [ 45.51125101100007, 7.319138108000061 ], [ 45.502244178000069, 7.321671280000032 ], [ 45.472202276000075, 7.341933435000044 ], [ 45.442153454000049, 7.354800579000027 ], [ 45.427142066000044, 7.363807412000028 ], [ 45.439151176000053, 7.386824873000023 ], [ 45.457932911000057, 7.426539482000067 ], [ 45.467070042000046, 7.462516932000028 ], [ 45.464214688000027, 7.48593082900004 ], [ 45.405394412000078, 7.496781171000066 ], [ 45.351713772000039, 7.487644041000067 ], [ 45.321911997000029, 7.455516325000076 ], [ 45.17109387000005, 7.371552895000036 ], [ 45.185307479000073, 7.341059844000029 ], [ 44.993604110000035, 7.293675410000048 ], [ 44.961614148000081, 7.275476090000041 ], [ 44.866771216000075, 7.232991845000072 ], [ 44.845211362000043, 7.241712630000052 ], [ 44.795771546000026, 7.37455553500007 ], [ 44.866936644000077, 7.490198819000057 ], [ 44.941135163000069, 7.555354728000054 ], [ 44.958108300000049, 7.558209956000042 ], [ 44.967679215000032, 7.567914583000061 ], [ 44.97529349000007, 7.573625289000063 ], [ 44.985119264000048, 7.58143552000007 ], [ 44.981480088000069, 7.595992222000064 ], [ 44.981004196000072, 7.613124342000049 ], [ 44.973865813000032, 7.646436796000046 ], [ 44.964347969000073, 7.673562651000054 ], [ 44.96103215100004, 7.692973427000027 ], [ 44.965204947000075, 7.702231967000046 ], [ 44.969304554000075, 7.71132811700005 ], [ 44.98074911100008, 7.736721139000053 ], [ 45.354529269000068, 7.656731530000059 ], [ 45.460023800000045, 7.663412176000065 ], [ 45.61482120200003, 7.651511440000036 ], [ 45.63605147800007, 7.69887076200007 ], [ 45.665351643000065, 7.75890630300006 ], [ 45.681846859000075, 7.792704721000064 ], [ 45.743864138000049, 7.857743493000044 ], [ 45.752561717000049, 7.866864819000057 ], [ 45.757982458000072, 7.872549659000072 ], [ 45.77544720800006, 7.892570548000037 ], [ 45.81869894700003, 7.942152605000047 ], [ 45.917993714000033, 7.995385518000035 ], [ 45.98008774200008, 8.064666380000062 ], [ 46.010296414000038, 8.098371438000072 ], [ 46.010658489000036, 8.098775420000038 ], [ 46.008589855000025, 8.113945320000028 ], [ 46.021233616000075, 8.232295025000042 ], [ 46.088508606000062, 8.308066368000027 ], [ 46.092991763000043, 8.307731017000037 ] ] ] } },
{ "type": "Feature", "properties": { "DISTRICTS": "Bokh", "Zone_Name": "Doollo", "Wor_PCode": "ET0503001" }, "geometry": { "type": "Polygon", "coordinates": [ [ [ 46.919351154000026, 7.600127544000031 ], [ 47.023571546000028, 7.451649177000036 ], [ 47.123508908000076, 7.350284138000063 ], [ 47.177760619000026, 7.314592223000034 ], [ 47.207741828000053, 7.284611014000063 ], [ 47.248902573000066, 7.243516631000034 ], [ 47.173518036000075, 7.166168055000071 ], [ 47.119169681000074, 7.110403729000041 ], [ 47.049686875000077, 7.03911064600004 ], [ 47.009541597000066, 6.997919438000054 ], [ 46.998720835000029, 7.004054107000059 ], [ 46.982524458000057, 7.01323639900005 ], [ 46.980026, 7.017028 ], [ 46.615902, 7.337212 ], [ 46.18694, 7.486151 ], [ 46.01542, 7.551168 ], [ 46.150448, 7.666755 ], [ 46.228844509000055, 7.769240852000053 ], [ 46.265117273000044, 7.887809866000055 ], [ 46.329358, 8.010015 ], [ 46.366196, 8.101266 ], [ 46.436686644000076, 8.193370052000034 ], [ 46.450801849000072, 8.188838959000066 ], [ 46.456138611000029, 8.18545341500004 ], [ 46.48062896700003, 8.179280281000047 ], [ 46.484119415000066, 8.176562309000076 ], [ 46.509204865000072, 8.167610168000067 ], [ 46.524131774000068, 8.162285805000067 ], [ 46.574217273000045, 8.147533216000056 ], [ 46.574876614000061, 8.147339009000063 ], [ 46.579128266000055, 8.146086693000029 ], [ 46.581784584000047, 8.14469026300003 ], [ 46.584757744000058, 8.143127271000026 ], [ 46.587699890000067, 8.141580582000074 ], [ 46.592938237000055, 8.139640413000052 ], [ 46.602066577000073, 8.136259477000067 ], [ 46.614277064000078, 8.131736981000074 ], [ 46.61545181300005, 8.131301880000024 ], [ 46.629081726000038, 8.127763748000064 ], [ 46.643087771000069, 8.122829914000022 ], [ 46.668528411000068, 8.113868078000053 ], [ 46.671699524000076, 8.112751006000053 ], [ 46.688202475000026, 8.10693758900004 ], [ 46.713647877000028, 8.097974054000076 ], [ 46.72049060900008, 8.095531349000055 ], [ 46.721566522000046, 8.095184590000031 ], [ 46.748485565000067, 8.085701942000071 ], [ 46.750205994000055, 8.085095405000061 ], [ 46.763137817000029, 8.081773758000054 ], [ 46.784482213000047, 8.074205476000031 ], [ 46.804018202000066, 8.067278418000058 ], [ 46.821311736000041, 8.061146490000056 ], [ 46.838861308000048, 8.054923774000031 ], [ 46.855325724000068, 8.049085833000049 ], [ 46.870250338000062, 8.043793181000069 ], [ 46.878425831000072, 8.040891690000024 ], [ 46.879307275000031, 8.040578864000054 ], [ 46.88124976000006, 8.039889474000063 ], [ 46.882665007000071, 8.039387202000057 ], [ 46.884097738000037, 8.038878724000028 ], [ 46.885217050000051, 8.038481479000041 ], [ 46.88579509300007, 8.038276331000077 ], [ 46.886841051000033, 8.037905119000072 ], [ 46.886981568000067, 8.037855250000064 ], [ 46.88702977500003, 8.037838141000066 ], [ 46.887115566000034, 8.037807693000047 ], [ 46.889308930000027, 8.037029266000047 ], [ 46.903003059000071, 8.033184808000044 ], [ 46.903089697000041, 8.033160485000053 ], [ 46.903169044000038, 8.033138210000061 ], [ 46.903576102000045, 8.033023933000038 ], [ 46.904548781000074, 8.032750865000025 ], [ 46.906706834000033, 8.032145019000041 ], [ 46.908696908000081, 8.031586330000039 ], [ 46.910826636000081, 8.03098843500004 ], [ 46.912619364000079, 8.030485149000071 ], [ 46.914653899000029, 8.029913978000025 ], [ 46.916668353000034, 8.029348445000039 ], [ 46.918628693000073, 8.028798103000042 ], [ 46.91938117400008, 8.028525458000047 ], [ 46.920431060000055, 8.028145056000028 ], [ 46.920930066000039, 8.027964252000061 ], [ 46.920986937000066, 8.02794364600004 ], [ 46.953181530000052, 8.016278656000054 ], [ 46.953386247000026, 8.016203490000066 ], [ 46.953388008000047, 8.016203843000028 ], [ 46.953765987000054, 8.016066891000037 ], [ 46.954091565000056, 8.015948925000032 ], [ 46.956309155000042, 8.015145431000064 ], [ 46.958791216000066, 8.014246111000034 ], [ 46.961301139000057, 8.013336697000057 ], [ 46.964280138000049, 8.012257323000028 ], [ 46.967013319000046, 8.011267016000033 ], [ 46.969360402000063, 8.010416603000067 ], [ 46.97046606300006, 8.010015992000035 ], [ 46.971404457000062, 8.009675986000047 ], [ 46.972923713000057, 8.00912551700003 ], [ 46.97431040500004, 8.008623080000064 ], [ 46.975411945000076, 8.008223962000045 ], [ 46.976285812000071, 8.007907336000073 ], [ 46.977336871000034, 8.007526508000069 ], [ 46.978024645000062, 8.007277309000074 ], [ 46.97918641900003, 8.006856365000033 ], [ 46.980677095000033, 8.006316252000033 ], [ 46.981668993000028, 8.005956860000026 ], [ 46.98277755600003, 8.005555197000035 ], [ 46.983813350000048, 8.005179901000076 ], [ 46.984829561000026, 8.004811699000072 ], [ 46.985851113000081, 8.004441563000057 ], [ 46.987095924000073, 8.003990533000035 ], [ 46.98812652600003, 8.003617205000069 ], [ 46.989057728000034, 8.003280046000043 ], [ 46.989201087000026, 8.003228140000033 ], [ 46.989507194000055, 8.003117308000071 ], [ 46.989643730000068, 8.003067872000031 ], [ 46.989643099000034, 8.003067471000065 ], [ 46.989669799000069, 8.003058434000025 ], [ 46.989700317000029, 8.0 ], [ 47.0, 8.0 ], [ 47.012390137000068, 8.0 ], [ 47.045224641000061, 8.0 ], [ 46.953377447000037, 7.84705611000004 ], [ 46.919351154000026, 7.600127544000031 ] ] ] } },
{ "type": "Feature", "properties": { "DISTRICTS": "Galadi", "Zone_Name": "Doollo", "Wor_PCode": "ET0503004" }, "geometry": { "type": "Polygon", "coordinates": [ [ [ 46.446196343000054, 6.419896910000034 ], [ 46.37824131800005, 6.350171379000074 ], [ 46.378241130000049, 6.350171396000064 ], [ 46.295870686000058, 6.357855548000032 ], [ 45.993001293000077, 6.506611340000063 ], [ 45.987849577000077, 6.541528526000036 ], [ 45.936254881000025, 6.682079595000062 ], [ 45.900672332000056, 6.820851536000021 ], [ 45.897114077000026, 6.943611330000067 ], [ 45.902451459000076, 7.078825016000053 ], [ 45.873985420000054, 7.135757094000041 ], [ 45.802820323000049, 7.171339643000067 ], [ 45.76545864600007, 7.217596957000069 ], [ 45.731181433000074, 7.27307428000006 ], [ 45.731221423000079, 7.27311340600005 ], [ 45.731137034000028, 7.273146138000072 ], [ 45.716630268000074, 7.341529553000044 ], [ 45.751293836000059, 7.386460399000043 ], [ 46.012344709000047, 7.549250265000069 ], [ 46.01542, 7.551168 ], [ 46.18694, 7.486151 ], [ 46.615902, 7.337212 ], [ 46.980026, 7.017028 ], [ 46.978523995000046, 7.015504402000033 ], [ 46.982524458000057, 7.01323639900005 ], [ 46.998720835000029, 7.004054107000059 ], [ 47.009541597000066, 6.997919438000054 ], [ 46.968336716000067, 6.955641022000066 ], [ 46.837772020000045, 6.821678964000057 ], [ 46.797237396000071, 6.78009271600007 ], [ 46.794769287000065, 6.777562618000047 ], [ 46.670811508000043, 6.650369230000024 ], [ 46.496341705000077, 6.471348762000048 ], [ 46.486934241000029, 6.461696196000048 ], [ 46.47895813000008, 6.453513146000034 ], [ 46.474595114000067, 6.449035585000047 ], [ 46.446196343000054, 6.419896910000034 ] ] ] } },
{ "type": "Feature", "properties": { "DISTRICTS": "Warder", "Zone_Name": "Doollo", "Wor_PCode": "ET0503007" }, "geometry": { "type": "Polygon", "coordinates": [ [ [ 45.873985420000054, 7.135757094000041 ], [ 45.902451459000076, 7.078825016000053 ], [ 45.897114077000026, 6.943611330000067 ], [ 45.900672332000056, 6.820851536000021 ], [ 45.936254881000025, 6.682079595000062 ], [ 45.987849577000077, 6.541528526000036 ], [ 45.993001293000077, 6.506611340000063 ], [ 46.295870686000058, 6.357855548000032 ], [ 46.378241130000049, 6.350171396000064 ], [ 46.209443400000055, 6.176976319000062 ], [ 46.208521274000077, 6.176030175000051 ], [ 46.042170007000038, 6.005345985000076 ], [ 45.845194608000043, 6.113624457000071 ], [ 45.542771194000068, 6.29778806500002 ], [ 45.408316514000035, 6.302353830000072 ], [ 45.403025317000072, 6.483258001000024 ], [ 45.437700922000033, 6.506375071000036 ], [ 45.489097280000067, 6.533025034000048 ], [ 45.491952633000039, 6.589180314000032 ], [ 45.506229399000063, 6.667226635000077 ], [ 45.424375941000051, 6.730996190000042 ], [ 45.344426051000028, 6.74336938700003 ], [ 45.264476161000061, 6.746224740000059 ], [ 45.205465528000047, 6.756694369000058 ], [ 45.112190657000042, 6.78048897900004 ], [ 45.055083593000063, 6.804283589000022 ], [ 45.014156863000039, 6.813801433000037 ], [ 44.81647511500006, 6.789758912000025 ], [ 44.807498833000068, 6.964515686000027 ], [ 44.839791683000044, 7.068374268000071 ], [ 44.871618237000064, 7.170733171000052 ], [ 44.863882889000081, 7.191520326000045 ], [ 44.919484941000064, 7.194611313000053 ], [ 44.918408815000078, 7.212104858000032 ], [ 44.866771216000075, 7.232991845000072 ], [ 44.961614148000081, 7.275476090000041 ], [ 44.993604110000035, 7.293675410000048 ], [ 45.185307479000073, 7.341059844000029 ], [ 45.25732997700004, 7.084150880000038 ], [ 45.377478760000031, 7.082857269000044 ], [ 45.392525528000078, 7.094540642000027 ], [ 45.533966160000034, 7.26133384000002 ], [ 45.541972233000081, 7.290689444000066 ], [ 45.520274845000074, 7.316584645000034 ], [ 45.51125101100007, 7.319138108000061 ], [ 45.531601024000054, 7.376285265000035 ], [ 45.539024942000026, 7.411120575000041 ], [ 45.543022437000047, 7.426539482000067 ], [ 45.575002393000034, 7.451666590000059 ], [ 45.63210945700007, 7.445955884000057 ], [ 45.658949777000032, 7.421399846000043 ], [ 45.681221532000052, 7.390562031000059 ], [ 45.716630268000074, 7.341529553000044 ], [ 45.731137034000028, 7.273146138000072 ], [ 45.731181433000074, 7.27307428000006 ], [ 45.76545864600007, 7.217596957000069 ], [ 45.802820323000049, 7.171339643000067 ], [ 45.873985420000054, 7.135757094000041 ] ] ] } },
{ "type": "Feature", "properties": { "DISTRICTS": "Shaygosh", "Zone_Name": "Korahea", "Wor_PCode": "ET0507009" }, "geometry": { "type": "Polygon", "coordinates": [ [ [ 44.141832091000026, 7.144763081000065 ], [ 44.121909865000077, 7.132983231000026 ], [ 44.041393546000052, 7.164986083000031 ], [ 43.928131202000031, 7.260164523000071 ], [ 43.856747372000029, 7.310609096000064 ], [ 43.759562974000062, 7.380985609000049 ], [ 43.824949814000036, 7.441101662000051 ], [ 43.932918, 7.558652 ], [ 44.096081, 7.565763 ], [ 44.102883102000078, 7.567593746000057 ], [ 44.139183970000033, 7.534394640000073 ], [ 44.159564149000062, 7.504750744000035 ], [ 44.194766276000053, 7.488076052000054 ], [ 44.207735481000043, 7.458432156000072 ], [ 44.239232120000054, 7.441757464000034 ], [ 44.250348582000072, 7.395438876000071 ], [ 44.279992478000054, 7.382469671000024 ], [ 44.292961683000044, 7.347267544000033 ], [ 44.323904126000059, 7.339827681000031 ], [ 44.212214154000037, 7.192646855000021 ], [ 44.171186831000057, 7.168909488000054 ], [ 44.141832091000026, 7.144763081000065 ] ] ] } },
{ "type": "Feature", "properties": { "DISTRICTS": "Ferfer", "Zone_Name": "Shabelle", "Wor_PCode": "ET0510007" }, "geometry": { "type": "Polygon", "coordinates": [ [ [ 45.407812995000029, 5.356893964000051 ], [ 45.389573572000074, 5.336381495000069 ], [ 45.386207102000071, 5.337485169000047 ], [ 45.38574111500003, 5.336998755000025 ], [ 45.389481181000065, 5.336277590000066 ], [ 45.363578061000055, 5.309381568000049 ], [ 45.34535562700006, 5.290543405000051 ], [ 45.327576444000044, 5.272163470000066 ], [ 45.324310827000033, 5.268787510000038 ], [ 45.135452351000026, 5.075008653000054 ], [ 45.135042157000044, 5.075309957000059 ], [ 45.135027552000054, 5.075294712000073 ], [ 45.135344699000029, 5.074898197000039 ], [ 45.048179626000035, 4.985462188000042 ], [ 44.981739044000051, 4.917295933000048 ], [ 44.774159439000073, 4.926606500000048 ], [ 44.835056900000041, 5.070553113000074 ], [ 44.853070566000042, 5.108081583000057 ], [ 44.892668248000064, 5.31678929800006 ], [ 44.920425060000071, 5.437556433000054 ], [ 44.920423299000049, 5.437558674000059 ], [ 44.89876305100006, 5.497207139000068 ], [ 44.898920415000077, 5.497355041000048 ], [ 44.895693318000042, 5.505660635000027 ], [ 44.956365178000055, 5.507303307000029 ], [ 45.057271, 5.449688 ], [ 45.196024, 5.419733 ], [ 45.274521, 5.402786 ], [ 45.359623, 5.37543 ], [ 45.40618061400005, 5.360463290000041 ], [ 45.407812995000029, 5.356893964000051 ] ] ] } },
{ "type": "Feature", "properties": { "DISTRICTS": "Mustahil", "Zone_Name": "Shabelle", "Wor_PCode": "ET0510010" }, "geometry": { "type": "Polygon", "coordinates": [ [ [ 44.813376, 5.523101 ], [ 44.873341569000047, 5.505051432000073 ], [ 44.873344699000029, 5.505053994000036 ], [ 44.895693318000042, 5.505660635000027 ], [ 44.898920415000077, 5.497355041000048 ], [ 44.89876305100006, 5.497207139000068 ], [ 44.920423299000049, 5.437558674000059 ], [ 44.920425060000071, 5.437556433000054 ], [ 44.892668248000064, 5.31678929800006 ], [ 44.853070566000042, 5.108081583000057 ], [ 44.835056900000041, 5.070553113000074 ], [ 44.774159439000073, 4.926606500000048 ], [ 44.58755874600007, 4.934976101000075 ], [ 44.326547122000079, 4.946683342000028 ], [ 44.440848505000076, 5.236547039000072 ], [ 44.478877354000076, 5.318609294000055 ], [ 44.491859226000031, 5.342201751000061 ], [ 44.504893410000079, 5.365889275000029 ], [ 44.509539591000078, 5.374332959000071 ], [ 44.514571268000054, 5.383413346000054 ], [ 44.574117093000041, 5.464927105000072 ], [ 44.639009451000049, 5.482924957000023 ], [ 44.64599318900008, 5.483469208000031 ], [ 44.769396254000071, 5.49308615800004 ], [ 44.813376, 5.523101 ] ] ] } },
{ "type": "Feature", "properties": { "DISTRICTS": "Qalafo", "Zone_Name": "Shabelle", "Wor_PCode": "ET0510009" }, "geometry": { "type": "Polygon", "coordinates": [ [ [ 44.440848505000076, 5.236547039000072 ], [ 44.326547122000079, 4.946683342000028 ], [ 44.243198395000036, 4.950421810000023 ], [ 44.030281067000033, 4.959679126000026 ], [ 44.015136719000054, 4.96043682100003 ], [ 44.009555817000034, 4.959356785000068 ], [ 44.007583618000069, 4.958975792000047 ], [ 43.825921747000052, 4.913026435000063 ], [ 43.873354, 5.25952 ], [ 43.91389950000007, 5.501049849000026 ], [ 43.885431787000073, 5.648243618000038 ], [ 43.890849125000045, 5.701519801000074 ], [ 43.904446213000028, 5.731306631000052 ], [ 43.94347582100005, 5.794354460000022 ], [ 43.964491764000059, 5.807364330000041 ], [ 44.00352137200008, 5.832383309000022 ], [ 44.086584385000037, 5.887425065000059 ], [ 44.152856271000076, 5.925247797000054 ], [ 44.195622277000041, 5.687602539000068 ], [ 44.357425626000065, 5.628116014000057 ], [ 44.440866068000048, 5.612883927000041 ], [ 44.566585689000078, 5.477280886000074 ], [ 44.574117093000041, 5.464927105000072 ], [ 44.514571268000054, 5.383413346000054 ], [ 44.509539591000078, 5.374332959000071 ], [ 44.504893410000079, 5.365889275000029 ], [ 44.491859226000031, 5.342201751000061 ], [ 44.478877354000076, 5.318609294000055 ], [ 44.440848505000076, 5.236547039000072 ] ] ] } },
{ "type": "Feature", "properties": { "DISTRICTS": "Godey", "Zone_Name": "Shabelle", "Wor_PCode": "ET0510008" }, "geometry": { "type": "Polygon", "coordinates": [ [ [ 43.927873024000064, 5.96326689700004 ], [ 44.015337970000076, 5.948543659000052 ], [ 44.152856271000076, 5.925247797000054 ], [ 44.086584385000037, 5.887425065000059 ], [ 44.00352137200008, 5.832383309000022 ], [ 43.964491764000059, 5.807364330000041 ], [ 43.94347582100005, 5.794354460000022 ], [ 43.904446213000028, 5.731306631000052 ], [ 43.890849125000045, 5.701519801000074 ], [ 43.883467, 5.708428 ], [ 43.820819, 5.758412 ], [ 43.774869, 5.811186 ], [ 43.733108, 5.836171 ], [ 43.713520699000071, 5.846845745000053 ], [ 43.66885721400007, 5.857290744000068 ], [ 43.668858, 5.857291287000066 ], [ 43.656301769000038, 5.862553460000072 ], [ 43.62609377900003, 5.860822656000039 ], [ 43.62609363200005, 5.860822462000044 ], [ 43.60923, 5.8689 ], [ 43.597729314000048, 5.874717506000025 ], [ 43.585706643000037, 5.883233564000022 ], [ 43.561561113000039, 5.901467947000071 ], [ 43.537515773000052, 5.913290240000038 ], [ 43.499944928000048, 5.930923490000055 ], [ 43.498241716000052, 5.933428212000024 ], [ 43.476229358000069, 5.957320178000032 ], [ 43.472766591000038, 5.95741911500005 ], [ 43.47038372600008, 5.95503 ], [ 43.466167503000065, 5.950838622000049 ], [ 43.457695011000055, 5.948439645000065 ], [ 43.450118946000032, 5.948349870000072 ], [ 43.43719096600006, 5.95348651200004 ], [ 43.43024964600005, 5.955949782000062 ], [ 43.424335564000046, 5.95287509700006 ], [ 43.420253731000059, 5.948457788000042 ], [ 43.412174170000071, 5.951811405000058 ], [ 43.413890503000061, 5.957596626000054 ], [ 43.493325688000027, 6.309448922000058 ], [ 43.511194750000072, 6.355093036000028 ], [ 43.617517, 6.370002 ], [ 43.634624209000037, 6.309269948000065 ], [ 43.634009589000073, 6.289253055000074 ], [ 43.635240795000072, 6.267155693000063 ], [ 43.680186931000037, 6.217612492000058 ], [ 43.692306384000062, 6.184556770000029 ], [ 43.70241909300006, 6.156598103000022 ], [ 43.713126668000029, 6.112578075000044 ], [ 43.725618838000059, 6.06201452800002 ], [ 43.736326413000029, 6.038814784000067 ], [ 43.752387774000056, 6.017994500000043 ], [ 43.782131037000056, 6.006692060000034 ], [ 43.849945676000061, 5.981707719000042 ], [ 43.927873024000064, 5.96326689700004 ] ] ] } },
{ "type": "Feature", "properties": { "DISTRICTS": "East Ime", "Zone_Name": "Shabelle", "Wor_PCode": "ET0510005" }, "geometry": { "type": "Polygon", "coordinates": [ [ [ 42.196893214000056, 6.909416978000024 ], [ 42.315646579000031, 6.892887023000071 ], [ 42.44525965400004, 6.90411914200007 ], [ 42.515290121000078, 6.928048529000023 ], [ 42.550611743000047, 6.827443839000068 ], [ 42.604863454000053, 6.761770715000068 ], [ 42.590007118000074, 6.712080970000045 ], [ 42.543607628000075, 6.668060942000068 ], [ 42.526951401000076, 6.638317679000068 ], [ 42.510295174000078, 6.600246303000063 ], [ 42.499520550000057, 6.522157743000037 ], [ 42.485265782000056, 6.451549126000032 ], [ 42.471011014000055, 6.414486730000021 ], [ 42.46055751800003, 6.385502035000059 ], [ 42.457706564000034, 6.359843452000064 ], [ 42.457231405000073, 6.339411618000042 ], [ 42.457231405000073, 6.312327559000039 ], [ 42.455739913000059, 6.303903702000071 ], [ 42.448066796000035, 6.303577842000038 ], [ 42.443878178000034, 6.307662510000057 ], [ 42.439571434000072, 6.303008952000027 ], [ 42.433277168000075, 6.309822969000038 ], [ 42.430526650000047, 6.309327600000074 ], [ 42.428520226000046, 6.304704282000046 ], [ 42.43247599700004, 6.300846603000025 ], [ 42.43287904400006, 6.299586423000051 ], [ 42.433428677000052, 6.298087127000031 ], [ 42.432102154000063, 6.294404916000076 ], [ 42.42631913200006, 6.297317595000038 ], [ 42.424329070000056, 6.303229332000058 ], [ 42.423454269000047, 6.30532684800005 ], [ 42.421138831000064, 6.306676308000021 ], [ 42.419966272000067, 6.305088201000046 ], [ 42.414150178000057, 6.29646974000002 ], [ 42.412750254000059, 6.298060365000026 ], [ 42.413364505000061, 6.303816360000042 ], [ 42.410987995000028, 6.308913600000039 ], [ 42.410293632000048, 6.310213632000057 ], [ 42.407745778000049, 6.310295020000069 ], [ 42.403625523000073, 6.310355571000059 ], [ 42.400146410000048, 6.312839598000039 ], [ 42.401021343000025, 6.313160118000042 ], [ 42.404487552000035, 6.31473545700004 ], [ 42.406505505000041, 6.318440424000073 ], [ 42.40321728300006, 6.323914621000029 ], [ 42.397773705000077, 6.318556281000042 ], [ 42.395240726000054, 6.318982098000049 ], [ 42.392120336000062, 6.32882692000004 ], [ 42.389583578000043, 6.329483506000031 ], [ 42.386615711000047, 6.328065817000038 ], [ 42.378272279000043, 6.321705736000069 ], [ 42.374512758000037, 6.318839905000061 ], [ 42.374007053000071, 6.318269353000062 ], [ 42.369293847000051, 6.318306114000052 ], [ 42.366268159000072, 6.320212867000066 ], [ 42.365268727000057, 6.326176573000055 ], [ 42.357688882000048, 6.325848090000022 ], [ 42.352254928000036, 6.320265199000062 ], [ 42.35063081100003, 6.318451674000073 ], [ 42.350135933000047, 6.318455534000066 ], [ 42.348564099000043, 6.317545295000059 ], [ 42.345638241000074, 6.316034266000031 ], [ 42.344515010000066, 6.317733753000027 ], [ 42.34384938900007, 6.318504565000069 ], [ 42.343528812000045, 6.319224774000077 ], [ 42.348144571000034, 6.335147836000033 ], [ 42.34764107500007, 6.338359891000039 ], [ 42.346015864000037, 6.339718423000022 ], [ 42.336463992000063, 6.33200590000007 ], [ 42.330661692000035, 6.336297901000023 ], [ 42.32352826500005, 6.337123453000061 ], [ 42.320568146000028, 6.335015725000062 ], [ 42.319686840000031, 6.332245363000027 ], [ 42.320271948000027, 6.327421277000042 ], [ 42.320334203000073, 6.325084287000038 ], [ 42.320716890000028, 6.32375283600004 ], [ 42.318649230000062, 6.323725621000051 ], [ 42.31470876800006, 6.326202844000022 ], [ 42.314352713000062, 6.326876292000065 ], [ 42.312541883000051, 6.333530941000049 ], [ 42.308628071000044, 6.334169383000074 ], [ 42.302879850000068, 6.329348018000076 ], [ 42.301132141000039, 6.32763338500007 ], [ 42.293109847000039, 6.325918587000047 ], [ 42.289886452000076, 6.326565724000034 ], [ 42.290538880000042, 6.329332306000026 ], [ 42.293834281000045, 6.330111221000038 ], [ 42.295074, 6.330776 ], [ 42.297157283000047, 6.33263867200003 ], [ 42.298015532000079, 6.337248382000041 ], [ 42.295207936000054, 6.34111985800007 ], [ 42.288764926000056, 6.341722957000059 ], [ 42.285903844000075, 6.349271807000036 ], [ 42.27915200800004, 6.355849763000037 ], [ 42.267902349000053, 6.35501154800005 ], [ 42.269599947000074, 6.365378766000049 ], [ 42.269046745000026, 6.372497640000063 ], [ 42.26451490200003, 6.384851436000076 ], [ 42.261966615000063, 6.386197116000062 ], [ 42.256458210000062, 6.385664892000023 ], [ 42.250327995000077, 6.380066334000048 ], [ 42.246887250000043, 6.379791339000064 ], [ 42.239316040000062, 6.382417020000048 ], [ 42.237419105000072, 6.383113392000041 ], [ 42.236015402000078, 6.384934029000021 ], [ 42.236413981000055, 6.385979478000024 ], [ 42.236904080000045, 6.387245121000035 ], [ 42.242870243000027, 6.387783961000025 ], [ 42.248081163000052, 6.393369666000069 ], [ 42.247814105000032, 6.396355111000048 ], [ 42.24088290800006, 6.399021145000063 ], [ 42.238784819000045, 6.401292358000035 ], [ 42.238010486000064, 6.407488913000066 ], [ 42.23588952800003, 6.41136889400002 ], [ 42.226512860000071, 6.408025672000065 ], [ 42.222572398000068, 6.410502517000054 ], [ 42.219985934000078, 6.414835532000041 ], [ 42.22060396300003, 6.419900921000021 ], [ 42.217731541000035, 6.428598323000074 ], [ 42.212665585000025, 6.429220133000058 ], [ 42.202587159000075, 6.426558068000077 ], [ 42.199344675000077, 6.428584148000027 ], [ 42.195812265000029, 6.434743470000058 ], [ 42.192367551000075, 6.434698110000056 ], [ 42.190698753000049, 6.43386278600002 ], [ 42.18697880600007, 6.432018446000029 ], [ 42.180492492000042, 6.428792993000059 ], [ 42.178379093000046, 6.432212381000056 ], [ 42.181305002000045, 6.436849118000055 ], [ 42.175037384000063, 6.441362816000037 ], [ 42.175697372000059, 6.443670318000045 ], [ 42.179191169000035, 6.444887805000064 ], [ 42.179714115000024, 6.444907717000035 ], [ 42.179635391000033, 6.444986874000051 ], [ 42.182071775000054, 6.448123536000026 ], [ 42.180419916000062, 6.451319148000039 ], [ 42.177417839000043, 6.452428389000033 ], [ 42.170989949000045, 6.451883313000053 ], [ 42.166229228000077, 6.446763114000021 ], [ 42.161632558000065, 6.446931324000047 ], [ 42.156974843000057, 6.451236177000055 ], [ 42.145877896000059, 6.456145830000025 ], [ 42.14654166400004, 6.457993117000058 ], [ 42.150417298000036, 6.460343899000065 ], [ 42.148998286000051, 6.463312711000071 ], [ 42.137241352000046, 6.465914673000043 ], [ 42.132808735000026, 6.470682199000066 ], [ 42.130111705000047, 6.483058864000043 ], [ 42.130436028000076, 6.493177358000025 ], [ 42.131462875000068, 6.49384492400003 ], [ 42.134304102000044, 6.495987977000027 ], [ 42.140529574000027, 6.494461991000037 ], [ 42.142578145000073, 6.496098542000027 ], [ 42.144119251000063, 6.50094563600004 ], [ 42.140621239000041, 6.504805584000053 ], [ 42.133730840000055, 6.506379182000046 ], [ 42.127910610000072, 6.509922947000064 ], [ 42.126163494000025, 6.52001384700003 ], [ 42.122699691000037, 6.521116284000072 ], [ 42.11904518700004, 6.519458754000027 ], [ 42.113525442000025, 6.519614301000047 ], [ 42.110034989000042, 6.522786099000029 ], [ 42.11205672300008, 6.526261242000032 ], [ 42.119178810000051, 6.526586133000023 ], [ 42.121189203000029, 6.530750749000049 ], [ 42.117900792000057, 6.535993609000059 ], [ 42.105423011000028, 6.540652837000039 ], [ 42.098442107000039, 6.54699567800003 ], [ 42.091041622000034, 6.550343435000059 ], [ 42.079593703000057, 6.563751284000034 ], [ 42.076835627000037, 6.563714051000034 ], [ 42.073425310000061, 6.560910236000041 ], [ 42.070427014000074, 6.56155926200006 ], [ 42.067398100000048, 6.564736352000068 ], [ 42.067573492000065, 6.568646006000051 ], [ 42.07238391900006, 6.56986052000002 ], [ 42.075328918000025, 6.573116801000026 ], [ 42.06765740700007, 6.579219800000033 ], [ 42.058681419000038, 6.597027381000032 ], [ 42.055190967000044, 6.59996897700006 ], [ 42.051742473000047, 6.600151551000067 ], [ 42.048328357000059, 6.597840426000062 ], [ 42.043087029000048, 6.594059514000037 ], [ 42.041187200000024, 6.598629912000035 ], [ 42.045619946000045, 6.608267742000066 ], [ 42.046268466000072, 6.613638403000039 ], [ 42.043819407000058, 6.615199774000075 ], [ 42.043563378000044, 6.616185479000023 ], [ 42.034317050000027, 6.613477753000041 ], [ 42.02878180700003, 6.614781853000068 ], [ 42.022720387000049, 6.620905831000073 ], [ 42.022209143000055, 6.624576022000042 ], [ 42.024673513000039, 6.629435968000053 ], [ 42.031101215000035, 6.629982935000044 ], [ 42.033111609000059, 6.634376618000033 ], [ 42.030540452000025, 6.637559 ], [ 42.018020714000045, 6.645204617000047 ], [ 42.014469215000076, 6.652511547000074 ], [ 42.018119750000039, 6.654629292000038 ], [ 42.021831521000081, 6.652151124000056 ], [ 42.024360718000025, 6.652185522000025 ], [ 42.032073999000033, 6.659874042000069 ], [ 42.038028633000067, 6.661563324000042 ], [ 42.040636601000074, 6.66398386700007 ], [ 42.039176459000032, 6.665430981000043 ], [ 42.037483179000048, 6.667761390000067 ], [ 42.032192313000053, 6.667920150000043 ], [ 42.029846255000052, 6.671336136000036 ], [ 42.02826697100005, 6.686023327000044 ], [ 42.030063606000056, 6.689035420000039 ], [ 42.032115956000041, 6.690442148000045 ], [ 42.045429306000074, 6.69200083000004 ], [ 42.047378925000032, 6.693256921000057 ], [ 42.049076061000051, 6.694348400000024 ], [ 42.048888091000038, 6.694999399000039 ], [ 42.046897665000074, 6.701662589000023 ], [ 42.045940362000067, 6.704876834000061 ], [ 42.048006830000077, 6.716437631000076 ], [ 42.049358427000072, 6.723999099000025 ], [ 42.051425898000048, 6.724256517000072 ], [ 42.053588814000079, 6.717390524000052 ], [ 42.05633933200005, 6.717887973000074 ], [ 42.057365412000081, 6.727094163000061 ], [ 42.06624184900005, 6.734201849000044 ], [ 42.073511307000047, 6.740022768000074 ], [ 42.076923322000027, 6.74275489300004 ], [ 42.078922186000057, 6.748067871000046 ], [ 42.078411130000063, 6.751737685000023 ], [ 42.075599755000042, 6.755606137000029 ], [ 42.068492182000057, 6.760897383000042 ], [ 42.06748131300003, 6.761649926000075 ], [ 42.066399876000048, 6.762455003000071 ], [ 42.064681981000035, 6.763733893000051 ], [ 42.06326296800006, 6.766702139000074 ], [ 42.063896119000049, 6.770617085000026 ], [ 42.070037863000039, 6.775525982000033 ], [ 42.072742453000046, 6.779698913000061 ], [ 42.076443402000052, 6.783613802000048 ], [ 42.08022307300007, 6.787611966000043 ], [ 42.082885705000081, 6.794541840000022 ], [ 42.081410678000054, 6.800511078000056 ], [ 42.079411161000053, 6.808602858000029 ], [ 42.078459211000052, 6.812345657000037 ], [ 42.078018199000041, 6.814239988000054 ], [ 42.073551184000053, 6.821533120000026 ], [ 42.070156176000069, 6.834357337000029 ], [ 42.070774018000066, 6.839651039000046 ], [ 42.073501666000027, 6.841984811000032 ], [ 42.081516211000064, 6.844390403000034 ], [ 42.087436637000053, 6.848606048000022 ], [ 42.089893258000075, 6.854155088000027 ], [ 42.092414897000026, 6.871652520000055 ], [ 42.090087928000059, 6.890463880000027 ], [ 42.090934838000067, 6.895760038000049 ], [ 42.093193009000061, 6.898777990000042 ], [ 42.100559285000031, 6.898417001000041 ], [ 42.103752062000069, 6.900297550000062 ], [ 42.108039905000055, 6.906329675000052 ], [ 42.111011552000036, 6.907748686000048 ], [ 42.116069760000073, 6.907586146000028 ], [ 42.11936195100003, 6.90234517600004 ], [ 42.123050664000061, 6.901705222000032 ], [ 42.126705168000058, 6.903592199000059 ], [ 42.134845776000077, 6.91381124000003 ], [ 42.137752597000031, 6.919825031000073 ], [ 42.137245132000032, 6.923265020000031 ], [ 42.13515082300006, 6.925074506000044 ], [ 42.122943879000047, 6.926520357000072 ], [ 42.119911185000035, 6.929696501000024 ], [ 42.120536775000062, 6.934299974000055 ], [ 42.124412598000049, 6.936879636000072 ], [ 42.132667552000044, 6.938598591000073 ], [ 42.145855027000039, 6.949803834000022 ], [ 42.151382521000073, 6.949418463000029 ], [ 42.15998466800005, 6.942409587000043 ], [ 42.16459267700003, 6.941781918000061 ], [ 42.165255461000072, 6.935840010000049 ], [ 42.162809, 6.927355 ], [ 42.196893214000056, 6.909416978000024 ] ] ] } },
{ "type": "Feature", "properties": { "DISTRICTS": "Adadle", "Zone_Name": "Shabelle", "Wor_PCode": "ET0510002" }, "geometry": { "type": "Polygon", "coordinates": [ [ [ 42.922683805000077, 6.097173201000032 ], [ 42.929401432000077, 6.092888760000051 ], [ 42.932147980000025, 6.093611685000042 ], [ 42.935291240000026, 6.099629446000051 ], [ 42.93827441600007, 6.099666111000033 ], [ 42.942009056000074, 6.095113668000067 ], [ 42.948226967000039, 6.093811080000023 ], [ 42.954799631000071, 6.082856261000074 ], [ 42.954444878000061, 6.074574470000073 ], [ 42.957015329000058, 6.072506372000021 ], [ 42.962726670000052, 6.073527410000054 ], [ 42.968207225000072, 6.07144082700006 ], [ 42.969853226000055, 6.070814155000051 ], [ 42.97150042800007, 6.070187024000063 ], [ 42.981128655000077, 6.071685227000046 ], [ 42.987312358000054, 6.073372430000063 ], [ 42.991409311000041, 6.076410794000026 ], [ 42.994861585000081, 6.075763280000047 ], [ 42.996318775000077, 6.069573341000023 ], [ 43.002555776000065, 6.066891242000054 ], [ 43.004203855000071, 6.063692038000056 ], [ 43.009964009000043, 6.062383591000071 ], [ 43.011360152000066, 6.060791456000061 ], [ 43.011712102000047, 6.056609205000029 ], [ 43.012126925000075, 6.054592633000027 ], [ 43.015380938000078, 6.051643855000066 ], [ 43.02439113500003, 6.047385685000052 ], [ 43.027566069000045, 6.048183929000061 ], [ 43.030345958000055, 6.048839095000062 ], [ 43.031524752000053, 6.046554652000054 ], [ 43.030932169000039, 6.044827887000054 ], [ 43.029958899000064, 6.042847604000031 ], [ 43.028400393000027, 6.039157948000025 ], [ 43.029808065000054, 6.03687577200003 ], [ 43.032112164000068, 6.036214272000052 ], [ 43.035478984000065, 6.040294657000061 ], [ 43.039356156000053, 6.045040573000051 ], [ 43.046714871000063, 6.04444163200003 ], [ 43.052181319000056, 6.048187234000068 ], [ 43.054935427000032, 6.048450511000055 ], [ 43.057277704000057, 6.044570908000026 ], [ 43.056949600000053, 6.034219756000027 ], [ 43.059745854000028, 6.031035483000039 ], [ 43.066753408000068, 6.040088205000075 ], [ 43.072712012000068, 6.041310846000044 ], [ 43.075473868000074, 6.040884462000065 ], [ 43.07733532900005, 6.03883834800007 ], [ 43.072345730000052, 6.033719094000048 ], [ 43.073974531000033, 6.032129226000052 ], [ 43.084308674000056, 6.032485492000035 ], [ 43.086189224000066, 6.029058922000047 ], [ 43.084167491000073, 6.025125453000044 ], [ 43.081428503000041, 6.023712678000038 ], [ 43.076786095000045, 6.027564498000061 ], [ 43.074718435000079, 6.027539739000076 ], [ 43.074771922000025, 6.023401773000046 ], [ 43.079883617000064, 6.018634815000041 ], [ 43.086565578000034, 6.018597802000045 ], [ 43.10280610500007, 6.02259398700005 ], [ 43.115238147000071, 6.014354154000046 ], [ 43.127258359000052, 6.014614595000069 ], [ 43.136467007000078, 6.012886947000027 ], [ 43.149436943000069, 6.004307291000032 ], [ 43.163595744000077, 5.990476436000051 ], [ 43.16827003800006, 5.985910409000041 ], [ 43.170675943000049, 5.984138273000042 ], [ 43.177078194000046, 5.979348706000053 ], [ 43.185012792000066, 5.969326414000022 ], [ 43.193958352000038, 5.970355519000066 ], [ 43.205951725000034, 5.966361003000031 ], [ 43.218215935000046, 5.959151220000024 ], [ 43.22535711200004, 5.957397489000073 ], [ 43.227695420000032, 5.953977156000064 ], [ 43.225471457000026, 5.948200749000023 ], [ 43.232852852000065, 5.94553036800005 ], [ 43.235462187000053, 5.938893255000039 ], [ 43.240047516000061, 5.939408846000049 ], [ 43.240947723000033, 5.941029521000075 ], [ 43.244777619000047, 5.947054464000075 ], [ 43.251907266000046, 5.946450231000028 ], [ 43.256477286000063, 5.948344200000065 ], [ 43.262962254000058, 5.944053710000048 ], [ 43.268943727000078, 5.943435114000067 ], [ 43.275878893000026, 5.939609565000069 ], [ 43.288257637000072, 5.941827290000049 ], [ 43.290641377000043, 5.942739236000023 ], [ 43.297749268000075, 5.945458496000072 ], [ 43.30168714000007, 5.947037460000047 ], [ 43.307530002000078, 5.946879545000058 ], [ 43.311845589000029, 5.94522682500002 ], [ 43.319950104000043, 5.942206425000052 ], [ 43.322967489000064, 5.939483690000031 ], [ 43.331123567000077, 5.937951831000021 ], [ 43.338361687000031, 5.941731938000032 ], [ 43.344306913000025, 5.94157743300002 ], [ 43.35191340700004, 5.939368779000063 ], [ 43.361514986000032, 5.943162008000058 ], [ 43.365877963000059, 5.943995535000056 ], [ 43.36785343400004, 5.947014042000035 ], [ 43.370934661000035, 5.947747668000034 ], [ 43.372349932000077, 5.945231974000023 ], [ 43.387180242000056, 5.948065235000058 ], [ 43.394802045000063, 5.944706894000035 ], [ 43.394410679000032, 5.947454217000029 ], [ 43.397638632000053, 5.949948544000051 ], [ 43.398959158000025, 5.947747668000034 ], [ 43.39847185800005, 5.945209445000046 ], [ 43.412174170000071, 5.951811405000058 ], [ 43.420253731000059, 5.948457788000042 ], [ 43.424335564000046, 5.95287509700006 ], [ 43.43024964600005, 5.955949782000062 ], [ 43.43719096600006, 5.95348651200004 ], [ 43.450118946000032, 5.948349870000072 ], [ 43.457695011000055, 5.948439645000065 ], [ 43.466167503000065, 5.950838622000049 ], [ 43.47038372600008, 5.95503 ], [ 43.472766591000038, 5.95741911500005 ], [ 43.476229358000069, 5.957320178000032 ], [ 43.498241716000052, 5.933428212000024 ], [ 43.499944928000048, 5.930923490000055 ], [ 43.537515773000052, 5.913290240000038 ], [ 43.561561113000039, 5.901467947000071 ], [ 43.585706643000037, 5.883233564000022 ], [ 43.597729314000048, 5.874717506000025 ], [ 43.60923, 5.8689 ], [ 43.62609363200005, 5.860822462000044 ], [ 43.62609377900003, 5.860822656000039 ], [ 43.656301769000038, 5.862553460000072 ], [ 43.668858, 5.857291287000066 ], [ 43.66885721400007, 5.857290744000068 ], [ 43.713520699000071, 5.846845745000053 ], [ 43.733108, 5.836171 ], [ 43.774869, 5.811186 ], [ 43.820819, 5.758412 ], [ 43.883467, 5.708428 ], [ 43.890849125000045, 5.701519801000074 ], [ 43.885431787000073, 5.648243618000038 ], [ 43.91389950000007, 5.501049849000026 ], [ 43.873354, 5.25952 ], [ 43.825921747000052, 4.913026435000063 ], [ 43.798631920000048, 4.86921770500004 ], [ 43.539719044000037, 4.78974217800004 ], [ 43.512731942000073, 4.821180155000036 ], [ 43.381738329000029, 5.074533749000068 ], [ 43.325974046000056, 5.182386960000031 ], [ 43.303958, 5.224968 ], [ 43.243487834000064, 5.471173919000023 ], [ 43.235847020000051, 5.502283221000027 ], [ 43.253770226000029, 5.548213493000048 ], [ 43.310313824000048, 5.629381755000054 ], [ 43.278551441000047, 5.684038729000065 ], [ 43.23380607100006, 5.72375611700005 ], [ 43.143655553000031, 5.715105034000032 ], [ 43.094847357000049, 5.68895436400004 ], [ 43.071282773000064, 5.643471900000065 ], [ 43.018287059000045, 5.687189433000071 ], [ 42.964334847000032, 5.73169600500006 ], [ 42.856667453000057, 5.820513618000064 ], [ 42.812885, 5.826853 ], [ 42.812341821000075, 5.869197113000041 ], [ 42.811806111000067, 5.910958939000068 ], [ 42.811535909000042, 5.932022859000028 ], [ 42.811535633000062, 5.932354262000047 ], [ 42.811531632000026, 5.932356323000022 ], [ 42.811527549000061, 5.932674599000052 ], [ 42.811518601000046, 5.93337215300005 ], [ 42.811511836000079, 5.933899543000052 ], [ 42.811458139000081, 5.938085494000063 ], [ 42.811415854000074, 5.941381896000053 ], [ 42.81140018900004, 5.94260306700005 ], [ 42.811403582000025, 5.942605176000029 ], [ 42.811396053000067, 5.942925498000022 ], [ 42.811526732000061, 5.943049355000028 ], [ 42.813605291000044, 5.945019407000075 ], [ 42.866258728000048, 5.994924167000022 ], [ 42.90128530000004, 6.06697882900005 ], [ 42.915744859000029, 6.100995537000074 ], [ 42.917972602000077, 6.106311352000034 ], [ 42.921405787000026, 6.107503374000032 ], [ 42.922584580000034, 6.104989485000033 ], [ 42.92126838400003, 6.100144470000032 ], [ 42.922683805000077, 6.097173201000032 ] ] ] } },
{ "type": "Feature", "properties": { "DISTRICTS": "Dolo bay", "Zone_Name": "Afder", "Wor_PCode": "ET0501002" }, "geometry": { "type": "Polygon", "coordinates": [ [ [ 42.323758037000061, 4.631947343000036 ], [ 42.312014, 4.593165 ], [ 42.369219292000025, 4.487138903000073 ], [ 42.417430667000076, 4.386462207000022 ], [ 42.444679147000045, 4.334623638000039 ], [ 42.566458657000055, 4.244940942000028 ], [ 42.585087331000068, 4.214725171000055 ], [ 42.573940277000077, 4.212010860000021 ], [ 42.56571579000007, 4.20983886700003 ], [ 42.554531097000051, 4.206250191000038 ], [ 42.542629242000032, 4.204951763000054 ], [ 42.527348192000034, 4.203004767000039 ], [ 42.516747955000028, 4.202878518000034 ], [ 42.494118612000079, 4.202609002000031 ], [ 42.48582839900007, 4.203320026000029 ], [ 42.47552108800005, 4.202731133000043 ], [ 42.472099392000075, 4.202346753000029 ], [ 42.456862233000038, 4.200635069000043 ], [ 42.445549011000026, 4.199364185000036 ], [ 42.419036064000068, 4.19525145800003 ], [ 42.370979309000063, 4.189451217000055 ], [ 42.326998249000042, 4.186269788000061 ], [ 42.266151204000039, 4.182680943000037 ], [ 42.193443203000072, 4.178970202000073 ], [ 42.138561303000074, 4.179476101000034 ], [ 42.117179871000076, 4.179673195000021 ], [ 42.097740173000034, 4.179727078000042 ], [ 42.08766937300004, 4.179365158000053 ], [ 42.08454637300008, 4.17779770900006 ], [ 42.075090575000047, 4.18365760100005 ], [ 42.055798271000072, 4.214615019000064 ], [ 42.056246929000054, 4.234355982000068 ], [ 42.059083136000027, 4.27860266600004 ], [ 42.026878, 4.280844 ], [ 42.001929, 4.289982 ], [ 41.999361658000055, 4.298511655000027 ], [ 41.997566188000064, 4.288515134000022 ], [ 41.982883533000063, 4.287438778000023 ], [ 41.979907917000048, 4.289294759000029 ], [ 41.97399598100003, 4.311945653000066 ], [ 41.973834969000052, 4.312562549000063 ], [ 41.971538619000057, 4.311654026000042 ], [ 41.969890539000062, 4.303839632000063 ], [ 41.96804419700004, 4.301318560000027 ], [ 41.96620938600006, 4.30155802400003 ], [ 41.966243783000039, 4.30845935900004 ], [ 41.96441653200003, 4.30938905000005 ], [ 41.960502530000042, 4.306648172000052 ], [ 41.955192575000069, 4.299772730000029 ], [ 41.949680390000026, 4.298650258000066 ], [ 41.947628039000051, 4.300500947000046 ], [ 41.945369678000077, 4.308104984000067 ], [ 41.935783408000077, 4.317355589000044 ], [ 41.935802497000054, 4.320805973000063 ], [ 41.940647134000073, 4.326764199000024 ], [ 41.941581739000071, 4.330210236000028 ], [ 41.940452653000079, 4.333666857000026 ], [ 41.934978457000057, 4.340136138000048 ], [ 41.93177415100007, 4.340842243000054 ], [ 41.92946627200007, 4.338093237000066 ], [ 41.932395961000054, 4.328185479000069 ], [ 41.93123625700008, 4.325430804000064 ], [ 41.918395974000077, 4.325955468000075 ], [ 41.917484238000043, 4.327569906000065 ], [ 41.92162711900005, 4.330540230000054 ], [ 41.920963351000069, 4.335145026000021 ], [ 41.919136098000081, 4.336994581000056 ], [ 41.885250098000029, 4.349126868000042 ], [ 41.882976617000054, 4.353509401000053 ], [ 41.882350838000036, 4.365935395000065 ], [ 41.885635469000079, 4.380873768000072 ], [ 41.884956544000033, 4.385094564000042 ], [ 41.88246537200007, 4.388711975000035 ], [ 41.868694264000055, 4.387399182000024 ], [ 41.866436093000061, 4.395002841000064 ], [ 41.863685575000034, 4.395246462000046 ], [ 41.859275827000033, 4.384684952000043 ], [ 41.855140696000035, 4.383324530000039 ], [ 41.85170751000004, 4.384952010000063 ], [ 41.84898761200003, 4.391407493000031 ], [ 41.849719986000025, 4.400376300000062 ], [ 41.84491730700006, 4.403850498000054 ], [ 41.845390374000033, 4.406839344000048 ], [ 41.851833385000077, 4.410948771000051 ], [ 41.852542891000041, 4.415086737000024 ], [ 41.841121620000081, 4.424575294000022 ], [ 41.834735877000071, 4.432198609000068 ], [ 41.825569187000042, 4.434773923000023 ], [ 41.823295518000066, 4.438696429000061 ], [ 41.819850992000056, 4.437562429000025 ], [ 41.81408687000004, 4.432299536000073 ], [ 41.81110766300003, 4.432313900000054 ], [ 41.809558808000077, 4.444054579000067 ], [ 41.805042275000062, 4.459260953000069 ], [ 41.797042849000036, 4.465051157000062 ], [ 41.788326358000063, 4.465553331000024 ], [ 41.784667885000033, 4.467641403000073 ], [ 41.77828214200008, 4.47595456800002 ], [ 41.774877252000067, 4.483654863000027 ], [ 41.771247939000034, 4.491862699000023 ], [ 41.77745432100005, 4.494133534000071 ], [ 41.784092001000033, 4.491340681000054 ], [ 41.787074989000075, 4.491556141000046 ], [ 41.788238473000035, 4.495001800000068 ], [ 41.784583968000049, 4.498239937000051 ], [ 41.763969359000043, 4.505241442000056 ], [ 41.760097505000033, 4.510551398000075 ], [ 41.761959156000046, 4.516063772000052 ], [ 41.759452826000029, 4.519527008000068 ], [ 41.747527747000049, 4.526946140000064 ], [ 41.74366754600004, 4.52972507000004 ], [ 41.742573902000061, 4.532224618000043 ], [ 41.741851823000047, 4.533874943000058 ], [ 41.74349215400008, 4.540308504000052 ], [ 41.740985825000053, 4.544001564000041 ], [ 41.732280673000048, 4.546803867000051 ], [ 41.729010137000046, 4.548698113000057 ], [ 41.725872061000075, 4.550515638000036 ], [ 41.721992458000045, 4.554674583000065 ], [ 41.717929903000027, 4.569188084000075 ], [ 41.720378011000037, 4.589019412000027 ], [ 41.720491898000034, 4.589941972000076 ], [ 41.721030653000071, 4.59430625300007 ], [ 41.721988678000059, 4.602066903000036 ], [ 41.709815943000081, 4.599824039000055 ], [ 41.702593731000036, 4.595813149000037 ], [ 41.698314726000035, 4.593436784000062 ], [ 41.697845439000048, 4.591138355000055 ], [ 41.701042185000063, 4.587902486000075 ], [ 41.711818777000076, 4.586701391000076 ], [ 41.713646029000074, 4.584621824000067 ], [ 41.711363540000036, 4.578307366000047 ], [ 41.71098850900006, 4.578132907000054 ], [ 41.710845218000031, 4.577743973000054 ], [ 41.710917026000061, 4.577072097000041 ], [ 41.710159356000077, 4.574976020000065 ], [ 41.704410544000041, 4.572472525000023 ], [ 41.700969609000026, 4.572488779000025 ], [ 41.696478951000074, 4.57808325000002 ], [ 41.695884168000077, 4.578824234000024 ], [ 41.691124184000046, 4.584754232000023 ], [ 41.690998218000061, 4.588089260000061 ], [ 41.690597912000044, 4.588635132000036 ], [ 41.689106079000055, 4.587268391000066 ], [ 41.685447605000036, 4.589586287000031 ], [ 41.684011055000042, 4.591109753000069 ], [ 41.683283226000071, 4.592529020000029 ], [ 41.682737354000039, 4.592601803000036 ], [ 41.678400561000046, 4.589086595000026 ], [ 41.673282620000066, 4.588723691000041 ], [ 41.670288897000034, 4.595684664000032 ], [ 41.66491850400007, 4.608171841000058 ], [ 41.66465760400007, 4.608778482000048 ], [ 41.660549123000067, 4.61385918000002 ], [ 41.659080055000061, 4.613760804000037 ], [ 41.657337256000062, 4.613644098000066 ], [ 41.660049406000041, 4.604659038000023 ], [ 41.658657044000051, 4.600985067000067 ], [ 41.65429681300003, 4.601465316000031 ], [ 41.648336535000055, 4.618456239000068 ], [ 41.644771590000062, 4.625435431000028 ], [ 41.639057176000051, 4.630293298000026 ], [ 41.631389634000072, 4.65862553300002 ], [ 41.623983857000042, 4.667709795000064 ], [ 41.626315438000063, 4.668667484000025 ], [ 41.628022354000052, 4.669368593000058 ], [ 41.63054915400005, 4.670406467000021 ], [ 41.633066362000079, 4.671440400000051 ], [ 41.636699967000027, 4.672932891000073 ], [ 41.641829052000048, 4.675039643000048 ], [ 41.64527, 4.676453 ], [ 41.788490484000079, 4.695863135000025 ], [ 41.870089758000063, 4.742375596000045 ], [ 41.926809023000033, 4.796258898000076 ], [ 41.965094528000066, 4.845888255000034 ], [ 42.071015, 4.843024 ], [ 42.07103575800005, 4.800511952000022 ], [ 42.113982599000053, 4.789168990000064 ], [ 42.238160502000028, 4.704728015000057 ], [ 42.323758037000061, 4.631947343000036 ] ] ] } },
{ "type": "Feature", "properties": { "DISTRICTS": "Barey", "Zone_Name": "Afder", "Wor_PCode": "ET0501001" }, "geometry": { "type": "Polygon", "coordinates": [ [ [ 42.693911995000065, 4.204988547000028 ], [ 42.605004575000066, 4.20392965700006 ], [ 42.585087331000068, 4.214725171000055 ], [ 42.566458657000055, 4.244940942000028 ], [ 42.444679147000045, 4.334623638000039 ], [ 42.417430667000076, 4.386462207000022 ], [ 42.369219292000025, 4.487138903000073 ], [ 42.312014, 4.593165 ], [ 42.323758037000061, 4.631947343000036 ], [ 42.238160502000028, 4.704728015000057 ], [ 42.382830625000054, 4.789605511000047 ], [ 42.446246440000039, 4.870654899000044 ], [ 42.442994690000035, 4.908084645000031 ], [ 42.439187552000078, 4.943300668000063 ], [ 42.439187552000078, 4.977564907000044 ], [ 42.458223240000052, 5.008022008000069 ], [ 42.494391047000079, 5.025154127000064 ], [ 42.533414208000067, 5.032768402000045 ], [ 42.626689079000073, 5.062273718000029 ], [ 42.666664024000056, 5.064177287000064 ], [ 42.701880047000031, 5.076550485000041 ], [ 42.718060382000033, 5.086068329000057 ], [ 42.738999639000042, 5.101296879000074 ], [ 42.775167446000069, 5.130802195000058 ], [ 42.789444212000035, 5.137464686000044 ], [ 42.80181740900008, 5.15459680500004 ], [ 42.813238822000073, 5.166970003000074 ], [ 42.82751558800004, 5.193619966000028 ], [ 42.861779827000078, 5.214559223000037 ], [ 42.906513694000068, 5.235498480000047 ], [ 42.960670226000047, 5.203780264000045 ], [ 42.997789818000058, 5.15809461300006 ], [ 42.98541662100007, 5.117167884000025 ], [ 42.978754130000027, 5.08956613600003 ], [ 42.978754130000027, 5.061964389000025 ], [ 42.978754130000027, 5.024844797000071 ], [ 42.979705914000078, 5.006760893000035 ], [ 42.98541662100007, 4.972496655000043 ], [ 42.990175543000078, 4.935377063000033 ], [ 42.998741602000052, 4.901112825000041 ], [ 43.024439781000069, 4.85637895800005 ], [ 43.03966833100003, 4.833536132000063 ], [ 43.025391565000064, 4.806886169000052 ], [ 43.019680859000061, 4.763104086000055 ], [ 43.025391565000064, 4.696479178000061 ], [ 43.037764763000041, 4.661263155000029 ], [ 43.064414726000052, 4.620336426000051 ], [ 43.082447622000075, 4.588142097000059 ], [ 43.057803513000067, 4.56682986900006 ], [ 43.022216400000048, 4.503937173000054 ], [ 43.019981809000058, 4.443818132000047 ], [ 43.01611209500004, 4.382947905000037 ], [ 42.914956249000056, 4.255566470000076 ], [ 42.693911995000065, 4.204988547000028 ] ] ] } },
{ "type": "Feature", "properties": { "DISTRICTS": "Hargelle", "Zone_Name": "Afder", "Wor_PCode": "ET0501005" }, "geometry": { "type": "Polygon", "coordinates": [ [ [ 43.018287059000045, 5.687189433000071 ], [ 43.071282773000064, 5.643471900000065 ], [ 42.952199345000054, 5.547683764000055 ], [ 42.956006483000067, 5.501046328000029 ], [ 42.956006483000067, 5.473444580000034 ], [ 42.957910051000056, 5.445842833000029 ], [ 42.956006483000067, 5.428710713000044 ], [ 42.960765405000075, 5.395398259000046 ], [ 42.963620758000047, 5.365892943000063 ], [ 42.956006483000067, 5.336387626000032 ], [ 42.944585070000073, 5.303075172000035 ], [ 42.934115441000074, 5.273569856000051 ], [ 42.906513694000068, 5.235498480000047 ], [ 42.861779827000078, 5.214559223000037 ], [ 42.82751558800004, 5.193619966000028 ], [ 42.813238822000073, 5.166970003000074 ], [ 42.80181740900008, 5.15459680500004 ], [ 42.789444212000035, 5.137464686000044 ], [ 42.775167446000069, 5.130802195000058 ], [ 42.738999639000042, 5.101296879000074 ], [ 42.718060382000033, 5.086068329000057 ], [ 42.701880047000031, 5.076550485000041 ], [ 42.666664024000056, 5.064177287000064 ], [ 42.626689079000073, 5.062273718000029 ], [ 42.533414208000067, 5.032768402000045 ], [ 42.494391047000079, 5.025154127000064 ], [ 42.458223240000052, 5.008022008000069 ], [ 42.439187552000078, 4.977564907000044 ], [ 42.439187552000078, 4.943300668000063 ], [ 42.442994690000035, 4.908084645000031 ], [ 42.446246440000039, 4.870654899000044 ], [ 42.382830625000054, 4.789605511000047 ], [ 42.238160502000028, 4.704728015000057 ], [ 42.113982599000053, 4.789168990000064 ], [ 42.07103575800005, 4.800511952000022 ], [ 42.071015, 4.843024 ], [ 42.047137172000077, 4.92506534100005 ], [ 42.026303160000055, 4.996648495000045 ], [ 42.00074018600003, 5.084479796000039 ], [ 41.99864245100008, 5.099612768000043 ], [ 41.977130704000047, 5.109946180000065 ], [ 41.971060040000054, 5.113932471000055 ], [ 41.963835141000061, 5.120832975000042 ], [ 41.96299669900003, 5.121431861000076 ], [ 41.963126458000033, 5.12262963400002 ], [ 41.963459173000047, 5.127394108000033 ], [ 41.960761966000064, 5.131085024000072 ], [ 41.958632591000026, 5.132078732000025 ], [ 41.954657760000032, 5.131794815000035 ], [ 41.951676636000059, 5.133640273000026 ], [ 41.948553554000057, 5.150249392000035 ], [ 41.948411596000028, 5.154082264000067 ], [ 41.94423959900007, 5.159192763000021 ], [ 41.919396, 5.170599 ], [ 41.920516794000036, 5.19200089800006 ], [ 41.948293852000063, 5.204001247000065 ], [ 41.957788144000062, 5.207058991000054 ], [ 42.052305484000044, 5.300379908000025 ], [ 42.070549881000034, 5.402471388000038 ], [ 42.080292, 5.424594 ], [ 42.240059, 5.715925 ], [ 42.699594, 5.683861 ], [ 42.812885, 5.826853 ], [ 42.856667453000057, 5.820513618000064 ], [ 42.964334847000032, 5.73169600500006 ], [ 43.018287059000045, 5.687189433000071 ] ] ] } },
{ "type": "Feature", "properties": { "DISTRICTS": "West Ime", "Zone_Name": "Afder", "Wor_PCode": "ET0501009" }, "geometry": { "type": "Polygon", "coordinates": [ [ [ 42.070427014000074, 6.56155926200006 ], [ 42.073425310000061, 6.560910236000041 ], [ 42.076835627000037, 6.563714051000034 ], [ 42.079593703000057, 6.563751284000034 ], [ 42.091041622000034, 6.550343435000059 ], [ 42.098442107000039, 6.54699567800003 ], [ 42.105423011000028, 6.540652837000039 ], [ 42.117900792000057, 6.535993609000059 ], [ 42.121189203000029, 6.530750749000049 ], [ 42.119178810000051, 6.526586133000023 ], [ 42.11205672300008, 6.526261242000032 ], [ 42.110034989000042, 6.522786099000029 ], [ 42.113525442000025, 6.519614301000047 ], [ 42.11904518700004, 6.519458754000027 ], [ 42.122699691000037, 6.521116284000072 ], [ 42.126163494000025, 6.52001384700003 ], [ 42.127910610000072, 6.509922947000064 ], [ 42.133730840000055, 6.506379182000046 ], [ 42.140621239000041, 6.504805584000053 ], [ 42.144119251000063, 6.50094563600004 ], [ 42.142578145000073, 6.496098542000027 ], [ 42.140529574000027, 6.494461991000037 ], [ 42.134304102000044, 6.495987977000027 ], [ 42.131462875000068, 6.49384492400003 ], [ 42.130436028000076, 6.493177358000025 ], [ 42.130111705000047, 6.483058864000043 ], [ 42.132808735000026, 6.470682199000066 ], [ 42.137241352000046, 6.465914673000043 ], [ 42.148998286000051, 6.463312711000071 ], [ 42.150417298000036, 6.460343899000065 ], [ 42.14654166400004, 6.457993117000058 ], [ 42.145877896000059, 6.456145830000025 ], [ 42.156974843000057, 6.451236177000055 ], [ 42.161632558000065, 6.446931324000047 ], [ 42.166229228000077, 6.446763114000021 ], [ 42.170989949000045, 6.451883313000053 ], [ 42.177417839000043, 6.452428389000033 ], [ 42.180419916000062, 6.451319148000039 ], [ 42.182071775000054, 6.448123536000026 ], [ 42.179635391000033, 6.444986874000051 ], [ 42.179714115000024, 6.444907717000035 ], [ 42.179191169000035, 6.444887805000064 ], [ 42.175697372000059, 6.443670318000045 ], [ 42.175037384000063, 6.441362816000037 ], [ 42.181305002000045, 6.436849118000055 ], [ 42.178379093000046, 6.432212381000056 ], [ 42.180492492000042, 6.428792993000059 ], [ 42.18697880600007, 6.432018446000029 ], [ 42.190698753000049, 6.43386278600002 ], [ 42.192367551000075, 6.434698110000056 ], [ 42.195812265000029, 6.434743470000058 ], [ 42.199344675000077, 6.428584148000027 ], [ 42.202587159000075, 6.426558068000077 ], [ 42.212665585000025, 6.429220133000058 ], [ 42.217731541000035, 6.428598323000074 ], [ 42.22060396300003, 6.419900921000021 ], [ 42.219985934000078, 6.414835532000041 ], [ 42.222572398000068, 6.410502517000054 ], [ 42.226512860000071, 6.408025672000065 ], [ 42.23588952800003, 6.41136889400002 ], [ 42.238010486000064, 6.407488913000066 ], [ 42.238784819000045, 6.401292358000035 ], [ 42.24088290800006, 6.399021145000063 ], [ 42.247814105000032, 6.396355111000048 ], [ 42.248081163000052, 6.393369666000069 ], [ 42.242870243000027, 6.387783961000025 ], [ 42.236904080000045, 6.387245121000035 ], [ 42.236413981000055, 6.385979478000024 ], [ 42.236015402000078, 6.384934029000021 ], [ 42.237419105000072, 6.383113392000041 ], [ 42.239316040000062, 6.382417020000048 ], [ 42.246887250000043, 6.379791339000064 ], [ 42.250327995000077, 6.380066334000048 ], [ 42.256458210000062, 6.385664892000023 ], [ 42.261966615000063, 6.386197116000062 ], [ 42.26451490200003, 6.384851436000076 ], [ 42.269046745000026, 6.372497640000063 ], [ 42.269599947000074, 6.365378766000049 ], [ 42.267902349000053, 6.35501154800005 ], [ 42.27915200800004, 6.355849763000037 ], [ 42.285903844000075, 6.349271807000036 ], [ 42.288764926000056, 6.341722957000059 ], [ 42.295207936000054, 6.34111985800007 ], [ 42.298015532000079, 6.337248382000041 ], [ 42.297157283000047, 6.33263867200003 ], [ 42.295074, 6.330776 ], [ 42.293834281000045, 6.330111221000038 ], [ 42.290538880000042, 6.329332306000026 ], [ 42.289886452000076, 6.326565724000034 ], [ 42.293109847000039, 6.325918587000047 ], [ 42.301132141000039, 6.32763338500007 ], [ 42.302879850000068, 6.329348018000076 ], [ 42.308628071000044, 6.334169383000074 ], [ 42.312541883000051, 6.333530941000049 ], [ 42.314352713000062, 6.326876292000065 ], [ 42.31470876800006, 6.326202844000022 ], [ 42.318649230000062, 6.323725621000051 ], [ 42.320716890000028, 6.32375283600004 ], [ 42.320334203000073, 6.325084287000038 ], [ 42.320271948000027, 6.327421277000042 ], [ 42.319686840000031, 6.332245363000027 ], [ 42.320568146000028, 6.335015725000062 ], [ 42.32352826500005, 6.337123453000061 ], [ 42.330661692000035, 6.336297901000023 ], [ 42.336463992000063, 6.33200590000007 ], [ 42.346015864000037, 6.339718423000022 ], [ 42.34764107500007, 6.338359891000039 ], [ 42.348144571000034, 6.335147836000033 ], [ 42.343528812000045, 6.319224774000077 ], [ 42.34384938900007, 6.318504565000069 ], [ 42.344515010000066, 6.317733753000027 ], [ 42.345638241000074, 6.316034266000031 ], [ 42.348564099000043, 6.317545295000059 ], [ 42.350135933000047, 6.318455534000066 ], [ 42.35063081100003, 6.318451674000073 ], [ 42.352254928000036, 6.320265199000062 ], [ 42.357688882000048, 6.325848090000022 ], [ 42.365268727000057, 6.326176573000055 ], [ 42.366268159000072, 6.320212867000066 ], [ 42.369293847000051, 6.318306114000052 ], [ 42.374007053000071, 6.318269353000062 ], [ 42.374512758000037, 6.318839905000061 ], [ 42.378272279000043, 6.321705736000069 ], [ 42.386615711000047, 6.328065817000038 ], [ 42.389583578000043, 6.329483506000031 ], [ 42.392120336000062, 6.32882692000004 ], [ 42.395240726000054, 6.318982098000049 ], [ 42.397773705000077, 6.318556281000042 ], [ 42.40321728300006, 6.323914621000029 ], [ 42.406505505000041, 6.318440424000073 ], [ 42.404487552000035, 6.31473545700004 ], [ 42.401021343000025, 6.313160118000042 ], [ 42.400146410000048, 6.312839598000039 ], [ 42.403625523000073, 6.310355571000059 ], [ 42.407745778000049, 6.310295020000069 ], [ 42.410293632000048, 6.310213632000057 ], [ 42.410987995000028, 6.308913600000039 ], [ 42.413364505000061, 6.303816360000042 ], [ 42.412750254000059, 6.298060365000026 ], [ 42.414150178000057, 6.29646974000002 ], [ 42.419966272000067, 6.305088201000046 ], [ 42.421138831000064, 6.306676308000021 ], [ 42.423454269000047, 6.30532684800005 ], [ 42.424329070000056, 6.303229332000058 ], [ 42.42631913200006, 6.297317595000038 ], [ 42.432102154000063, 6.294404916000076 ], [ 42.433428677000052, 6.298087127000031 ], [ 42.43287904400006, 6.299586423000051 ], [ 42.43247599700004, 6.300846603000025 ], [ 42.428520226000046, 6.304704282000046 ], [ 42.430526650000047, 6.309327600000074 ], [ 42.433277168000075, 6.309822969000038 ], [ 42.439571434000072, 6.303008952000027 ], [ 42.443878178000034, 6.307662510000057 ], [ 42.448066796000035, 6.303577842000038 ], [ 42.455739913000059, 6.303903702000071 ], [ 42.46368783500003, 6.304241232000038 ], [ 42.466926539000042, 6.30244403100005 ], [ 42.467674224000064, 6.298085124000067 ], [ 42.464275437000026, 6.294362579000051 ], [ 42.466598436000027, 6.292553471000076 ], [ 42.472770609000065, 6.294932793000044 ], [ 42.47858425000004, 6.289720550000027 ], [ 42.476409993000061, 6.29773906500003 ], [ 42.478695003000041, 6.298688412000047 ], [ 42.484710684000049, 6.295778189000032 ], [ 42.489296013000057, 6.296527386000037 ], [ 42.496391263000078, 6.298687467000036 ], [ 42.502170505000038, 6.296003855000038 ], [ 42.506904577000057, 6.303191715000025 ], [ 42.510108883000044, 6.304152024000075 ], [ 42.514816307000046, 6.295707315000072 ], [ 42.519149699000025, 6.298062254000058 ], [ 42.523803635000036, 6.293524175000073 ], [ 42.53163900800007, 6.29201652200004 ], [ 42.535808538000026, 6.289310987000022 ], [ 42.540614997000034, 6.290982692000057 ], [ 42.548656380000068, 6.291086264000057 ], [ 42.551281024000048, 6.283762892000027 ], [ 42.554748606000032, 6.281968526000071 ], [ 42.564117526000075, 6.285996872000055 ], [ 42.57725907400004, 6.282717155000057 ], [ 42.578891845000044, 6.280898975000071 ], [ 42.578243198000052, 6.277902191000067 ], [ 42.581230154000025, 6.277941314000032 ], [ 42.583724954000047, 6.280501886000025 ], [ 42.587196316000075, 6.278476184000056 ], [ 42.591548987000067, 6.279452369000069 ], [ 42.594562592000045, 6.277652333000049 ], [ 42.602172867000036, 6.275450672000034 ], [ 42.606964206000043, 6.278040916000066 ], [ 42.606094428000063, 6.274351070000023 ], [ 42.608219165000037, 6.269780671000035 ], [ 42.610740614000065, 6.270272638000051 ], [ 42.612022413000034, 6.27787535300007 ], [ 42.614299863000042, 6.279514361000054 ], [ 42.616211031000034, 6.273790873000053 ], [ 42.619937922000076, 6.269930359000057 ], [ 42.616569564000031, 6.263909386000023 ], [ 42.617549907000068, 6.259325002000026 ], [ 42.624698644000034, 6.257116726000049 ], [ 42.630733414000076, 6.252595846000077 ], [ 42.636215169000025, 6.255194596000024 ], [ 42.63846351400008, 6.261354937000021 ], [ 42.640430437000077, 6.266744198000026 ], [ 42.645019546000071, 6.267261490000067 ], [ 42.651046756000028, 6.263200825000069 ], [ 42.656997611000065, 6.265115206000075 ], [ 42.657989483000051, 6.259611526000072 ], [ 42.663742076000062, 6.258994063000046 ], [ 42.666515274000062, 6.257650462000072 ], [ 42.669403005000049, 6.265273966000052 ], [ 42.675869073000058, 6.262827361000063 ], [ 42.678142553000043, 6.264925450000021 ], [ 42.676952420000077, 6.268128811000054 ], [ 42.678527925000026, 6.270448219000059 ], [ 42.687274845000047, 6.269409664000023 ], [ 42.686180157000081, 6.26525695600003 ], [ 42.688274466000053, 6.263214622000021 ], [ 42.697895133000031, 6.265635901000053 ], [ 42.701091691000045, 6.26728587100007 ], [ 42.706226443000048, 6.260913358000039 ], [ 42.708759232000034, 6.260485651000067 ], [ 42.711681361000046, 6.265581091000058 ], [ 42.714653009000074, 6.266768012000057 ], [ 42.72478870100008, 6.264827737000076 ], [ 42.728984879000052, 6.260282098000062 ], [ 42.731979395000053, 6.259630237000067 ], [ 42.734703074000038, 6.262424413000076 ], [ 42.73745718300006, 6.262688635000075 ], [ 42.740329793000058, 6.253758385000026 ], [ 42.744918902000052, 6.254276812000057 ], [ 42.745422399000063, 6.250604542000076 ], [ 42.740909646000034, 6.244110123000041 ], [ 42.742092218000039, 6.241596234000042 ], [ 42.746261559000061, 6.239119956000025 ], [ 42.745632189000048, 6.234284013000035 ], [ 42.747268739000049, 6.232235820000028 ], [ 42.751144374000035, 6.234583389000022 ], [ 42.752758056000062, 6.234145098000056 ], [ 42.753032673000064, 6.230699061000053 ], [ 42.751232070000071, 6.227687345000049 ], [ 42.754054974000042, 6.222435413000028 ], [ 42.754337339000074, 6.218530107000049 ], [ 42.762870880000037, 6.215879003000055 ], [ 42.764576304000059, 6.213689228000021 ], [ 42.768735212000081, 6.208697757000039 ], [ 42.771976522000045, 6.204728570000043 ], [ 42.776126773000044, 6.203631425000026 ], [ 42.780475663000061, 6.204835355000057 ], [ 42.782566003000056, 6.203022467000039 ], [ 42.783290819000058, 6.20027308300007 ], [ 42.781269085000076, 6.196797941000057 ], [ 42.783382483000025, 6.193147594000038 ], [ 42.78639608900005, 6.191115844000024 ], [ 42.787963843000057, 6.194353981000063 ], [ 42.795617335000031, 6.195618272000047 ], [ 42.796411892000037, 6.195709449000049 ], [ 42.798260028000072, 6.196050021000076 ], [ 42.798511555000061, 6.196096372000056 ], [ 42.800357897000026, 6.195429769000043 ], [ 42.798875341000041, 6.192142305000061 ], [ 42.798568634000048, 6.191498758000023 ], [ 42.799181618000034, 6.190197214000023 ], [ 42.799514768000051, 6.189441682000052 ], [ 42.811744769000029, 6.185456806000047 ], [ 42.813163781000071, 6.182255713000075 ], [ 42.812286443000062, 6.178795311000044 ], [ 42.810462972000039, 6.177623700000026 ], [ 42.80100257600003, 6.180953502000023 ], [ 42.800882883000043, 6.179392863000032 ], [ 42.800944510000079, 6.179001483000036 ], [ 42.801343632000055, 6.178494693000061 ], [ 42.803154109000047, 6.175712029000067 ], [ 42.805244492000043, 6.172499154000036 ], [ 42.811012206000044, 6.170502181000074 ], [ 42.812885196000025, 6.167767539000067 ], [ 42.811775199000067, 6.164763951000054 ], [ 42.805704190000029, 6.158888269000045 ], [ 42.804320215000075, 6.157563153000069 ], [ 42.803833040000029, 6.157077320000042 ], [ 42.804469140000037, 6.15661736800007 ], [ 42.806152259000044, 6.155267645000038 ], [ 42.811420446000056, 6.156712929000037 ], [ 42.812816588000032, 6.15535118300005 ], [ 42.811473932000069, 6.152344761000052 ], [ 42.806892383000047, 6.151367630000038 ], [ 42.809703759000058, 6.147034616000042 ], [ 42.817955772000062, 6.138359300000047 ], [ 42.826168116000076, 6.135055607000027 ], [ 42.830314587000032, 6.134418488000051 ], [ 42.836467672000026, 6.138173540000025 ], [ 42.840370144000076, 6.138682895000045 ], [ 42.845458969000049, 6.135986810000077 ], [ 42.849365221000028, 6.135806504000072 ], [ 42.850727155000072, 6.137202647000038 ], [ 42.849521713000058, 6.141555695000022 ], [ 42.85110099700006, 6.143875103000028 ], [ 42.855011030000071, 6.143464028000039 ], [ 42.858783659000039, 6.135923305000063 ], [ 42.862724309000043, 6.133214936000059 ], [ 42.86367318200007, 6.133020330000022 ], [ 42.880691594000041, 6.12953000300007 ], [ 42.887100206000071, 6.131449298000064 ], [ 42.890785140000048, 6.130805563000024 ], [ 42.891033108000045, 6.129198496000072 ], [ 42.885131771000033, 6.12360674200005 ], [ 42.885871895000037, 6.119707672000061 ], [ 42.889137249000044, 6.115839976000075 ], [ 42.893760756000063, 6.113367478000043 ], [ 42.898582524000062, 6.113657971000066 ], [ 42.903148575000046, 6.116014423000024 ], [ 42.907402020000063, 6.124804057000063 ], [ 42.911552461000042, 6.123705778000044 ], [ 42.911140441000043, 6.120022357000039 ], [ 42.906612378000034, 6.114447990000031 ], [ 42.90551372200008, 6.110525106000068 ], [ 42.912521275000074, 6.101415117000045 ], [ 42.915744859000029, 6.100995537000074 ], [ 42.90128530000004, 6.06697882900005 ], [ 42.866258728000048, 5.994924167000022 ], [ 42.813605291000044, 5.945019407000075 ], [ 42.811526732000061, 5.943049355000028 ], [ 42.811396053000067, 5.942925498000022 ], [ 42.790201030000048, 5.927873301000034 ], [ 42.651095502000032, 5.920867987000065 ], [ 42.558024898000042, 5.970905946000073 ], [ 42.510989216000041, 6.001929481000047 ], [ 42.460951256000044, 6.088995531000023 ], [ 42.396998681000071, 6.136357494000038 ], [ 42.128854, 6.155758 ], [ 41.801783, 6.250241 ], [ 41.481531, 6.446528 ], [ 41.484413288000042, 6.448362179000071 ], [ 41.484510004000072, 6.449507004000054 ], [ 41.493133699000055, 6.454994796000051 ], [ 41.500973108000039, 6.459983498000042 ], [ 41.511010869000074, 6.466371149000054 ], [ 41.52234577300004, 6.473584250000044 ], [ 41.540924305000033, 6.485406923000028 ], [ 41.552677763000077, 6.492886377000048 ], [ 41.564054144000067, 6.500125874000048 ], [ 41.578168097000059, 6.509107458000074 ], [ 41.598021147000054, 6.521741185000053 ], [ 41.615426973000069, 6.532817592000072 ], [ 41.630992669000079, 6.542723009000042 ], [ 41.663471381000079, 6.535479731000066 ], [ 41.67618064100003, 6.521226831000035 ], [ 41.684886849000065, 6.505226511000046 ], [ 41.694124482000063, 6.49553766300005 ], [ 41.731093481000073, 6.45333781100004 ], [ 41.762674698000069, 6.446083693000048 ], [ 41.797029050000049, 6.453756937000037 ], [ 41.81840061500003, 6.47039286100005 ], [ 41.857664776000036, 6.475142558000073 ], [ 41.915927725000074, 6.513773426000057 ], [ 41.946959078000077, 6.556204053000044 ], [ 41.998572452000076, 6.558737224000026 ], [ 42.029287159000035, 6.576469426000074 ], [ 42.075328918000025, 6.573116801000026 ], [ 42.07238391900006, 6.56986052000002 ], [ 42.067573492000065, 6.568646006000051 ], [ 42.067398100000048, 6.564736352000068 ], [ 42.070427014000074, 6.56155926200006 ] ] ] } },
{ "type": "Feature", "properties": { "DISTRICTS": "Elkari", "Zone_Name": "Afder", "Wor_PCode": "ET0501003" }, "geometry": { "type": "Polygon", "coordinates": [ [ [ 42.558024898000042, 5.970905946000073 ], [ 42.651095502000032, 5.920867987000065 ], [ 42.790201030000048, 5.927873301000034 ], [ 42.811396053000067, 5.942925498000022 ], [ 42.81140018900004, 5.94260306700005 ], [ 42.811415854000074, 5.941381896000053 ], [ 42.811458139000081, 5.938085494000063 ], [ 42.811511836000079, 5.933899543000052 ], [ 42.811518601000046, 5.93337215300005 ], [ 42.811527549000061, 5.932674599000052 ], [ 42.811531632000026, 5.932356323000022 ], [ 42.811535909000042, 5.932022859000028 ], [ 42.811806111000067, 5.910958939000068 ], [ 42.812341821000075, 5.869197113000041 ], [ 42.812885, 5.826853 ], [ 42.699594, 5.683861 ], [ 42.240059, 5.715925 ], [ 41.969108610000035, 5.621336118000045 ], [ 41.77484512400008, 5.619918136000024 ], [ 41.765758, 5.659794 ], [ 41.727342738000061, 5.850103825000076 ], [ 41.619870877000039, 5.877786746000027 ], [ 41.623534664000033, 5.936955201000046 ], [ 41.566291, 6.041727 ], [ 41.481531, 6.446528 ], [ 41.801783, 6.250241 ], [ 42.128854, 6.155758 ], [ 42.396998681000071, 6.136357494000038 ], [ 42.460951256000044, 6.088995531000023 ], [ 42.510989216000041, 6.001929481000047 ], [ 42.558024898000042, 5.970905946000073 ] ] ] } },
{ "type": "Feature", "properties": { "DISTRICTS": "Charati", "Zone_Name": "Afder", "Wor_PCode": "ET0501006" }, "geometry": { "type": "Polygon", "coordinates": [ [ [ 41.727342738000061, 5.850103825000076 ], [ 41.765758, 5.659794 ], [ 41.77484512400008, 5.619918136000024 ], [ 41.969108610000035, 5.621336118000045 ], [ 42.240059, 5.715925 ], [ 42.080292, 5.424594 ], [ 42.070549881000034, 5.402471388000038 ], [ 42.052305484000044, 5.300379908000025 ], [ 41.957788144000062, 5.207058991000054 ], [ 41.948293852000063, 5.204001247000065 ], [ 41.920516794000036, 5.19200089800006 ], [ 41.919396, 5.170599 ], [ 41.94423959900007, 5.159192763000021 ], [ 41.948411596000028, 5.154082264000067 ], [ 41.948553554000057, 5.150249392000035 ], [ 41.951676636000059, 5.133640273000026 ], [ 41.954657760000032, 5.131794815000035 ], [ 41.958632591000026, 5.132078732000025 ], [ 41.960761966000064, 5.131085024000072 ], [ 41.963459173000047, 5.127394108000033 ], [ 41.963126458000033, 5.12262963400002 ], [ 41.96299669900003, 5.121431861000076 ], [ 41.963835141000061, 5.120832975000042 ], [ 41.971060040000054, 5.113932471000055 ], [ 41.977130704000047, 5.109946180000065 ], [ 41.99864245100008, 5.099612768000043 ], [ 42.00074018600003, 5.084479796000039 ], [ 42.026303160000055, 4.996648495000045 ], [ 42.047137172000077, 4.92506534100005 ], [ 42.071015, 4.843024 ], [ 41.965094528000066, 4.845888255000034 ], [ 41.926809023000033, 4.796258898000076 ], [ 41.870089758000063, 4.742375596000045 ], [ 41.788490484000079, 4.695863135000025 ], [ 41.64527, 4.676453 ], [ 41.641809694000074, 4.67506460200002 ], [ 41.641829052000048, 4.675039643000048 ], [ 41.636699967000027, 4.672932891000073 ], [ 41.633066362000079, 4.671440400000051 ], [ 41.63054915400005, 4.670406467000021 ], [ 41.628022354000052, 4.669368593000058 ], [ 41.626315438000063, 4.668667484000025 ], [ 41.623983857000042, 4.667709795000064 ], [ 41.62385949600008, 4.667862341000045 ], [ 41.621491933000073, 4.669137517000024 ], [ 41.616366277000054, 4.671898209000062 ], [ 41.609211050000056, 4.675752147000026 ], [ 41.601188567000065, 4.677859308000052 ], [ 41.597076493000031, 4.681559550000031 ], [ 41.596179877000054, 4.686854385000061 ], [ 41.597576210000057, 4.690528924000034 ], [ 41.601711341000055, 4.692120492000072 ], [ 41.614078556000038, 4.686312145000045 ], [ 41.617752149000069, 4.686755161000065 ], [ 41.618003897000051, 4.691354664000073 ], [ 41.612545011000066, 4.702652895000028 ], [ 41.597961392000059, 4.724574628000028 ], [ 41.596836086000053, 4.729411139000035 ], [ 41.599441451000075, 4.746882867000068 ], [ 41.599479629000029, 4.755394482000042 ], [ 41.598117884000033, 4.758621279000067 ], [ 41.590442593000034, 4.786722179000037 ], [ 41.584056850000024, 4.795263845000022 ], [ 41.57331087700004, 4.804054235000024 ], [ 41.570350570000073, 4.808668670000031 ], [ 41.571289143000058, 4.813496108000038 ], [ 41.574512538000079, 4.815781686000037 ], [ 41.582775053000034, 4.816203156000029 ], [ 41.584404043000063, 4.821026814000049 ], [ 41.581241695000074, 4.83162347800004 ], [ 41.576000158000056, 4.839929083000072 ], [ 41.570739721000052, 4.843863874000021 ], [ 41.556045537000045, 4.843010350000043 ], [ 41.553783395000039, 4.849922269000047 ], [ 41.553592695000077, 4.858665031000044 ], [ 41.554933920000053, 4.865320662000045 ], [ 41.556880917000058, 4.874982347000071 ], [ 41.55415345800003, 4.880975726000031 ], [ 41.539077683000073, 4.896916932000067 ], [ 41.531360624000058, 4.916045245000021 ], [ 41.526321317000054, 4.918828459000053 ], [ 41.515071847000058, 4.918189072000075 ], [ 41.510036509000031, 4.921202678000043 ], [ 41.502727501000038, 4.929286019000074 ], [ 41.496120439000038, 4.940817854000045 ], [ 41.491302450000035, 4.941299048000076 ], [ 41.489246319000074, 4.943378993000067 ], [ 41.487899694000077, 4.950285431000054 ], [ 41.489093796000077, 4.960631292000073 ], [ 41.484756435000065, 4.965941814000075 ], [ 41.47397228300008, 4.967140641000071 ], [ 41.470085120000078, 4.970378400000072 ], [ 41.467384311000046, 4.982582131000072 ], [ 41.464187564000042, 4.986276703000044 ], [ 41.453256340000053, 4.991628758000047 ], [ 41.443801834000055, 4.996257793000041 ], [ 41.436923935000038, 4.998358340000038 ], [ 41.424991608000028, 4.999330933000067 ], [ 41.418350148000059, 5.00327063800006 ], [ 41.400650108000036, 5.050504198000056 ], [ 41.39882663700007, 5.052812644000028 ], [ 41.391254351000043, 5.054225419000034 ], [ 41.386226573000044, 5.059307629000045 ], [ 41.379611950000026, 5.069227673000057 ], [ 41.375301428000057, 5.080977992000044 ], [ 41.371284421000041, 5.086542153000039 ], [ 41.364803233000032, 5.095514738000077 ], [ 41.362323742000058, 5.10587590800003 ], [ 41.354316757000049, 5.112581250000062 ], [ 41.350917780000032, 5.12294676700003 ], [ 41.346580419000077, 5.129175640000028 ], [ 41.347518993000051, 5.134002133000024 ], [ 41.350318840000057, 5.14411117700007 ], [ 41.350345677000064, 5.150092082000072 ], [ 41.348068227000056, 5.154471968000053 ], [ 41.344848612000078, 5.153795726000055 ], [ 41.341815918000066, 5.142077536000045 ], [ 41.339279160000046, 5.13978817900005 ], [ 41.337203916000078, 5.14024941100007 ], [ 41.334003414000051, 5.140960736000068 ], [ 41.331062384000063, 5.15086414700005 ], [ 41.323966946000041, 5.156415077000077 ], [ 41.321918564000043, 5.160564383000064 ], [ 41.319892862000074, 5.170463070000039 ], [ 41.320610117000058, 5.176900788000069 ], [ 41.326381610000055, 5.183776797000064 ], [ 41.329402964000053, 5.192734263000034 ], [ 41.329429614000048, 5.19848496700007 ], [ 41.323040090000063, 5.208402553000042 ], [ 41.321239487000071, 5.216460758000039 ], [ 41.315990390000024, 5.224533515000076 ], [ 41.312381812000069, 5.239269657000023 ], [ 41.313343067000062, 5.24915605800004 ], [ 41.31660842000008, 5.261102749000031 ], [ 41.316177311000047, 5.268004462000022 ], [ 41.318546237000078, 5.284555004000026 ], [ 41.314910822000058, 5.294460683000068 ], [ 41.309200375000046, 5.301615278000043 ], [ 41.30445235500008, 5.304637683000067 ], [ 41.303016674000048, 5.305551582000021 ], [ 41.301883618000033, 5.308776866000073 ], [ 41.302368214000069, 5.31475455900005 ], [ 41.299655875000042, 5.324656081000057 ], [ 41.300343674000032, 5.327302924000037 ], [ 41.302223251000044, 5.334536056000047 ], [ 41.294944672000042, 5.35135705600004 ], [ 41.288310960000047, 5.357594435000067 ], [ 41.274337812000056, 5.36616331700003 ], [ 41.261474256000042, 5.375909548000038 ], [ 41.261311258000035, 5.376033046000032 ], [ 41.257854554000062, 5.378652060000036 ], [ 41.251205534000064, 5.381439621000027 ], [ 41.248252787000069, 5.389272159000029 ], [ 41.249202701000058, 5.39639764900005 ], [ 41.255447450000077, 5.406951409000044 ], [ 41.256058136000036, 5.412265538000042 ], [ 41.256160736000027, 5.413158358000032 ], [ 41.253444617000071, 5.422139639000022 ], [ 41.247501323000051, 5.429063276000022 ], [ 41.23306266700007, 5.436483416000044 ], [ 41.218143385000076, 5.43907555100003 ], [ 41.211727212000028, 5.442321815000071 ], [ 41.204410644000063, 5.450171553000075 ], [ 41.201675436000073, 5.456162475000042 ], [ 41.198318418000042, 5.476644972000031 ], [ 41.190372479000075, 5.499906527000064 ], [ 41.186031338000078, 5.505673484000056 ], [ 41.181847854000068, 5.506589471000041 ], [ 41.179607417000057, 5.507080022000025 ], [ 41.177326187000062, 5.510999126000058 ], [ 41.178855663000036, 5.514784056000053 ], [ 41.179645595000068, 5.516738867000072 ], [ 41.182767597000066, 5.51983801800003 ], [ 41.18679811100003, 5.523839031000023 ], [ 41.18704230000003, 5.527977942000064 ], [ 41.185447706000048, 5.530973970000048 ], [ 41.183113178000042, 5.537105509000071 ], [ 41.171691907000024, 5.537929548000022 ], [ 41.169989431000033, 5.539180129000044 ], [ 41.169932292000055, 5.539222101000064 ], [ 41.16161726200005, 5.545330033000027 ], [ 41.157497440000043, 5.549485765000043 ], [ 41.150436399000057, 5.564003423000031 ], [ 41.14310830200003, 5.569552463000036 ], [ 41.142433195000081, 5.573004169000058 ], [ 41.152674686000069, 5.587027868000064 ], [ 41.152695664000078, 5.587056594000046 ], [ 41.155830460000061, 5.591349077000075 ], [ 41.155849549000038, 5.595487989000048 ], [ 41.154258736000031, 5.600323743000047 ], [ 41.146930639000061, 5.605412946000058 ], [ 41.146055865000051, 5.605438368000023 ], [ 41.146046140000067, 5.605438651000043 ], [ 41.137741080000069, 5.605680004000021 ], [ 41.136138927000047, 5.607526344000064 ], [ 41.137081092000074, 5.612581717000069 ], [ 41.139323177000051, 5.615511081000022 ], [ 41.139405914000065, 5.615619179000021 ], [ 41.141467971000054, 5.618313331000024 ], [ 41.150976953000054, 5.622694687000035 ], [ 41.151363445000072, 5.622872767000047 ], [ 41.151739620000058, 5.623577363000038 ], [ 41.228632580000067, 5.712569685000062 ], [ 41.408508845000028, 5.665572687000065 ], [ 41.545900169000049, 5.761479971000028 ], [ 41.619870877000039, 5.877786746000027 ], [ 41.727342738000061, 5.850103825000076 ] ] ] } },
{ "type": "Feature", "properties": { "DISTRICTS": "Gorobakaks", "Zone_Name": "Liban", "Wor_PCode": "ET0508005" }, "geometry": { "type": "Polygon", "coordinates": [ [ [ 41.545900169000049, 5.761479971000028 ], [ 41.408508845000028, 5.665572687000065 ], [ 41.228632580000067, 5.712569685000062 ], [ 41.208612152000057, 5.800027343000068 ], [ 41.114832254000078, 6.146696855000073 ], [ 41.085328465000032, 6.153019096000037 ], [ 41.055675587000053, 6.174330017000045 ], [ 41.031823580000037, 6.216592735000063 ], [ 41.039199527000051, 6.250311350000061 ], [ 41.064488488000052, 6.312480046000076 ], [ 41.096099690000074, 6.43787114600002 ], [ 41.094075460000056, 6.455335125000033 ], [ 41.094415651000077, 6.458256579000022 ], [ 41.166414766000059, 6.456641684000033 ], [ 41.24890741300004, 6.454791425000053 ], [ 41.338824068000065, 6.452774649000048 ], [ 41.424948892000032, 6.450842923000039 ], [ 41.481484580000028, 6.449574862000077 ], [ 41.481467192000025, 6.44652945200005 ], [ 41.481531, 6.446528 ], [ 41.566291, 6.041727 ], [ 41.623534664000033, 5.936955201000046 ], [ 41.619870877000039, 5.877786746000027 ], [ 41.545900169000049, 5.761479971000028 ] ] ] } },
{ "type": "Feature", "properties": { "DISTRICTS": "Guradamole", "Zone_Name": "Liban", "Wor_PCode": "ET0508006" }, "geometry": { "type": "Polygon", "coordinates": [ [ [ 41.228632580000067, 5.712569685000062 ], [ 41.151739620000058, 5.623577363000038 ], [ 41.153446225000039, 5.626773916000047 ], [ 41.151855412000032, 5.630689618000076 ], [ 41.131900791000078, 5.638589441000022 ], [ 41.125274640000043, 5.648044166000034 ], [ 41.113338533000046, 5.649702074000061 ], [ 41.108509016000028, 5.648571476000029 ], [ 41.097007799000039, 5.645167775000061 ], [ 41.081863417000079, 5.650056827000071 ], [ 41.077972473000045, 5.653292129000022 ], [ 41.072502057000065, 5.664352032000068 ], [ 41.068386015000044, 5.668967790000067 ], [ 41.060577480000063, 5.669918460000076 ], [ 41.057601864000048, 5.673149604000059 ], [ 41.052623793000066, 5.691795778000028 ], [ 41.048057552000046, 5.69917244800007 ], [ 41.033397767000054, 5.710727720000023 ], [ 41.026496809000037, 5.708915209000054 ], [ 41.020027150000033, 5.699052244000029 ], [ 41.007144910000079, 5.695652890000076 ], [ 40.99956506400008, 5.695681618000037 ], [ 40.992694914000026, 5.70145745800005 ], [ 40.989940617000059, 5.701928069000076 ], [ 40.978893189000075, 5.697371467000039 ], [ 40.970165168000051, 5.69809439200003 ], [ 40.962558674000036, 5.691454822000026 ], [ 40.945758841000043, 5.683699584000067 ], [ 40.939944573000048, 5.679316209000035 ], [ 40.933315269000047, 5.674318380000045 ], [ 40.927504154000076, 5.675684587000035 ], [ 40.923454194000044, 5.679184942000063 ], [ 40.919319063000046, 5.678740413000071 ], [ 40.906879460000027, 5.670508329000029 ], [ 40.891712210000037, 5.669415531000027 ], [ 40.88319776000003, 5.665997466000022 ], [ 40.875129727000058, 5.658208776000038 ], [ 40.859950947000073, 5.653895795000039 ], [ 40.849613214000044, 5.654623446000073 ], [ 40.843193073000066, 5.657866496000054 ], [ 40.84089653400008, 5.657415353000033 ], [ 40.838588655000081, 5.655123729000024 ], [ 40.833225212000059, 5.633986912000069 ], [ 40.830913554000063, 5.629166089000023 ], [ 40.827457499000047, 5.627109013000052 ], [ 40.82624892900003, 5.624471242000027 ], [ 40.82398613600003, 5.619532569000057 ], [ 40.817402680000043, 5.617112599000052 ], [ 40.808132556000032, 5.61538082200002 ], [ 40.80122373100005, 5.614325431000054 ], [ 40.779831009000077, 5.607274029000052 ], [ 40.771312778000038, 5.601785091000067 ], [ 40.768135013000062, 5.598191995000036 ], [ 40.767885154000055, 5.597909481000045 ], [ 40.699367198000061, 5.724308662000055 ], [ 40.585747725000033, 5.828326490000052 ], [ 40.626064218000067, 5.901430684000047 ], [ 40.630281409000077, 5.952036976000045 ], [ 40.55015478100006, 6.049032369000031 ], [ 40.394118714000058, 6.141810571000065 ], [ 40.305557703000034, 6.188199671000064 ], [ 40.219989722000037, 6.22884446300003 ], [ 40.13687006300006, 6.268326300000069 ], [ 40.009840758000053, 6.367208190000042 ], [ 40.00685356200006, 6.369533477000061 ], [ 40.006742344000031, 6.441542947000073 ], [ 40.006584825000061, 6.543530992000058 ], [ 40.126473234000059, 6.794547349000027 ], [ 40.128280894000056, 6.79507385200003 ], [ 40.129452239000045, 6.79752635400007 ], [ 40.141622158000075, 6.801070990000028 ], [ 40.184031158000039, 6.813423126000032 ], [ 40.227167991000044, 6.825987252000061 ], [ 40.254644832000054, 6.833990216000075 ], [ 40.286000975000036, 6.843123072000026 ], [ 40.322397647000059, 6.853724045000035 ], [ 40.358351037000034, 6.841488598000069 ], [ 40.393863046000035, 6.829403359000025 ], [ 40.431575687000077, 6.816569215000072 ], [ 40.493388349000043, 6.795533492000061 ], [ 40.525054232000059, 6.784757144000025 ], [ 40.586775991000025, 6.763752357000044 ], [ 40.610384065000062, 6.755718196000032 ], [ 40.680189619000032, 6.731962380000027 ], [ 40.706353893000028, 6.688791327000047 ], [ 40.730729603000043, 6.64857140600003 ], [ 40.756808564000039, 6.605541119000065 ], [ 40.777915532000065, 6.570714621000036 ], [ 40.792585003000056, 6.546509996000054 ], [ 40.804407163000064, 6.530168016000061 ], [ 40.825164137000058, 6.501475285000026 ], [ 40.836109477000036, 6.486345349000032 ], [ 40.85249553500006, 6.463682698000071 ], [ 40.886489300000051, 6.462920239000027 ], [ 40.923062823000066, 6.462099917000046 ], [ 40.955584019000071, 6.461370487000067 ], [ 40.986354181000024, 6.460680331000049 ], [ 41.016905633000079, 6.459995081000045 ], [ 41.060025937000034, 6.45902792000004 ], [ 41.094415651000077, 6.458256579000022 ], [ 41.094075460000056, 6.455335125000033 ], [ 41.096099690000074, 6.43787114600002 ], [ 41.064488488000052, 6.312480046000076 ], [ 41.039199527000051, 6.250311350000061 ], [ 41.031823580000037, 6.216592735000063 ], [ 41.055675587000053, 6.174330017000045 ], [ 41.085328465000032, 6.153019096000037 ], [ 41.114832254000078, 6.146696855000073 ], [ 41.208612152000057, 5.800027343000068 ], [ 41.228632580000067, 5.712569685000062 ] ] ] } },
{ "type": "Feature", "properties": { "DISTRICTS": "Bokolmayo", "Zone_Name": "Liban", "Wor_PCode": "ET0508001" }, "geometry": { "type": "Polygon", "coordinates": [ [ [ 41.788326358000063, 4.465553331000024 ], [ 41.775360571000078, 4.44788698800005 ], [ 41.752041853000037, 4.42980308500006 ], [ 41.728247243000055, 4.418857564000064 ], [ 41.711115124000059, 4.413622750000059 ], [ 41.688272299000062, 4.406484367000076 ], [ 41.660194659000069, 4.399345984000036 ], [ 41.630689342000039, 4.393635277000044 ], [ 41.575723793000066, 4.380191323000076 ], [ 41.529324303000067, 4.346878869000022 ], [ 41.485304275000033, 4.317135606000022 ], [ 41.444853438000052, 4.294530726000062 ], [ 41.406782062000048, 4.273115577000056 ], [ 41.338967423000042, 4.235044201000051 ], [ 41.325880387000041, 4.195783095000024 ], [ 41.317552274000036, 4.160091180000052 ], [ 41.311603621000074, 4.138676030000056 ], [ 41.266393862000029, 4.105363576000059 ], [ 41.240219791000072, 4.054205165000042 ], [ 41.228322486000025, 4.03041055500006 ], [ 41.217614912000045, 4.011374867000029 ], [ 41.210627291000037, 3.971677843000066 ], [ 41.211531867000076, 3.962782847000028 ], [ 41.214550019000058, 3.953505993000022 ], [ 41.208877564000034, 3.950726986000063 ], [ 41.20320892400008, 3.947947979000048 ], [ 41.202806425000063, 3.940009118000035 ], [ 41.202751160000048, 3.938919068000075 ], [ 41.200981140000067, 3.938106060000052 ], [ 41.194887694000045, 3.939440107000053 ], [ 41.194898483000031, 3.93953551200002 ], [ 41.194547838000062, 3.939514512000073 ], [ 41.185871124000073, 3.941414118000068 ], [ 41.181571960000042, 3.939517975000058 ], [ 41.169265747000054, 3.942579985000066 ], [ 41.162860871000078, 3.951335907000043 ], [ 41.148891449000075, 3.957349062000048 ], [ 41.135879517000035, 3.964741945000071 ], [ 41.132629395000038, 3.966588021000064 ], [ 41.13562011700003, 3.971411944000067 ], [ 41.133338928000057, 3.974178076000044 ], [ 41.124855042000036, 3.974195957000063 ], [ 41.122581482000044, 3.982482910000044 ], [ 41.118003845000032, 3.987095117000024 ], [ 41.111816406000059, 3.987567902000023 ], [ 41.105388641000047, 3.985281945000054 ], [ 41.104019165000068, 3.989195108000047 ], [ 41.100131989000033, 3.99343800500003 ], [ 41.098529816000053, 3.995188952000035 ], [ 41.091869354000039, 4.013317108000024 ], [ 41.07265091000005, 4.022595882000076 ], [ 41.065368652000075, 4.036427975000038 ], [ 41.060699463000049, 4.043039799000042 ], [ 41.057388306000064, 4.047733784000059 ], [ 41.044361115000072, 4.058828831000028 ], [ 41.040710449000073, 4.064825058000054 ], [ 41.035228729000039, 4.070367813000075 ], [ 41.031799316000047, 4.071531773000061 ], [ 41.026065826000035, 4.070864201000063 ], [ 41.023109436000027, 4.076626777000058 ], [ 41.009860992000029, 4.089333058000022 ], [ 41.001422882000043, 4.102709771000036 ], [ 40.993419647000053, 4.107801915000039 ], [ 40.982192994000059, 4.110606193000024 ], [ 40.977169037000067, 4.11637687700005 ], [ 40.972156525000059, 4.125369072000069 ], [ 40.965080261000026, 4.132068157000049 ], [ 40.947910308000075, 4.140876770000034 ], [ 40.929805756000064, 4.144166947000031 ], [ 40.913780212000063, 4.151128769000024 ], [ 40.908217089000061, 4.152197181000076 ], [ 40.906448364000028, 4.152536869000073 ], [ 40.904159546000074, 4.154615879000062 ], [ 40.90355549800006, 4.156334378000054 ], [ 40.898490905000074, 4.170742989000075 ], [ 40.883205414000031, 4.19265699400006 ], [ 40.881401062000066, 4.19885778400004 ], [ 40.883781433000024, 4.206212998000069 ], [ 40.884010315000069, 4.206934929000056 ], [ 40.882381440000074, 4.212838173000023 ], [ 40.873218537000071, 4.22088909200005 ], [ 40.855766297000059, 4.226706981000063 ], [ 40.844100952000076, 4.246257782000043 ], [ 40.830688477000081, 4.248429775000034 ], [ 40.813842774000079, 4.25515079500002 ], [ 40.802509308000026, 4.262080193000031 ], [ 40.784641266000051, 4.273006916000043 ], [ 40.778388977000077, 4.280996800000025 ], [ 40.77492141700003, 4.281918049000069 ], [ 40.774341629000048, 4.28149813400006 ], [ 40.768879026000036, 4.286942086000067 ], [ 40.767990158000032, 4.294767820000061 ], [ 40.762966160000076, 4.301227652000023 ], [ 40.76183310600004, 4.304912585000068 ], [ 40.76391985500004, 4.311807116000068 ], [ 40.762565669000026, 4.31802370500003 ], [ 40.767966410000042, 4.317098782000073 ], [ 40.769676, 4.316806 ], [ 40.819422544000076, 4.337239210000064 ], [ 41.172985934000053, 4.482464065000045 ], [ 41.190119221000032, 4.529574551000053 ], [ 41.208679017000065, 4.595247675000053 ], [ 41.22152810700004, 4.622373530000061 ], [ 41.261503051000034, 4.662348475000044 ], [ 41.285773554000059, 4.700895743000046 ], [ 41.311471733000076, 4.726593922000063 ], [ 41.368578797000055, 4.776562603000059 ], [ 41.407126065000057, 4.795122399000036 ], [ 41.434251920000065, 4.846518757000069 ], [ 41.45138404000005, 4.879355319000069 ], [ 41.515071847000058, 4.918189072000075 ], [ 41.526321317000054, 4.918828459000053 ], [ 41.531360624000058, 4.916045245000021 ], [ 41.539077683000073, 4.896916932000067 ], [ 41.55415345800003, 4.880975726000031 ], [ 41.556880917000058, 4.874982347000071 ], [ 41.554933920000053, 4.865320662000045 ], [ 41.553592695000077, 4.858665031000044 ], [ 41.553783395000039, 4.849922269000047 ], [ 41.556045537000045, 4.843010350000043 ], [ 41.570739721000052, 4.843863874000021 ], [ 41.576000158000056, 4.839929083000072 ], [ 41.581241695000074, 4.83162347800004 ], [ 41.584404043000063, 4.821026814000049 ], [ 41.582775053000034, 4.816203156000029 ], [ 41.574512538000079, 4.815781686000037 ], [ 41.571289143000058, 4.813496108000038 ], [ 41.570350570000073, 4.808668670000031 ], [ 41.57331087700004, 4.804054235000024 ], [ 41.584056850000024, 4.795263845000022 ], [ 41.590442593000034, 4.786722179000037 ], [ 41.598117884000033, 4.758621279000067 ], [ 41.599479629000029, 4.755394482000042 ], [ 41.599441451000075, 4.746882867000068 ], [ 41.596836086000053, 4.729411139000035 ], [ 41.597961392000059, 4.724574628000028 ], [ 41.612545011000066, 4.702652895000028 ], [ 41.618003897000051, 4.691354664000073 ], [ 41.617752149000069, 4.686755161000065 ], [ 41.614078556000038, 4.686312145000045 ], [ 41.601711341000055, 4.692120492000072 ], [ 41.597576210000057, 4.690528924000034 ], [ 41.596179877000054, 4.686854385000061 ], [ 41.597076493000031, 4.681559550000031 ], [ 41.601188567000065, 4.677859308000052 ], [ 41.609211050000056, 4.675752147000026 ], [ 41.616366277000054, 4.671898209000062 ], [ 41.621491933000073, 4.669137517000024 ], [ 41.62385949600008, 4.667862341000045 ], [ 41.623983857000042, 4.667709795000064 ], [ 41.631389634000072, 4.65862553300002 ], [ 41.639057176000051, 4.630293298000026 ], [ 41.644771590000062, 4.625435431000028 ], [ 41.648336535000055, 4.618456239000068 ], [ 41.65429681300003, 4.601465316000031 ], [ 41.658657044000051, 4.600985067000067 ], [ 41.660049406000041, 4.604659038000023 ], [ 41.657337256000062, 4.613644098000066 ], [ 41.659080055000061, 4.613760804000037 ], [ 41.660549123000067, 4.61385918000002 ], [ 41.66465760400007, 4.608778482000048 ], [ 41.66491850400007, 4.608171841000058 ], [ 41.670288897000034, 4.595684664000032 ], [ 41.673282620000066, 4.588723691000041 ], [ 41.678400561000046, 4.589086595000026 ], [ 41.682737354000039, 4.592601803000036 ], [ 41.683283226000071, 4.592529020000029 ], [ 41.684011055000042, 4.591109753000069 ], [ 41.685447605000036, 4.589586287000031 ], [ 41.689106079000055, 4.587268391000066 ], [ 41.690597912000044, 4.588635132000036 ], [ 41.690998218000061, 4.588089260000061 ], [ 41.691124184000046, 4.584754232000023 ], [ 41.695884168000077, 4.578824234000024 ], [ 41.696478951000074, 4.57808325000002 ], [ 41.700969609000026, 4.572488779000025 ], [ 41.704410544000041, 4.572472525000023 ], [ 41.710159356000077, 4.574976020000065 ], [ 41.710917026000061, 4.577072097000041 ], [ 41.710845218000031, 4.577743973000054 ], [ 41.71098850900006, 4.578132907000054 ], [ 41.711363540000036, 4.578307366000047 ], [ 41.713646029000074, 4.584621824000067 ], [ 41.711818777000076, 4.586701391000076 ], [ 41.701042185000063, 4.587902486000075 ], [ 41.697845439000048, 4.591138355000055 ], [ 41.698314726000035, 4.593436784000062 ], [ 41.702593731000036, 4.595813149000037 ], [ 41.709815943000081, 4.599824039000055 ], [ 41.721988678000059, 4.602066903000036 ], [ 41.721030653000071, 4.59430625300007 ], [ 41.720491898000034, 4.589941972000076 ], [ 41.720378011000037, 4.589019412000027 ], [ 41.717929903000027, 4.569188084000075 ], [ 41.721992458000045, 4.554674583000065 ], [ 41.725872061000075, 4.550515638000036 ], [ 41.729010137000046, 4.548698113000057 ], [ 41.732280673000048, 4.546803867000051 ], [ 41.740985825000053, 4.544001564000041 ], [ 41.74349215400008, 4.540308504000052 ], [ 41.741851823000047, 4.533874943000058 ], [ 41.742573902000061, 4.532224618000043 ], [ 41.74366754600004, 4.52972507000004 ], [ 41.746410314000059, 4.527641346000053 ], [ 41.747527747000049, 4.526946140000064 ], [ 41.759452826000029, 4.519527008000068 ], [ 41.761959156000046, 4.516063772000052 ], [ 41.760097505000033, 4.510551398000075 ], [ 41.763969359000043, 4.505241442000056 ], [ 41.784583968000049, 4.498239937000051 ], [ 41.788238473000035, 4.495001800000068 ], [ 41.787074989000075, 4.491556141000046 ], [ 41.784092001000033, 4.491340681000054 ], [ 41.77745432100005, 4.494133534000071 ], [ 41.771247939000034, 4.491862699000023 ], [ 41.774877252000067, 4.483654863000027 ], [ 41.77828214200008, 4.47595456800002 ], [ 41.784667885000033, 4.467641403000073 ], [ 41.788326358000063, 4.465553331000024 ] ] ] } },
{ "type": "Feature", "properties": { "DISTRICTS": "Filtu", "Zone_Name": "Liban", "Wor_PCode": "ET0508004" }, "geometry": { "type": "MultiPolygon", "coordinates": [ [ [ [ 41.048057552000046, 5.69917244800007 ], [ 41.052623793000066, 5.691795778000028 ], [ 41.057601864000048, 5.673149604000059 ], [ 41.060577480000063, 5.669918460000076 ], [ 41.068386015000044, 5.668967790000067 ], [ 41.072502057000065, 5.664352032000068 ], [ 41.077972473000045, 5.653292129000022 ], [ 41.081863417000079, 5.650056827000071 ], [ 41.097007799000039, 5.645167775000061 ], [ 41.108509016000028, 5.648571476000029 ], [ 41.113338533000046, 5.649702074000061 ], [ 41.125274640000043, 5.648044166000034 ], [ 41.131900791000078, 5.638589441000022 ], [ 41.151855412000032, 5.630689618000076 ], [ 41.153446225000039, 5.626773916000047 ], [ 41.151739620000058, 5.623577363000038 ], [ 41.151363445000072, 5.622872767000047 ], [ 41.150976953000054, 5.622694687000035 ], [ 41.141467971000054, 5.618313331000024 ], [ 41.139405914000065, 5.615619179000021 ], [ 41.139323177000051, 5.615511081000022 ], [ 41.137081092000074, 5.612581717000069 ], [ 41.136138927000047, 5.607526344000064 ], [ 41.137741080000069, 5.605680004000021 ], [ 41.146046140000067, 5.605438651000043 ], [ 41.146152034000067, 5.605144530000075 ], [ 41.146930639000061, 5.605412946000058 ], [ 41.154258736000031, 5.600323743000047 ], [ 41.155849549000038, 5.595487989000048 ], [ 41.155830460000061, 5.591349077000075 ], [ 41.152695664000078, 5.587056594000046 ], [ 41.152674686000069, 5.587027868000064 ], [ 41.142433195000081, 5.573004169000058 ], [ 41.14310830200003, 5.569552463000036 ], [ 41.150436399000057, 5.564003423000031 ], [ 41.157497440000043, 5.549485765000043 ], [ 41.16161726200005, 5.545330033000027 ], [ 41.169932292000055, 5.539222101000064 ], [ 41.170502635000048, 5.537660128000027 ], [ 41.171691907000024, 5.537929548000022 ], [ 41.183113178000042, 5.537105509000071 ], [ 41.185447706000048, 5.530973970000048 ], [ 41.18704230000003, 5.527977942000064 ], [ 41.18679811100003, 5.523839031000023 ], [ 41.182767597000066, 5.51983801800003 ], [ 41.179645595000068, 5.516738867000072 ], [ 41.178855663000036, 5.514784056000053 ], [ 41.177326187000062, 5.510999126000058 ], [ 41.179607417000057, 5.507080022000025 ], [ 41.181847854000068, 5.506589471000041 ], [ 41.186031338000078, 5.505673484000056 ], [ 41.190372479000075, 5.499906527000064 ], [ 41.198318418000042, 5.476644972000031 ], [ 41.201675436000073, 5.456162475000042 ], [ 41.204410644000063, 5.450171553000075 ], [ 41.211727212000028, 5.442321815000071 ], [ 41.218143385000076, 5.43907555100003 ], [ 41.23306266700007, 5.436483416000044 ], [ 41.247501323000051, 5.429063276000022 ], [ 41.253444617000071, 5.422139639000022 ], [ 41.256058136000036, 5.412265538000042 ], [ 41.255447450000077, 5.406951409000044 ], [ 41.249202701000058, 5.39639764900005 ], [ 41.248252787000069, 5.389272159000029 ], [ 41.251205534000064, 5.381439621000027 ], [ 41.257854554000062, 5.378652060000036 ], [ 41.261311258000035, 5.376033046000032 ], [ 41.261474256000042, 5.375909548000038 ], [ 41.274337812000056, 5.36616331700003 ], [ 41.288310960000047, 5.357594435000067 ], [ 41.294944672000042, 5.35135705600004 ], [ 41.302223251000044, 5.334536056000047 ], [ 41.300343674000032, 5.327302924000037 ], [ 41.299655875000042, 5.324656081000057 ], [ 41.302368214000069, 5.31475455900005 ], [ 41.301883618000033, 5.308776866000073 ], [ 41.303016674000048, 5.305551582000021 ], [ 41.30445235500008, 5.304637683000067 ], [ 41.309200375000046, 5.301615278000043 ], [ 41.314910822000058, 5.294460683000068 ], [ 41.318546237000078, 5.284555004000026 ], [ 41.316177311000047, 5.268004462000022 ], [ 41.31660842000008, 5.261102749000031 ], [ 41.313343067000062, 5.24915605800004 ], [ 41.312381812000069, 5.239269657000023 ], [ 41.315990390000024, 5.224533515000076 ], [ 41.321239487000071, 5.216460758000039 ], [ 41.323040090000063, 5.208402553000042 ], [ 41.329429614000048, 5.19848496700007 ], [ 41.329402964000053, 5.192734263000034 ], [ 41.326381610000055, 5.183776797000064 ], [ 41.320610117000058, 5.176900788000069 ], [ 41.319892862000074, 5.170463070000039 ], [ 41.321918564000043, 5.160564383000064 ], [ 41.323966946000041, 5.156415077000077 ], [ 41.331062384000063, 5.15086414700005 ], [ 41.334003414000051, 5.140960736000068 ], [ 41.337203916000078, 5.14024941100007 ], [ 41.339279160000046, 5.13978817900005 ], [ 41.341815918000066, 5.142077536000045 ], [ 41.344848612000078, 5.153795726000055 ], [ 41.348068227000056, 5.154471968000053 ], [ 41.350345677000064, 5.150092082000072 ], [ 41.350318840000057, 5.14411117700007 ], [ 41.347518993000051, 5.134002133000024 ], [ 41.346580419000077, 5.129175640000028 ], [ 41.350917780000032, 5.12294676700003 ], [ 41.354316757000049, 5.112581250000062 ], [ 41.362323742000058, 5.10587590800003 ], [ 41.364803233000032, 5.095514738000077 ], [ 41.371284421000041, 5.086542153000039 ], [ 41.375301428000057, 5.080977992000044 ], [ 41.379611950000026, 5.069227673000057 ], [ 41.386226573000044, 5.059307629000045 ], [ 41.391254351000043, 5.054225419000034 ], [ 41.39882663700007, 5.052812644000028 ], [ 41.400650108000036, 5.050504198000056 ], [ 41.418350148000059, 5.00327063800006 ], [ 41.424991608000028, 4.999330933000067 ], [ 41.436923935000038, 4.998358340000038 ], [ 41.443801834000055, 4.996257793000041 ], [ 41.453256340000053, 4.991628758000047 ], [ 41.464187564000042, 4.986276703000044 ], [ 41.467384311000046, 4.982582131000072 ], [ 41.470085120000078, 4.970378400000072 ], [ 41.47397228300008, 4.967140641000071 ], [ 41.484756435000065, 4.965941814000075 ], [ 41.489093796000077, 4.960631292000073 ], [ 41.487899694000077, 4.950285431000054 ], [ 41.489246319000074, 4.943378993000067 ], [ 41.491302450000035, 4.941299048000076 ], [ 41.496120439000038, 4.940817854000045 ], [ 41.502727501000038, 4.929286019000074 ], [ 41.510036509000031, 4.921202678000043 ], [ 41.515071847000058, 4.918189072000075 ], [ 41.45138404000005, 4.879355319000069 ], [ 41.434251920000065, 4.846518757000069 ], [ 41.407126065000057, 4.795122399000036 ], [ 41.368578797000055, 4.776562603000059 ], [ 41.311471733000076, 4.726593922000063 ], [ 41.285773554000059, 4.700895743000046 ], [ 41.261503051000034, 4.662348475000044 ], [ 41.22152810700004, 4.622373530000061 ], [ 41.208679017000065, 4.595247675000053 ], [ 41.190119221000032, 4.529574551000053 ], [ 41.172985934000053, 4.482464065000045 ], [ 40.819422544000076, 4.337239210000064 ], [ 40.769676, 4.316806 ], [ 40.767966410000042, 4.317098782000073 ], [ 40.762565669000026, 4.31802370500003 ], [ 40.755718199000057, 4.326791226000068 ], [ 40.747921004000034, 4.327048833000049 ], [ 40.745178236000072, 4.329589371000054 ], [ 40.744731818000048, 4.333961886000054 ], [ 40.748436029000061, 4.342691419000062 ], [ 40.751888303000044, 4.346590111000069 ], [ 40.757765608000057, 4.349165626000058 ], [ 40.759700808000048, 4.350013657000034 ], [ 40.763077827000075, 4.353071044000046 ], [ 40.764762795000024, 4.354596529000048 ], [ 40.767543740000065, 4.362868871000046 ], [ 40.771282161000045, 4.381031015000076 ], [ 40.771922060000065, 4.39032848100004 ], [ 40.772190419000026, 4.390302935000022 ], [ 40.771937720000039, 4.391787541000042 ], [ 40.772030698000037, 4.391906942000048 ], [ 40.77297597900008, 4.405641462000062 ], [ 40.774826099000052, 4.410006039000052 ], [ 40.77415458300004, 4.414149298000041 ], [ 40.767691254000056, 4.417052154000032 ], [ 40.767643403000079, 4.41701665100004 ], [ 40.767621957000074, 4.417142648000038 ], [ 40.767572139000038, 4.417105652000032 ], [ 40.745754307000027, 4.426904719000049 ], [ 40.742557561000069, 4.431746899000075 ], [ 40.74168022300006, 4.442793383000037 ], [ 40.739627872000028, 4.445791679000024 ], [ 40.714458552000053, 4.464515153000036 ], [ 40.710575169000037, 4.469360358000074 ], [ 40.708583865000037, 4.489612654000041 ], [ 40.706089065000072, 4.498133719000066 ], [ 40.69238656400006, 4.516126142000076 ], [ 40.67982108800004, 4.531124049000027 ], [ 40.671359935000055, 4.538975676000064 ], [ 40.664032027000076, 4.54383222000007 ], [ 40.658065864000037, 4.542472365000037 ], [ 40.65346900600008, 4.540647570000033 ], [ 40.650032041000031, 4.541810109000039 ], [ 40.648223877000078, 4.55032777200006 ], [ 40.640220672000055, 4.557487470000069 ], [ 40.621749890000046, 4.591138922000027 ], [ 40.586788102000071, 4.633817581000073 ], [ 40.581174377000025, 4.649669287000052 ], [ 40.580975444000046, 4.649799359000042 ], [ 40.58105474000007, 4.65000715900004 ], [ 40.577243790000068, 4.660765580000032 ], [ 40.559139291000065, 4.667267748000029 ], [ 40.546100558000035, 4.680424226000071 ], [ 40.537189397000077, 4.691956062000031 ], [ 40.526355010000032, 4.695895527000062 ], [ 40.526187724000067, 4.696081279000055 ], [ 40.526106393000077, 4.695985926000048 ], [ 40.519313776000047, 4.698455773000035 ], [ 40.508529625000051, 4.698721318000025 ], [ 40.496304657000053, 4.707871558000022 ], [ 40.48815542300008, 4.713971161000075 ], [ 40.477426222000076, 4.726090672000055 ], [ 40.472835461000045, 4.731274112000051 ], [ 40.461376201000064, 4.735452146000057 ], [ 40.454742490000058, 4.742144636000035 ], [ 40.446495097000025, 4.747002126000041 ], [ 40.443147533000058, 4.753547135000076 ], [ 40.442863713000065, 4.753721300000052 ], [ 40.430690728000059, 4.755794028000025 ], [ 40.427028663000044, 4.758796293000046 ], [ 40.421470560000046, 4.766849054000033 ], [ 40.421100663000061, 4.767076038000027 ], [ 40.421178176000069, 4.767272668000032 ], [ 40.41811750100004, 4.771707073000073 ], [ 40.413539921000051, 4.775632414000029 ], [ 40.412549009000031, 4.775718158000075 ], [ 40.412529957000061, 4.775719806000041 ], [ 40.412452620000067, 4.77572649800004 ], [ 40.407591781000065, 5.136866122000072 ], [ 40.416021435000062, 5.243641737000075 ], [ 40.407291653000073, 5.357152897000049 ], [ 40.403362720000075, 5.373512552000022 ], [ 40.401354533000074, 5.380250381000053 ], [ 40.401670565000074, 5.380558502000042 ], [ 40.40974045400003, 5.38842638400007 ], [ 40.411579046000043, 5.389569834000042 ], [ 40.429721913000037, 5.389052352000022 ], [ 40.44787215100007, 5.391524850000053 ], [ 40.456817710000053, 5.387815914000043 ], [ 40.480243294000047, 5.391938141000026 ], [ 40.509441361000029, 5.397076158000061 ], [ 40.527130061000037, 5.397477594000065 ], [ 40.533645647000071, 5.399479860000042 ], [ 40.535873390000063, 5.40227932800002 ], [ 40.53427879700007, 5.407113949000063 ], [ 40.538196578000054, 5.410781305000057 ], [ 40.547389917000032, 5.412131332000058 ], [ 40.554519564000032, 5.415327133000062 ], [ 40.561660740000036, 5.421742927000025 ], [ 40.565128323000067, 5.429321260000052 ], [ 40.56746682000005, 5.440813595000066 ], [ 40.577354356000058, 5.444690742000034 ], [ 40.581998674000033, 5.449165310000069 ], [ 40.590263434000065, 5.458216149000066 ], [ 40.589832325000032, 5.466496995000057 ], [ 40.59949873000005, 5.47221462300007 ], [ 40.608688289000042, 5.473563139000021 ], [ 40.616512322000062, 5.477216320000025 ], [ 40.621448435000048, 5.480739091000032 ], [ 40.625492091000069, 5.483625499000027 ], [ 40.628269257000056, 5.489135227000077 ], [ 40.62851325500003, 5.494194569000058 ], [ 40.634269629000073, 5.498084566000045 ], [ 40.63659659700005, 5.507276015000059 ], [ 40.643043577000071, 5.511393569000063 ], [ 40.64604943300003, 5.517132743000047 ], [ 40.644946995000055, 5.53024537500005 ], [ 40.648399270000027, 5.532763989000046 ], [ 40.667251642000053, 5.537298288000045 ], [ 40.674602419000053, 5.537272017000021 ], [ 40.682188798000027, 5.530497392000029 ], [ 40.686142307000068, 5.52696691400007 ], [ 40.690631888000041, 5.522957724000037 ], [ 40.696834490000072, 5.522936367000057 ], [ 40.703052591000073, 5.527514514000075 ], [ 40.706520174000048, 5.533941838000032 ], [ 40.703591666000079, 5.54144799200003 ], [ 40.703105888000039, 5.542693104000023 ], [ 40.704277121000075, 5.548667962000025 ], [ 40.712341375000051, 5.555999272000065 ], [ 40.727302615000042, 5.564456077000045 ], [ 40.728923857000041, 5.568359873000077 ], [ 40.728717846000052, 5.574800048000043 ], [ 40.732414309000035, 5.580766211000025 ], [ 40.741851835000034, 5.586251747000063 ], [ 40.751281802000051, 5.589438477000044 ], [ 40.759788503000038, 5.591017193000027 ], [ 40.764621801000033, 5.594219610000039 ], [ 40.767885154000055, 5.597909481000045 ], [ 40.768135013000062, 5.598191995000036 ], [ 40.771312778000038, 5.601785091000067 ], [ 40.779831009000077, 5.607274029000052 ], [ 40.80122373100005, 5.614325431000054 ], [ 40.808132556000032, 5.61538082200002 ], [ 40.815933223000059, 5.616572452000071 ], [ 40.817402680000043, 5.617112599000052 ], [ 40.82398613600003, 5.619532569000057 ], [ 40.82624892900003, 5.624471242000027 ], [ 40.827457499000047, 5.627109013000052 ], [ 40.830913554000063, 5.629166089000023 ], [ 40.833225212000059, 5.633986912000069 ], [ 40.838588655000081, 5.655123729000024 ], [ 40.84089653400008, 5.657415353000033 ], [ 40.843193073000066, 5.657866496000054 ], [ 40.849613214000044, 5.654623446000073 ], [ 40.859950947000073, 5.653895795000039 ], [ 40.875129727000058, 5.658208776000038 ], [ 40.88319776000003, 5.665997466000022 ], [ 40.891712210000037, 5.669415531000027 ], [ 40.906879460000027, 5.670508329000029 ], [ 40.919319063000046, 5.678740413000071 ], [ 40.923454194000044, 5.679184942000063 ], [ 40.927504154000076, 5.675684587000035 ], [ 40.928264622000029, 5.675027319000037 ], [ 40.933315269000047, 5.674318380000045 ], [ 40.939944573000048, 5.679316209000035 ], [ 40.945758841000043, 5.683699584000067 ], [ 40.962558674000036, 5.691454822000026 ], [ 40.970165168000051, 5.69809439200003 ], [ 40.978893189000075, 5.697371467000039 ], [ 40.989940617000059, 5.701928069000076 ], [ 40.992694914000026, 5.70145745800005 ], [ 40.99956506400008, 5.695681618000037 ], [ 41.007144910000079, 5.695652890000076 ], [ 41.020027150000033, 5.699052244000029 ], [ 41.026496809000037, 5.708915209000054 ], [ 41.033397767000054, 5.710727720000023 ], [ 41.048057552000046, 5.69917244800007 ] ] ], [ [ [ 41.64527, 4.676453 ], [ 41.641829052000048, 4.675039643000048 ], [ 41.641809694000074, 4.67506460200002 ], [ 41.64527, 4.676453 ] ] ] ] } },
{ "type": "Feature", "properties": { "DISTRICTS": "Hudet", "Zone_Name": "Dawa", "Wor_PCode": "ET0502001" }, "geometry": { "type": "Polygon", "coordinates": [ [ [ 39.222990291000031, 4.883100256000034 ], [ 39.223551171000054, 4.882481349000045 ], [ 39.223639330000026, 4.882543423000072 ], [ 39.226503248000029, 4.880086368000036 ], [ 39.235496445000081, 4.87902316800006 ], [ 39.24168770700004, 4.876251671000034 ], [ 39.247180993000029, 4.867731173000038 ], [ 39.249935101000062, 4.867726259000051 ], [ 39.252693178000072, 4.870251110000027 ], [ 39.25682830900007, 4.870474886000068 ], [ 39.269889911000064, 4.859870473000058 ], [ 39.274936589000049, 4.858941161000075 ], [ 39.275176997000074, 4.864461473000063 ], [ 39.277477316000045, 4.867218038000033 ], [ 39.284816754000076, 4.865365082000039 ], [ 39.287353512000038, 4.872031679000031 ], [ 39.291488642000047, 4.873404008000023 ], [ 39.308918034000044, 4.865552003000062 ], [ 39.324970183000062, 4.85724110600006 ], [ 39.34057232300006, 4.854912814000045 ], [ 39.355934055000034, 4.847522725000033 ], [ 39.371738424000057, 4.829090122000025 ], [ 39.371640395000043, 4.827876016000062 ], [ 39.392603019000035, 4.821910004000074 ], [ 39.394490019000045, 4.784157004000065 ], [ 39.39910012100006, 4.755750381000041 ], [ 39.404415202000052, 4.755413949000058 ], [ 39.412204649000046, 4.748727885000051 ], [ 39.420476812000061, 4.739506845000051 ], [ 39.427089723000051, 4.732135385000049 ], [ 39.428015046000041, 4.729728715000022 ], [ 39.442943052000032, 4.721790602000056 ], [ 39.446575245000076, 4.722895175000076 ], [ 39.452770287000078, 4.723113092000062 ], [ 39.464469955000027, 4.721019349000073 ], [ 39.478229533000047, 4.71547087700003 ], [ 39.484889894000048, 4.719138233000024 ], [ 39.489711851000038, 4.719588809000072 ], [ 39.498878540000078, 4.714738879000038 ], [ 39.505294713000069, 4.708514164000064 ], [ 39.521366139000065, 4.713772711000047 ], [ 39.531463654000049, 4.714211947000024 ], [ 39.538570433000075, 4.710286229000076 ], [ 39.549335495000037, 4.700371666000024 ], [ 39.551671910000039, 4.700366700000075 ], [ 39.556449833000045, 4.700356546000023 ], [ 39.565174073000037, 4.703789164000057 ], [ 39.577335279000067, 4.703073042000028 ], [ 39.582607245000077, 4.700301169000056 ], [ 39.597255691000043, 4.682556147000071 ], [ 39.602527657000053, 4.679094234000047 ], [ 39.610103533000029, 4.680687882000029 ], [ 39.619968389000064, 4.679976486000044 ], [ 39.624782597000035, 4.67766520400005 ], [ 39.632564483000067, 4.669826429000068 ], [ 39.649074579000057, 4.663578467000036 ], [ 39.660530058000063, 4.655731187000072 ], [ 39.665328958000032, 4.648129417000064 ], [ 39.668315914000061, 4.648582451000038 ], [ 39.673599220000028, 4.652711912000029 ], [ 39.680942627000036, 4.652925104000076 ], [ 39.688282064000077, 4.650378140000043 ], [ 39.698146730000076, 4.650125446000061 ], [ 39.711704268000062, 4.657686203000026 ], [ 39.714462345000072, 4.660440878000031 ], [ 39.885148239000046, 4.564039347000062 ], [ 39.905163423000033, 4.482644266000023 ], [ 39.831774415000041, 4.302507612000056 ], [ 39.750444, 4.163128 ], [ 39.28271, 4.163128 ], [ 39.194232806000059, 4.198261742000057 ], [ 39.141974366000056, 4.186836988000039 ], [ 39.090953004000028, 4.18703 ], [ 39.016317022000067, 4.268910991000041 ], [ 39.016317220000076, 4.268912011000054 ], [ 39.017875472000071, 4.277038075000064 ], [ 39.019740393000063, 4.286763360000066 ], [ 39.021218025000053, 4.29446899900006 ], [ 39.022743312000046, 4.298822091000034 ], [ 39.022799732000067, 4.29882236800006 ], [ 39.022891528000059, 4.299245914000039 ], [ 39.034237, 4.351594 ], [ 39.067747605000079, 4.462328444000036 ], [ 39.067759679000062, 4.462368343000037 ], [ 39.067728360000046, 4.462373325000044 ], [ 39.064645775000031, 4.46931784100002 ], [ 39.060751997000068, 4.47808982500004 ], [ 39.059550184000045, 4.48079729400007 ], [ 39.057645666000042, 4.485087833000023 ], [ 39.056681082000068, 4.487260869000067 ], [ 39.056681002000062, 4.48726100600004 ], [ 39.055796663000081, 4.487513550000074 ], [ 39.050117339000053, 4.489135415000021 ], [ 39.050113153000041, 4.489141677000021 ], [ 39.050107827000033, 4.489138132000051 ], [ 38.980431, 4.509036 ], [ 38.977164067000047, 4.512656222000032 ], [ 38.97050250500007, 4.514783716000068 ], [ 38.965745140000024, 4.51630306900006 ], [ 38.963385305000031, 4.517056726000021 ], [ 38.960755955000025, 4.517896458000052 ], [ 38.960757923000074, 4.517952125000022 ], [ 38.960128085000065, 4.518096980000053 ], [ 38.960128025000074, 4.518096995000064 ], [ 38.960128, 4.518097 ], [ 38.796712, 4.712622 ], [ 38.758884, 4.864924 ], [ 38.766473, 4.904283 ], [ 38.769144389000076, 4.90566644300003 ], [ 38.769290891000026, 4.905742313000076 ], [ 38.769452037000065, 4.907262002000039 ], [ 38.897431873000073, 4.973539421000055 ], [ 38.961359130000062, 5.006645680000076 ], [ 39.007008126000073, 5.030286103000037 ], [ 39.048798028000078, 5.051928003000057 ], [ 39.134089025000037, 5.068460003000041 ], [ 39.14865605600005, 5.032040780000045 ], [ 39.178864970000063, 4.956515084000046 ], [ 39.190110552000078, 4.928399857000045 ], [ 39.199407682000071, 4.905155981000064 ], [ 39.202716851000048, 4.903002354000023 ], [ 39.204888676000053, 4.898630267000044 ], [ 39.216548358000068, 4.888627017000033 ], [ 39.218528781000032, 4.888023348000047 ], [ 39.222990291000031, 4.883100256000034 ] ] ] } },
{ "type": "Feature", "properties": { "DISTRICTS": "Moyale", "Zone_Name": "Dawa", "Wor_PCode": "ET0502003" }, "geometry": { "type": "Polygon", "coordinates": [ [ [ 39.414665626000044, 3.552506313000038 ], [ 39.446350306000056, 3.491977478000024 ], [ 39.47061745600007, 3.460544170000048 ], [ 39.471282959000064, 3.460541963000026 ], [ 39.470691681000062, 3.460448026000051 ], [ 39.428440094000052, 3.460684061000052 ], [ 39.425338745000033, 3.46123409300003 ], [ 39.41873550400004, 3.466129064000029 ], [ 39.408756256000061, 3.468456030000027 ], [ 39.38306285200008, 3.469039762000023 ], [ 39.38237018500007, 3.469404348000069 ], [ 39.382310824000058, 3.469056848000037 ], [ 39.335739136000029, 3.470114946000024 ], [ 39.332241058000079, 3.476356983000073 ], [ 39.332647145000067, 3.476807390000033 ], [ 39.332187003000058, 3.476826079000034 ], [ 39.331584930000076, 3.482050896000032 ], [ 39.330795288000047, 3.490726948000031 ], [ 39.332180023000035, 3.504005909000057 ], [ 39.328540802000077, 3.506319046000044 ], [ 39.326316834000068, 3.505714893000061 ], [ 39.322601318000068, 3.504705906000027 ], [ 39.301898956000059, 3.486726046000058 ], [ 39.28311920200008, 3.476737022000066 ], [ 39.262668609000059, 3.478593111000066 ], [ 39.254947574000028, 3.479293840000025 ], [ 39.247772900000029, 3.480162223000036 ], [ 39.247772783000073, 3.480254634000062 ], [ 39.241597236000075, 3.480505459000028 ], [ 39.237228394000056, 3.480901957000071 ], [ 39.204441071000076, 3.486258030000045 ], [ 39.192424774000074, 3.482758045000026 ], [ 39.183269501000041, 3.491586923000057 ], [ 39.17827987700008, 3.494579077000026 ], [ 39.145835876000035, 3.510623932000044 ], [ 39.138099671000077, 3.514448882000067 ], [ 39.123123169000053, 3.516918897000039 ], [ 39.102237701000035, 3.534037113000068 ], [ 39.096038818000068, 3.537843942000052 ], [ 39.08659362700007, 3.539489031000073 ], [ 39.082004547000054, 3.539227009000058 ], [ 39.051578070000062, 3.53017858000004 ], [ 39.050597338000046, 3.530243102000043 ], [ 39.047022699000024, 3.535699129000022 ], [ 39.046390770000073, 3.537446380000063 ], [ 39.044635283000048, 3.542300204000071 ], [ 39.037356969000029, 3.550107220000029 ], [ 39.023984963000032, 3.56445057600007 ], [ 39.021098414000051, 3.567546806000053 ], [ 39.02103108600005, 3.567545067000026 ], [ 39.014709561000075, 3.574167510000052 ], [ 39.005815541000061, 3.583484903000056 ], [ 38.99783851400008, 3.591841652000028 ], [ 38.993065235000074, 3.596842149000054 ], [ 38.988147858000048, 3.601993603000039 ], [ 38.983607101000075, 3.606750509000051 ], [ 38.978604572000052, 3.611991167000042 ], [ 38.970920659000058, 3.620040851000056 ], [ 38.970987601000047, 3.62007197500003 ], [ 38.970869895000078, 3.620094030000075 ], [ 38.96529015200008, 3.625939381000023 ], [ 38.95282231300007, 3.639000714000076 ], [ 38.947044434000077, 3.645053631000053 ], [ 38.941761077000081, 3.650588486000061 ], [ 38.935755586000028, 3.656879849000063 ], [ 38.929235926000047, 3.663709858000061 ], [ 38.923212424000042, 3.670020090000037 ], [ 38.918548034000025, 3.674906509000039 ], [ 38.91519936900005, 3.678414575000033 ], [ 38.907962495000049, 3.68599595400002 ], [ 38.905444856000031, 3.688633438000068 ], [ 38.905511453000031, 3.688633657000025 ], [ 38.904316, 3.689816 ], [ 38.890918404000047, 3.699459048000051 ], [ 38.890871888000049, 3.699441917000058 ], [ 38.880049412000062, 3.707190740000044 ], [ 38.871435870000028, 3.713357979000023 ], [ 38.861874593000039, 3.720203791000074 ], [ 38.854736823000053, 3.725314389000062 ], [ 38.849910123000029, 3.728770274000055 ], [ 38.843778069000052, 3.733160785000052 ], [ 38.836418671000047, 3.738430066000035 ], [ 38.829942255000049, 3.743067138000072 ], [ 38.824573407000059, 3.746911198000021 ], [ 38.820575236000025, 3.74977386300003 ], [ 38.810291380000081, 3.757137037000064 ], [ 38.803136539000036, 3.76225985700006 ], [ 38.796533861000057, 3.766987331000053 ], [ 38.794444417000079, 3.768483359000072 ], [ 38.792140118000077, 3.770133223000073 ], [ 38.790759711000078, 3.77112158400007 ], [ 38.790816843000073, 3.77113106500002 ], [ 38.778671, 3.779777 ], [ 38.829905, 3.91107 ], [ 38.877479, 3.965776 ], [ 38.880458034000071, 3.968755003000069 ], [ 38.956160422000039, 3.985272613000063 ], [ 39.030133686000056, 4.001412943000048 ], [ 39.115350004000049, 4.095853999000042 ], [ 39.090953004000028, 4.18703 ], [ 39.141974366000056, 4.186836988000039 ], [ 39.194232806000059, 4.198261742000057 ], [ 39.28271, 4.163128 ], [ 39.750444, 4.163128 ], [ 39.807533804000059, 4.06232540600007 ], [ 39.815069881000056, 4.050016480000068 ], [ 39.735530914000037, 4.01337428000005 ], [ 39.660577892000049, 3.98898480500003 ], [ 39.605850289000045, 3.961026138000022 ], [ 39.560045665000075, 3.91998043600006 ], [ 39.485687508000069, 3.853355528000066 ], [ 39.423583576000055, 3.798152032000075 ], [ 39.411924217000035, 3.77816456000005 ], [ 39.395030044000066, 3.75579762600006 ], [ 39.347083905000034, 3.745090052000023 ], [ 39.316626804000066, 3.749373082000034 ], [ 39.291404517000046, 3.744614160000026 ], [ 39.259043847000044, 3.74556594400002 ], [ 39.245718866000061, 3.734144531000027 ], [ 39.240959944000053, 3.720343657000058 ], [ 39.245242974000064, 3.696073155000022 ], [ 39.274272398000051, 3.652766965000069 ], [ 39.309012528000039, 3.60946077400007 ], [ 39.358981210000024, 3.580431350000026 ], [ 39.396576693000043, 3.560919770000055 ], [ 39.414665626000044, 3.552506313000038 ] ] ] } },
{ "type": "Feature", "properties": { "DISTRICTS": "Dhuhun", "Zone_Name": "Nogob", "Wor_PCode": "ET0509002" }, "geometry": { "type": "Polygon", "coordinates": [ [ [ 42.730962181000052, 6.738157951000062 ], [ 42.681957991000047, 6.730361830000049 ], [ 42.604863454000053, 6.761770715000068 ], [ 42.550611743000047, 6.827443839000068 ], [ 42.515290121000078, 6.928048529000023 ], [ 42.554180935000034, 6.958076248000054 ], [ 42.567030024000076, 6.968069984000067 ], [ 42.562746994000065, 6.995909678000032 ], [ 42.582020629000056, 7.004475738000053 ], [ 42.594869718000041, 7.020894018000035 ], [ 42.602008101000081, 7.044450682000047 ], [ 42.599866586000076, 7.072290376000069 ], [ 42.605577292000078, 7.12011754200006 ], [ 42.620567897000058, 7.137963500000069 ], [ 42.61557102900008, 7.173655415000042 ], [ 42.598438909000038, 7.195784402000072 ], [ 42.598438909000038, 7.211488845000076 ], [ 42.587731335000058, 7.220768743000065 ], [ 42.577023760000031, 7.243611569000052 ], [ 42.56488850900007, 7.265026718000058 ], [ 42.546328713000037, 7.282872675000021 ], [ 42.522255071000075, 7.307419155000048 ], [ 42.489795836000042, 7.339212618000033 ], [ 42.481244997000033, 7.369053825000037 ], [ 42.487324822000062, 7.397030574000041 ], [ 42.517307111000036, 7.508948490000023 ], [ 42.54204165200008, 7.541608256000075 ], [ 42.551998798000056, 7.561092178000024 ], [ 42.580433, 7.529919 ], [ 42.665922931000068, 7.462069620000022 ], [ 42.669395, 7.459314 ], [ 42.789161333000038, 7.36426138500002 ], [ 42.856277, 7.310995 ], [ 42.90018, 7.1055 ], [ 42.87273024600006, 7.08398032100007 ], [ 42.840668040000025, 7.028984186000059 ], [ 42.814254363000032, 6.925459164000074 ], [ 42.812350795000043, 6.885484219000034 ], [ 42.802832951000028, 6.847412843000029 ], [ 42.777612323000028, 6.748921626000026 ], [ 42.762916704000077, 6.745087986000044 ], [ 42.744775761000028, 6.740355566000062 ], [ 42.730962181000052, 6.738157951000062 ] ] ] } },
{ "type": "Feature", "properties": { "DISTRICTS": "Sagag", "Zone_Name": "Nogob", "Wor_PCode": "ET0509007" }, "geometry": { "type": "Polygon", "coordinates": [ [ [ 42.580433, 7.529919 ], [ 42.551998798000056, 7.561092178000024 ], [ 42.552028973000063, 7.561090702000058 ], [ 42.552007542000069, 7.561109286000033 ], [ 42.552532203000055, 7.561309769000047 ], [ 42.562786021000079, 7.569248148000042 ], [ 42.568099945000029, 7.567479675000072 ], [ 42.578903185000058, 7.568536374000075 ], [ 42.597915641000043, 7.575667911000039 ], [ 42.612827364000054, 7.579532583000059 ], [ 42.63299177500005, 7.586218269000028 ], [ 42.648998185000039, 7.594459615000062 ], [ 42.65627676500003, 7.601210128000048 ], [ 42.67146688400004, 7.618854602000056 ], [ 42.674892510000063, 7.621193855000058 ], [ 42.67789080600005, 7.620542939000075 ], [ 42.681556650000061, 7.621966865000047 ], [ 42.691547379000042, 7.632426314000043 ], [ 42.704086396000037, 7.641998787000034 ], [ 42.709293346000038, 7.648722651000071 ], [ 42.713134771000057, 7.65405226200005 ], [ 42.71463391900005, 7.662796537000077 ], [ 42.711090169000045, 7.669868917000031 ], [ 42.711292210000067, 7.672167724000076 ], [ 42.71871953200008, 7.685118761000069 ], [ 42.721335102000069, 7.68985570600006 ], [ 42.730304666000052, 7.697203610000031 ], [ 42.734146091000071, 7.702762667000059 ], [ 42.735874118000027, 7.71173808900005 ], [ 42.732025133000036, 7.742452669000045 ], [ 42.739383659000055, 7.760911544000066 ], [ 42.739681334000068, 7.773542414000076 ], [ 42.738655064000056, 7.781794155000057 ], [ 42.734165180000048, 7.790919831000053 ], [ 42.733071599000027, 7.792462921000038 ], [ 42.733069140000055, 7.792476621000048 ], [ 42.72642525200007, 7.801841197000044 ], [ 42.72377774000006, 7.81076048500006 ], [ 42.715858450000042, 7.818005611000046 ], [ 42.713546791000056, 7.818665977000023 ], [ 42.711429613000064, 7.822081963000073 ], [ 42.70925894800007, 7.82985969200007 ], [ 42.712558699000056, 7.859513226000047 ], [ 42.711986596000031, 7.868228394000027 ], [ 42.708686845000045, 7.874155057000053 ], [ 42.699127225000041, 7.883445352000024 ], [ 42.695808384000031, 7.890747934000046 ], [ 42.699863380000068, 7.897914815000036 ], [ 42.701778328000046, 7.910104748000037 ], [ 42.709175032000076, 7.92557666700003 ], [ 42.710472139000046, 7.932019677000028 ], [ 42.708324343000072, 7.937960703000044 ], [ 42.70412549100007, 7.945339448000027 ], [ 42.711717, 7.944819 ], [ 42.878285093000045, 7.865815146000045 ], [ 42.950230866000027, 7.831691004000049 ], [ 43.125978418000045, 7.74833330000007 ], [ 43.309624876000044, 7.661229115000026 ], [ 43.308407647000081, 7.660950166000021 ], [ 43.317873, 7.657317 ], [ 43.008065485000031, 7.428686455000047 ], [ 42.891857917000038, 7.433856390000074 ], [ 42.824961938000058, 7.411107155000025 ], [ 42.789161333000038, 7.36426138500002 ], [ 42.669395, 7.459314 ], [ 42.665922931000068, 7.462069620000022 ], [ 42.580433, 7.529919 ] ] ] } },
{ "type": "Feature", "properties": { "DISTRICTS": "Hamaro", "Zone_Name": "Erer", "Wor_PCode": "ET0504002" }, "geometry": { "type": "Polygon", "coordinates": [ [ [ 42.01950970200005, 7.852029940000023 ], [ 42.019836878000035, 7.852892494000059 ], [ 42.020091601000047, 7.853282070000034 ], [ 42.020326349000072, 7.853641097000036 ], [ 42.020385476000058, 7.853734520000046 ], [ 42.020402, 7.853755049000029 ], [ 42.020848148000027, 7.854439144000025 ], [ 42.021778725000047, 7.858003822000057 ], [ 42.021864604000029, 7.858332791000066 ], [ 42.022235488000035, 7.858395180000059 ], [ 42.221636443000079, 7.891938064000044 ], [ 42.398668341000075, 7.821268072000066 ], [ 42.416053223000063, 7.790649654000049 ], [ 42.424619283000027, 7.770662181000034 ], [ 42.434613019000039, 7.745677841000031 ], [ 42.452458977000049, 7.704989058000024 ], [ 42.45388665300004, 7.689284615000076 ], [ 42.485295539000049, 7.658589568000025 ], [ 42.50456917300005, 7.642885125000021 ], [ 42.508138364000047, 7.626466844000049 ], [ 42.507424526000079, 7.607193210000048 ], [ 42.529553513000053, 7.59505795900003 ], [ 42.53740573500005, 7.575784325000029 ], [ 42.550968662000059, 7.56222139700003 ], [ 42.551998798000056, 7.561092178000024 ], [ 42.54204165200008, 7.541608256000075 ], [ 42.517307111000036, 7.508948490000023 ], [ 42.487324822000062, 7.397030574000041 ], [ 42.41572622700005, 7.372537789000035 ], [ 42.407055097000068, 7.369413619000056 ], [ 42.398051202000033, 7.366146292000053 ], [ 42.392094645000043, 7.363984782000045 ], [ 42.388140789000033, 7.362550010000064 ], [ 42.37709346500003, 7.358541166000066 ], [ 42.375727132000065, 7.358045352000033 ], [ 42.371280187000025, 7.356431648000068 ], [ 42.368923949000077, 7.355576618000043 ], [ 42.364790529000061, 7.354076686000042 ], [ 42.361408099000073, 7.352849272000071 ], [ 42.357461873000034, 7.351417269000024 ], [ 42.352774325000041, 7.349716255000033 ], [ 42.352743302000079, 7.349817965000057 ], [ 42.347889981000037, 7.352073332000032 ], [ 42.318614295000032, 7.365677918000074 ], [ 42.304337529000065, 7.38281003700007 ], [ 42.304337529000065, 7.407080540000038 ], [ 42.311475912000049, 7.417788114000075 ], [ 42.292916116000072, 7.437775587000033 ], [ 42.290060763000042, 7.452766191000023 ], [ 42.287919248000037, 7.472039825000024 ], [ 42.267931776000069, 7.501307196000027 ], [ 42.266504099000031, 7.536999111000057 ], [ 42.242947435000076, 7.550562038000066 ], [ 42.215107741000054, 7.550562038000066 ], [ 42.202972490000036, 7.552703553000072 ], [ 42.170135928000036, 7.555558907000034 ], [ 42.147293103000038, 7.555558907000034 ], [ 42.118739571000049, 7.555558907000034 ], [ 42.065201698000067, 7.555558907000034 ], [ 42.033161146000054, 7.556449487000066 ], [ 42.033047055000054, 7.556653778000054 ], [ 42.03247598400003, 7.557410447000052 ], [ 42.031533717000059, 7.558566865000046 ], [ 42.030705665000028, 7.559323533000054 ], [ 42.029416027000025, 7.561360178000029 ], [ 42.028878239000051, 7.561664923000023 ], [ 42.028290401000049, 7.562093101000073 ], [ 42.028748833000066, 7.562463355000034 ], [ 42.028823632000069, 7.563389865000033 ], [ 42.028849960000059, 7.565491219000023 ], [ 42.029278263000037, 7.567382890000033 ], [ 42.029777950000039, 7.569060410000077 ], [ 42.030301432000044, 7.570262038000067 ], [ 42.030717837000054, 7.570892595000032 ], [ 42.031205627000077, 7.571868174000031 ], [ 42.031443573000047, 7.572451142000034 ], [ 42.031372189000081, 7.572986521000075 ], [ 42.03096768100005, 7.573605181000062 ], [ 42.030539378000071, 7.574081073000059 ], [ 42.030241945000057, 7.574461787000075 ], [ 42.029587593000031, 7.575044755000022 ], [ 42.028778576000036, 7.575532544000055 ], [ 42.028148019000071, 7.575937053000075 ], [ 42.027576949000036, 7.576555713000062 ], [ 42.027172440000072, 7.577340935000052 ], [ 42.02732710500004, 7.577828724000028 ], [ 42.02746987300003, 7.578423589000067 ], [ 42.027684024000052, 7.579922650000071 ], [ 42.027757755000039, 7.580847638000023 ], [ 42.027814895000063, 7.581564478000075 ], [ 42.02801714900005, 7.583099230000073 ], [ 42.028356417000055, 7.584138239000026 ], [ 42.028397863000066, 7.584265166000023 ], [ 42.028933241000061, 7.585550075000072 ], [ 42.028957036000065, 7.585930789000031 ], [ 42.028909447000046, 7.586656525000024 ], [ 42.029030462000037, 7.587382614000035 ], [ 42.029074870000045, 7.587561353000069 ], [ 42.02934964700006, 7.58851250400005 ], [ 42.029873129000066, 7.589726029000076 ], [ 42.030610761000048, 7.590630224000051 ], [ 42.031907568000065, 7.591272679000042 ], [ 42.033109196000055, 7.591617701000075 ], [ 42.033977699000047, 7.591748571000039 ], [ 42.034531467000079, 7.591822080000043 ], [ 42.035322094000037, 7.591927031000068 ], [ 42.036285776000057, 7.592545691000055 ], [ 42.036892539000064, 7.593307118000041 ], [ 42.037546890000044, 7.594151827000076 ], [ 42.03807037200005, 7.595436736000067 ], [ 42.038391599000079, 7.596888207000063 ], [ 42.038462983000045, 7.597958964000043 ], [ 42.038248831000033, 7.598660905000031 ], [ 42.038332112000035, 7.599969609000027 ], [ 42.038415394000026, 7.601504361000025 ], [ 42.038510572000064, 7.602325275000055 ], [ 42.038700929000072, 7.603693465000049 ], [ 42.038808005000078, 7.605109245000051 ], [ 42.038724724000076, 7.605870672000037 ], [ 42.038677134000068, 7.607310246000054 ], [ 42.038677134000068, 7.608404798000038 ], [ 42.038427291000062, 7.60954693900004 ], [ 42.038296421000041, 7.610855643000036 ], [ 42.038129858000048, 7.612533163000023 ], [ 42.038106064000033, 7.613984634000076 ], [ 42.038082269000029, 7.61475795900003 ], [ 42.038260729000058, 7.615555078000057 ], [ 42.038724724000076, 7.61641168400007 ], [ 42.039081643000031, 7.61719690700005 ], [ 42.039486151000062, 7.618517507000035 ], [ 42.039735994000068, 7.619290832000047 ], [ 42.039866865000079, 7.619885698000076 ], [ 42.039902557000062, 7.620397282000056 ], [ 42.039950146000081, 7.621111120000023 ], [ 42.040211887000055, 7.622193775000028 ], [ 42.040076818000045, 7.62312124400006 ], [ 42.040033427000026, 7.623419197000032 ], [ 42.039712200000054, 7.624858771000049 ], [ 42.039771686000051, 7.625560712000038 ], [ 42.040318962000072, 7.626262653000026 ], [ 42.040649185000063, 7.626516080000044 ], [ 42.040830546000052, 7.626655264000021 ], [ 42.041423054000063, 7.62708617800007 ], [ 42.042008380000027, 7.627511870000035 ], [ 42.04304344500008, 7.628404168000031 ], [ 42.044792349000033, 7.630581375000077 ], [ 42.045363420000058, 7.631259521000061 ], [ 42.045672750000051, 7.632282689000021 ], [ 42.046053463000078, 7.633508112000072 ], [ 42.04623192300005, 7.634198155000036 ], [ 42.046600739000041, 7.634959583000068 ], [ 42.046862480000073, 7.636351568000066 ], [ 42.047017145000041, 7.637434222000024 ], [ 42.047088529000064, 7.638588261000052 ], [ 42.046695918000069, 7.639123640000037 ], [ 42.046101053000029, 7.640265781000039 ], [ 42.045886901000074, 7.641681560000052 ], [ 42.046338999000056, 7.64307354500005 ], [ 42.046731610000052, 7.645048498000051 ], [ 42.046933864000039, 7.646916375000046 ], [ 42.046684021000033, 7.647392267000043 ], [ 42.046695918000069, 7.64815369400003 ], [ 42.04650556100006, 7.648712868000075 ], [ 42.046184334000031, 7.648689073000071 ], [ 42.045553777000066, 7.648855635000075 ], [ 42.044601992000025, 7.649736036000036 ], [ 42.043519337000077, 7.651020945000027 ], [ 42.043324355000038, 7.651394316000051 ], [ 42.042960164000078, 7.652091702000064 ], [ 42.042924472000038, 7.653019692000044 ], [ 42.042995856000061, 7.653840606000074 ], [ 42.042829294000057, 7.654126141000063 ], [ 42.043101557000057, 7.655159682000033 ], [ 42.043310772000041, 7.655765578000057 ], [ 42.043483646000027, 7.656243862000053 ], [ 42.043852462000075, 7.657207543000027 ], [ 42.044113635000031, 7.658480763000057 ], [ 42.044340251000051, 7.659705977000044 ], [ 42.044554403000063, 7.660645865000049 ], [ 42.044744760000071, 7.661002784000061 ], [ 42.044958491000045, 7.661321864000058 ], [ 42.045209199000055, 7.66280101600006 ], [ 42.045202381000081, 7.662928643000043 ], [ 42.045193046000065, 7.663103374000059 ], [ 42.045174720000034, 7.663446411000052 ], [ 42.04517306300005, 7.663477423000074 ], [ 42.045220994000033, 7.663887019000072 ], [ 42.045266459000061, 7.664275535000058 ], [ 42.045303933000071, 7.664595770000062 ], [ 42.045532170000058, 7.664706508000052 ], [ 42.04569719400007, 7.665680129000066 ], [ 42.045821386000057, 7.666412844000035 ], [ 42.046220026000071, 7.667915118000053 ], [ 42.046576945000027, 7.668831210000064 ], [ 42.046862480000073, 7.669342795000034 ], [ 42.047100426000043, 7.669735406000029 ], [ 42.047528729000078, 7.66986627600005 ], [ 42.047897546000058, 7.670175606000043 ], [ 42.048516206000045, 7.670627703000036 ], [ 42.049039687000061, 7.671151185000042 ], [ 42.049170557000025, 7.671448618000056 ], [ 42.049134865000042, 7.671805537000068 ], [ 42.049099173000059, 7.672233840000047 ], [ 42.049170557000025, 7.67268593700004 ], [ 42.049313325000071, 7.673138035000022 ], [ 42.049753525000028, 7.674006538000071 ], [ 42.050074752000057, 7.674648993000062 ], [ 42.049908190000053, 7.675374728000065 ], [ 42.049586963000024, 7.676124258000073 ], [ 42.048896919000072, 7.676481178000074 ], [ 42.047873751000054, 7.677076043000056 ], [ 42.047112324000068, 7.677528140000049 ], [ 42.045982080000044, 7.678146800000036 ], [ 42.044768554000029, 7.678765460000022 ], [ 42.043638310000063, 7.679158071000074 ], [ 42.04259134800003, 7.679705347000038 ], [ 42.042151147000027, 7.68006226600005 ], [ 42.041306439000039, 7.680918872000063 ], [ 42.041039789000081, 7.681349614000055 ], [ 42.040842444000077, 7.68166840300006 ], [ 42.040568806000067, 7.682394138000063 ], [ 42.040663984000048, 7.682965209000031 ], [ 42.040913828000043, 7.683631458000036 ], [ 42.041318336000074, 7.684535653000069 ], [ 42.041782331000036, 7.685427951000065 ], [ 42.041901304000078, 7.686213173000056 ], [ 42.042163045000052, 7.687248239000041 ], [ 42.042186839000067, 7.687795515000062 ], [ 42.042400991000079, 7.689710981000076 ], [ 42.042662731000064, 7.69075794400004 ], [ 42.042757910000034, 7.691483679000044 ], [ 42.043067240000028, 7.692435464000027 ], [ 42.043138624000051, 7.693089815000064 ], [ 42.043055343000049, 7.694112984000071 ], [ 42.043108251000035, 7.694747880000023 ], [ 42.043138624000051, 7.695314611000072 ], [ 42.043495543000063, 7.69587378500006 ], [ 42.043995230000064, 7.696313985000074 ], [ 42.04493511700008, 7.696980234000023 ], [ 42.045767928000032, 7.697265769000069 ], [ 42.046721097000045, 7.697496839000053 ], [ 42.04746924300008, 7.697741662000055 ], [ 42.048694665000028, 7.698336527000038 ], [ 42.049146763000067, 7.698788624000031 ], [ 42.049218147000033, 7.699038468000026 ], [ 42.04932522200005, 7.699514360000023 ], [ 42.049444195000035, 7.699811793000038 ], [ 42.049515579000058, 7.700406658000077 ], [ 42.04918245500005, 7.701037215000042 ], [ 42.048861227000032, 7.701774848000071 ], [ 42.048504308000076, 7.702203151000049 ], [ 42.048313951000068, 7.702560070000061 ], [ 42.048337746000072, 7.703083552000066 ], [ 42.048468616000036, 7.704154309000046 ], [ 42.048421027000074, 7.706224440000028 ], [ 42.048480514000062, 7.707664014000045 ], [ 42.048587589000078, 7.708996512000056 ], [ 42.04867087100007, 7.709769837000067 ], [ 42.048742254000047, 7.710685930000068 ], [ 42.048421027000074, 7.712589498000057 ], [ 42.048302054000033, 7.713493693000032 ], [ 42.048087903000066, 7.714612040000077 ], [ 42.047897546000058, 7.715254495000067 ], [ 42.047552524000025, 7.716372841000066 ], [ 42.047374064000053, 7.717158063000056 ], [ 42.047040940000045, 7.719418551000047 ], [ 42.047040940000045, 7.721155558000021 ], [ 42.047148015000062, 7.723166202000073 ], [ 42.046719712000026, 7.724320241000044 ], [ 42.046077258000025, 7.725521869000033 ], [ 42.045292036000035, 7.726307091000024 ], [ 42.044471122000061, 7.727116108000075 ], [ 42.043709694000029, 7.727627692000056 ], [ 42.043126726000025, 7.72830583800004 ], [ 42.042472375000045, 7.729340904000026 ], [ 42.042020277000063, 7.730578224000055 ], [ 42.041913201000057, 7.731244473000061 ], [ 42.041841817000034, 7.732112976000053 ], [ 42.041877509000074, 7.733052863000069 ], [ 42.041925099000025, 7.733861880000063 ], [ 42.041722844000049, 7.734111723000069 ], [ 42.041520590000061, 7.735610784000073 ], [ 42.041389720000041, 7.736657746000049 ], [ 42.041377823000062, 7.737454866000064 ], [ 42.041449206000038, 7.738406650000059 ], [ 42.041556282000045, 7.73914428300003 ], [ 42.041437309000059, 7.740262630000075 ], [ 42.040866238000035, 7.740964571000063 ], [ 42.040081016000045, 7.741963944000076 ], [ 42.039664611000035, 7.74264209100005 ], [ 42.039498048000041, 7.743439210000076 ], [ 42.039438562000043, 7.744045973000027 ], [ 42.039533740000024, 7.744557557000064 ], [ 42.039712200000054, 7.745414163000021 ], [ 42.039973941000028, 7.747103580000044 ], [ 42.039997735000043, 7.747793624000053 ], [ 42.03981927600006, 7.748388489000035 ], [ 42.039426664000075, 7.748840587000075 ], [ 42.039010259000065, 7.749590117000025 ], [ 42.038296421000041, 7.750684669000066 ], [ 42.037880015000042, 7.751648351000028 ], [ 42.03765396600005, 7.752719108000065 ], [ 42.037606377000031, 7.753528125000059 ], [ 42.037665863000029, 7.754182477000029 ], [ 42.037808631000075, 7.755146158000059 ], [ 42.03807037200005, 7.755741024000031 ], [ 42.038474880000081, 7.756478657000059 ], [ 42.038915080000038, 7.757133008000039 ], [ 42.039200616000073, 7.75768028400006 ], [ 42.039295794000054, 7.758179971000061 ], [ 42.039379075000056, 7.758846220000066 ], [ 42.039450459000079, 7.759476777000032 ], [ 42.039319589000058, 7.759857491000048 ], [ 42.039057848000027, 7.760440459000051 ], [ 42.038272626000037, 7.761404141000071 ], [ 42.037689658000033, 7.76192762200003 ], [ 42.036987717000045, 7.762558179000052 ], [ 42.036404749000042, 7.763498067000057 ], [ 42.035964549000028, 7.764188110000021 ], [ 42.035747473000072, 7.764694619000068 ], [ 42.035571938000032, 7.765104203000021 ], [ 42.03548865700003, 7.765901322000047 ], [ 42.035620231000053, 7.766716253000027 ], [ 42.036255159000063, 7.767767277000075 ], [ 42.036731051000061, 7.76871906100007 ], [ 42.03693925400006, 7.769670846000054 ], [ 42.036998741000048, 7.770473914000036 ], [ 42.037296173000072, 7.771336468000072 ], [ 42.03735566000006, 7.772526199000026 ], [ 42.037236687000075, 7.773418497000023 ], [ 42.037266430000045, 7.774221565000062 ], [ 42.036998741000048, 7.775381552000056 ], [ 42.036879767000073, 7.776095390000023 ], [ 42.036805263000076, 7.77623888100004 ], [ 42.036677633000068, 7.77648468700005 ], [ 42.036505557000055, 7.776816092000047 ], [ 42.03633138500004, 7.77715153500003 ], [ 42.036216630000069, 7.777372544000059 ], [ 42.036151917000041, 7.777497177000043 ], [ 42.036124581000081, 7.777549823000072 ], [ 42.036107164000043, 7.777583368000023 ], [ 42.036084364000033, 7.777627278000068 ], [ 42.03608459000003, 7.777627473000052 ], [ 42.036076699000034, 7.777642040000046 ], [ 42.035809010000037, 7.778415365000058 ], [ 42.035422348000054, 7.778921 ], [ 42.03512491500004, 7.779069717000027 ], [ 42.034797739000055, 7.779367149000052 ], [ 42.034381333000056, 7.779694325000037 ], [ 42.034068399000034, 7.780026818000067 ], [ 42.033905441000059, 7.780199961000051 ], [ 42.033578265000074, 7.780527136000046 ], [ 42.032923914000037, 7.78103277200006 ], [ 42.032477765000067, 7.781449178000059 ], [ 42.031942386000026, 7.781597894000072 ], [ 42.031704896000065, 7.781850227000064 ], [ 42.031466494000028, 7.78210352900004 ], [ 42.031169061000071, 7.782490192000068 ], [ 42.030603939000059, 7.783144544000038 ], [ 42.030306506000045, 7.783620436000035 ], [ 42.030068560000075, 7.783947612000077 ], [ 42.029622411000048, 7.784810166000057 ], [ 42.029176262000078, 7.785434775000056 ], [ 42.028968060000068, 7.785880924000026 ], [ 42.028611141000056, 7.786535275000062 ], [ 42.028432681000027, 7.787100397000074 ], [ 42.027867559000072, 7.787873722000029 ], [ 42.02774858600003, 7.788528074000055 ], [ 42.027451153000072, 7.789658318000022 ], [ 42.02754038300003, 7.790253183000061 ], [ 42.027570126000057, 7.79087779200006 ], [ 42.027480897000032, 7.791799833000027 ], [ 42.027361923000058, 7.792513671000052 ], [ 42.026767058000075, 7.794060321000075 ], [ 42.026439882000034, 7.794595700000059 ], [ 42.026082963000079, 7.795250051000039 ], [ 42.025636814000052, 7.795725944000026 ], [ 42.025160922000055, 7.79664798500005 ], [ 42.024566057000072, 7.797480796000059 ], [ 42.024326391000045, 7.797904820000042 ], [ 42.024066837000078, 7.798402512000052 ], [ 42.023911705000046, 7.798730013000068 ], [ 42.023554786000034, 7.799384365000037 ], [ 42.023227610000049, 7.799860257000034 ], [ 42.022424542000067, 7.800901271000043 ], [ 42.02194865000007, 7.801436650000028 ], [ 42.021889163000026, 7.801500386000043 ], [ 42.021175325000058, 7.802299205000054 ], [ 42.020580460000076, 7.802656124000066 ], [ 42.020402, 7.803042786000049 ], [ 42.019985594000048, 7.803637651000031 ], [ 42.01947995900008, 7.804351490000045 ], [ 42.01947995900008, 7.805214044000024 ], [ 42.019360986000038, 7.805957626000065 ], [ 42.019390729000065, 7.806611978000035 ], [ 42.019807135000065, 7.807206843000074 ], [ 42.01971790500005, 7.807950425000058 ], [ 42.019985594000048, 7.808872466000025 ], [ 42.019866621000062, 7.809556561000022 ], [ 42.019658418000063, 7.810359629000061 ], [ 42.019569189000038, 7.810865264000029 ], [ 42.019390729000065, 7.811817049000069 ], [ 42.019212270000025, 7.812709347000066 ], [ 42.019093296000051, 7.813720617000058 ], [ 42.018676891000041, 7.814910348000069 ], [ 42.018200999000044, 7.815981105000049 ], [ 42.017992796000044, 7.81657597100002 ], [ 42.017546647000074, 7.817289809000044 ], [ 42.017130241000075, 7.818033391000029 ], [ 42.016743579000035, 7.818687742000066 ], [ 42.016118970000036, 7.819490810000048 ], [ 42.015791794000052, 7.820085676000076 ], [ 42.014958983000042, 7.822108218000039 ], [ 42.014750780000043, 7.822762569000076 ], [ 42.01457232100006, 7.823297948000061 ], [ 42.014661550000028, 7.824011786000028 ], [ 42.014542577000043, 7.824814854000067 ], [ 42.014721037000072, 7.825439463000066 ], [ 42.014958983000042, 7.826272274000075 ], [ 42.015553848000025, 7.827670208000029 ], [ 42.015970254000081, 7.828443532000051 ], [ 42.016089227000066, 7.829008654000063 ], [ 42.016446146000078, 7.829722493000077 ], [ 42.016654349000078, 7.830198385000074 ], [ 42.01683280900005, 7.830763507000029 ], [ 42.016862552000077, 7.831388115000038 ], [ 42.016803065000033, 7.832101954000052 ], [ 42.016475889000048, 7.832905022000034 ], [ 42.01617845700008, 7.833797320000031 ], [ 42.015940511000053, 7.834302955000055 ], [ 42.015762051000081, 7.835046537000039 ], [ 42.015494362000027, 7.835611659000051 ], [ 42.015256416000057, 7.836622930000033 ], [ 42.015315902000054, 7.837544971000057 ], [ 42.015494362000027, 7.838050606000024 ], [ 42.015494362000027, 7.839180850000048 ], [ 42.015583591000052, 7.839716229000032 ], [ 42.016029740000079, 7.840727500000071 ], [ 42.01617845700008, 7.841679284000065 ], [ 42.016327173000036, 7.842631069000049 ], [ 42.016535376000036, 7.843582853000044 ], [ 42.017546647000074, 7.845575652000036 ], [ 42.017873823000059, 7.846051544000034 ], [ 42.018200999000044, 7.84673563900003 ], [ 42.018617404000054, 7.847657680000054 ], [ 42.018741549000026, 7.848216338000043 ], [ 42.018914837000068, 7.849234073000048 ], [ 42.018944580000039, 7.849918168000045 ], [ 42.019166221000035, 7.85086435900007 ], [ 42.01950970200005, 7.852029940000023 ] ] ] } },
{ "type": "Feature", "properties": { "DISTRICTS": "Fik", "Zone_Name": "Erer", "Wor_PCode": "ET0504001" }, "geometry": { "type": "Polygon", "coordinates": [ [ [ 42.530081513000027, 8.538738712000054 ], [ 42.761003176000031, 8.321440693000056 ], [ 42.686720716000025, 8.121641932000045 ], [ 42.66875198200006, 8.126867494000066 ], [ 42.640198450000071, 8.128295171000048 ], [ 42.613072595000062, 8.122584464000056 ], [ 42.589515931000051, 8.117587596000021 ], [ 42.54811330900003, 8.109735375000071 ], [ 42.499572305000072, 8.09046174100007 ], [ 42.472446449000074, 8.070474268000055 ], [ 42.429616151000062, 8.03977922100006 ], [ 42.411770194000042, 8.033354676000044 ], [ 42.411770194000042, 8.005514983000069 ], [ 42.403204134000077, 7.971250744000031 ], [ 42.414625547000071, 7.921995901000059 ], [ 42.423191606000046, 7.887017825000044 ], [ 42.426760798000032, 7.847756718000028 ], [ 42.398668341000075, 7.821268072000066 ], [ 42.221636443000079, 7.891938064000044 ], [ 42.022235488000035, 7.858395180000059 ], [ 42.021018566000066, 7.863018314000044 ], [ 42.021464715000036, 7.865100343000051 ], [ 42.020423701000027, 7.869710548000057 ], [ 42.018787821000046, 7.872684875000061 ], [ 42.016854509000041, 7.875807917000031 ], [ 42.015664779000076, 7.879823258000044 ], [ 42.014028899000039, 7.882351435000032 ], [ 42.010162275000027, 7.88666420800007 ], [ 42.005998218000059, 7.891423130000021 ], [ 42.004808488000037, 7.894992322000064 ], [ 42.005998218000059, 7.899751244000072 ], [ 42.00718794900007, 7.904361449000021 ], [ 42.006741800000043, 7.90763320800005 ], [ 42.006741800000043, 7.911499832000061 ], [ 42.004362339000068, 7.916556187000026 ], [ 42.001239296000051, 7.921612542000048 ], [ 41.998767697000062, 7.921981366000068 ], [ 41.999232332000076, 7.92225929500006 ], [ 41.999672532000034, 7.92225929500006 ], [ 42.000005657000031, 7.922057041000073 ], [ 42.000035400000058, 7.922509138000066 ], [ 41.999416740000072, 7.924692294000067 ], [ 41.999083616000064, 7.925584592000064 ], [ 41.998738594000031, 7.926286533000052 ], [ 41.998429264000038, 7.927250214000026 ], [ 41.99813183100008, 7.928011642000058 ], [ 41.998000961000059, 7.928868248000072 ], [ 41.998012858000038, 7.929593984000064 ], [ 41.998262702000034, 7.930295925000053 ], [ 41.998524442000075, 7.930890790000035 ], [ 41.999262075000047, 7.932366056000035 ], [ 42.000011606000044, 7.933424916000035 ], [ 42.00132030900005, 7.934459981000032 ], [ 42.003045418000056, 7.935994734000076 ], [ 42.003640284000028, 7.937267745000042 ], [ 42.003271467000047, 7.93838609200003 ], [ 42.002878856000052, 7.939040444000057 ], [ 42.002141223000081, 7.940051715000038 ], [ 42.001641536000079, 7.940598991000059 ], [ 42.000784930000066, 7.941919592000033 ], [ 42.000332833000073, 7.942788095000026 ], [ 42.00026144900005, 7.943704187000037 ], [ 42.000416114000075, 7.944655972000021 ], [ 42.000582676000079, 7.945631551000076 ], [ 42.001070466000044, 7.946702308000056 ], [ 42.001546358000041, 7.947665990000075 ], [ 42.001891380000075, 7.94834413600006 ], [ 42.002176915000064, 7.948962796000046 ], [ 42.00224829900003, 7.949652840000056 ], [ 42.002165018000028, 7.95046185700005 ], [ 42.002188812000043, 7.951199489000032 ], [ 42.002188812000043, 7.951782457000036 ], [ 42.002414861000034, 7.952341631000024 ], [ 42.002878856000052, 7.95286511200004 ], [ 42.003545105000057, 7.953436183000065 ], [ 42.00417566200008, 7.953995356000064 ], [ 42.004794322000066, 7.954602119000072 ], [ 42.005448674000036, 7.955470622000064 ], [ 42.005900772000075, 7.956101179000029 ], [ 42.006614610000042, 7.956910196000024 ], [ 42.007721059000062, 7.957588342000065 ], [ 42.008815611000045, 7.958361667000077 ], [ 42.009707909000042, 7.959087403000069 ], [ 42.011064202000057, 7.960229544000072 ], [ 42.012349111000049, 7.961550145000047 ], [ 42.012741722000044, 7.962037934000023 ], [ 42.013491252000051, 7.962585210000043 ], [ 42.014074220000055, 7.963287151000031 ], [ 42.014609599000039, 7.963846325000077 ], [ 42.015168772000038, 7.964726725000048 ], [ 42.015335334000042, 7.965297796000073 ], [ 42.015204464000078, 7.966047326000023 ], [ 42.01483564800003, 7.967796230000033 ], [ 42.014883237000049, 7.969128728000044 ], [ 42.01501410700007, 7.969604620000041 ], [ 42.015394821000029, 7.970187588000044 ], [ 42.016025378000052, 7.970556405000025 ], [ 42.016905779000069, 7.970841940000071 ], [ 42.017607720000058, 7.971139373000028 ], [ 42.018333455000061, 7.971246448000045 ], [ 42.018833142000062, 7.971234551000066 ], [ 42.019796824000025, 7.971163167000043 ], [ 42.020296511000026, 7.971484395000061 ], [ 42.021260192000057, 7.971936492000054 ], [ 42.022687869000038, 7.972757406000028 ], [ 42.023770524000042, 7.97351883400006 ], [ 42.024210724000056, 7.974220775000049 ], [ 42.02424641600004, 7.975731732000042 ], [ 42.024198827000077, 7.977230793000047 ], [ 42.024579540000047, 7.978587086000061 ], [ 42.024865076000026, 7.979134362000025 ], [ 42.025804963000041, 7.979967173000034 ], [ 42.026602082000068, 7.980335990000071 ], [ 42.027101769000069, 7.980847574000052 ], [ 42.028136835000055, 7.981739871000059 ], [ 42.028862570000058, 7.982251456000029 ], [ 42.029980917000046, 7.982251456000029 ], [ 42.030492501000026, 7.982334737000031 ], [ 42.030944599000065, 7.982608375000041 ], [ 42.031444285000077, 7.98344118600005 ], [ 42.031408593000037, 7.985808750000047 ], [ 42.031372902000044, 7.986367923000046 ], [ 42.031134955000027, 7.98690330200003 ], [ 42.030670961000055, 7.987629037000033 ], [ 42.030397323000045, 7.988438054000028 ], [ 42.030218863000073, 7.989270866000027 ], [ 42.030325939000079, 7.990115574000072 ], [ 42.03082562600008, 7.990948386000071 ], [ 42.031289620000052, 7.991602737000051 ], [ 42.031765513000039, 7.99238796000003 ], [ 42.032265199000051, 7.993066106000072 ], [ 42.032979038000065, 7.993898917000024 ], [ 42.033847541000057, 7.994184453000059 ], [ 42.034680352000066, 7.994172555000034 ], [ 42.03550126600004, 7.994410501000061 ], [ 42.036369770000078, 7.994636550000052 ], [ 42.037000327000044, 7.995195723000052 ], [ 42.037595192000026, 7.995695410000053 ], [ 42.03807108400008, 7.996183200000075 ], [ 42.038404209000078, 7.996563914000035 ], [ 42.038665950000052, 7.996920833000047 ], [ 42.039129944000081, 7.997158779000074 ], [ 42.039986550000037, 7.997539493000033 ], [ 42.040295880000031, 7.998027282000066 ], [ 42.040450545000056, 7.998741120000034 ], [ 42.040605210000081, 7.999169423000069 ], [ 42.040652799000043, 7.999645316000056 ], [ 42.040652799000043, 8.00008551600007 ], [ 42.040664697000068, 8.000478127000065 ], [ 42.040664697000068, 8.000763662000054 ], [ 42.040736081000034, 8.001072992000047 ], [ 42.040890746000059, 8.001406117000045 ], [ 42.041188178000027, 8.001751139000021 ], [ 42.041640276000066, 8.002203236000071 ], [ 42.041854427000033, 8.00261964200007 ], [ 42.042377909000038, 8.003333480000038 ], [ 42.042603958000029, 8.003666605000035 ], [ 42.042877596000039, 8.004261470000074 ], [ 42.042901390000054, 8.004820643000073 ], [ 42.043044158000043, 8.00595088700004 ], [ 42.043151234000049, 8.006807493000053 ], [ 42.043389180000077, 8.007711688000029 ], [ 42.043412974000034, 8.008496911000066 ], [ 42.043460563000053, 8.009305927000071 ], [ 42.04366281800003, 8.010210122000046 ], [ 42.043793688000051, 8.011078626000028 ], [ 42.043924558000072, 8.011721080000029 ], [ 42.044233888000065, 8.012649070000066 ], [ 42.044376656000054, 8.013101168000048 ], [ 42.044495629000039, 8.013446189000035 ], [ 42.04448373200006, 8.014041055000064 ], [ 42.044376656000054, 8.014386076000051 ], [ 42.044043531000057, 8.014754893000031 ], [ 42.043639023000026, 8.015218888000049 ], [ 42.042556368000078, 8.016134980000061 ], [ 42.041771146000031, 8.017027278000057 ], [ 42.041200076000052, 8.017943371000058 ], [ 42.040391059000058, 8.019620891000045 ], [ 42.040129318000027, 8.020251448000067 ], [ 42.03992706400004, 8.02070354500006 ], [ 42.03992706400004, 8.021310308000068 ], [ 42.039974653000058, 8.021809995000069 ], [ 42.040069832000029, 8.022238298000048 ], [ 42.040176907000046, 8.022987828000055 ], [ 42.039938961000075, 8.023594591000062 ], [ 42.039474966000057, 8.024653451000063 ], [ 42.038951485000041, 8.025593338000022 ], [ 42.038665950000052, 8.026259587000027 ], [ 42.038368517000038, 8.02674737600006 ], [ 42.038178160000029, 8.027687264000065 ], [ 42.038213852000069, 8.028853199000025 ], [ 42.038439901000061, 8.030435541000031 ], [ 42.038880101000075, 8.032565159000058 ], [ 42.039308404000053, 8.034183192000057 ], [ 42.039308404000053, 8.035372923000068 ], [ 42.03909425300003, 8.03693147000007 ], [ 42.038546977000067, 8.037633411000058 ], [ 42.037595192000026, 8.038763655000025 ], [ 42.037178786000027, 8.039905796000028 ], [ 42.037333451000052, 8.040667223000071 ], [ 42.038511285000027, 8.041916440000023 ], [ 42.039106150000066, 8.042416127000024 ], [ 42.040176907000046, 8.043748625000035 ], [ 42.039819988000033, 8.045069226000066 ], [ 42.03923702000003, 8.046473108000043 ], [ 42.038987177000081, 8.04763904400005 ], [ 42.039034766000043, 8.048400472000026 ], [ 42.039165636000064, 8.049471229000062 ], [ 42.039415480000059, 8.050553884000067 ], [ 42.039974653000058, 8.05137479800004 ], [ 42.040426751000041, 8.051696025000069 ], [ 42.040783670000053, 8.052314685000056 ], [ 42.040807464000068, 8.052885756000023 ], [ 42.040938335000078, 8.053242675000035 ], [ 42.041568892000043, 8.053968410000039 ], [ 42.041985298000043, 8.054503789000023 ], [ 42.042318422000051, 8.055170038000028 ], [ 42.042413601000078, 8.056478742000024 ], [ 42.042532574000063, 8.057323450000069 ], [ 42.042675341000063, 8.057823137000071 ], [ 42.042853801000035, 8.058513181000023 ], [ 42.043460563000053, 8.058881997000071 ], [ 42.043829380000034, 8.059048560000065 ], [ 42.04397214800008, 8.059405479000077 ], [ 42.044043531000057, 8.059786192000047 ], [ 42.043888866000032, 8.060238290000029 ], [ 42.043769893000047, 8.060761772000035 ], [ 42.043531947000076, 8.061903913000037 ], [ 42.043341590000068, 8.062950876000059 ], [ 42.04324641200003, 8.063510049000058 ], [ 42.043389180000077, 8.064271476000044 ], [ 42.043757996000068, 8.065544488000057 ], [ 42.043960250000055, 8.066163148000044 ], [ 42.044103018000044, 8.066948370000034 ], [ 42.044245786000033, 8.067674106000027 ], [ 42.044424245000073, 8.06816189500006 ], [ 42.044448040000077, 8.068578301000059 ], [ 42.044471834000035, 8.069280242000048 ], [ 42.044412348000037, 8.070041669000034 ], [ 42.04435286100005, 8.070826892000071 ], [ 42.044531321000079, 8.071421757000053 ], [ 42.044781164000028, 8.071754881000061 ], [ 42.045066700000064, 8.071992827000031 ], [ 42.046422992000032, 8.072337849000064 ], [ 42.047874464000074, 8.072456822000049 ], [ 42.050848790000032, 8.073420504000069 ], [ 42.052454926000053, 8.074051061000034 ], [ 42.05347809400007, 8.074788694000063 ], [ 42.054263316000061, 8.07553822400007 ], [ 42.054810592000081, 8.076382933000048 ], [ 42.05467972200006, 8.077644047000035 ], [ 42.054596441000058, 8.078417372000047 ], [ 42.054501263000077, 8.079155005000075 ], [ 42.054501263000077, 8.080463709000071 ], [ 42.054525057000035, 8.081272725000076 ], [ 42.054584544000079, 8.083616494000069 ], [ 42.054655928000045, 8.085734215000059 ], [ 42.054703517000064, 8.086864459000026 ], [ 42.055096128000059, 8.087709167000071 ], [ 42.055750480000029, 8.088351622000062 ], [ 42.055905145000054, 8.088672849000034 ], [ 42.055988426000056, 8.088982179000027 ], [ 42.055988426000056, 8.089350995000075 ], [ 42.056095501000073, 8.089577044000066 ], [ 42.056143091000081, 8.089850682000076 ], [ 42.056262064000066, 8.090302780000059 ], [ 42.056416729000034, 8.090635904000067 ], [ 42.056618983000078, 8.09104041300003 ], [ 42.056833134000044, 8.091349743000023 ], [ 42.057142464000037, 8.091682867000031 ], [ 42.057439897000052, 8.091813738000042 ], [ 42.057701638000026, 8.091968403000067 ], [ 42.058118043000036, 8.092099273000031 ], [ 42.058879471000068, 8.092194451000069 ], [ 42.059391055000049, 8.092087376000052 ], [ 42.05965279600008, 8.091980300000046 ], [ 42.059938331000069, 8.091920813000058 ], [ 42.060378531000026, 8.091742354000075 ], [ 42.061258932000044, 8.09158768900005 ], [ 42.061711029000037, 8.091433024000025 ], [ 42.062246408000078, 8.091242667000074 ], [ 42.062995938000029, 8.090921440000045 ], [ 42.063305268000079, 8.090647802000035 ], [ 42.063864442000067, 8.090314677000038 ], [ 42.064304642000025, 8.090005347000044 ], [ 42.064613972000075, 8.089945861000047 ], [ 42.064887610000028, 8.089969655000061 ], [ 42.065161248000038, 8.090148115000034 ], [ 42.065339707000078, 8.090576418000069 ], [ 42.065565756000069, 8.091206975000034 ], [ 42.06579180500006, 8.091825635000021 ], [ 42.065958367000064, 8.092479987000047 ], [ 42.065982162000068, 8.092955879000044 ], [ 42.066184416000056, 8.093586436000066 ], [ 42.066327184000045, 8.094086123000068 ], [ 42.066386670000043, 8.094514426000046 ], [ 42.066458054000066, 8.095097394000049 ], [ 42.06644615700003, 8.096001589000025 ], [ 42.066553233000036, 8.096905784000057 ], [ 42.066838768000025, 8.097619622000025 ], [ 42.067290865000075, 8.098262077000072 ], [ 42.067754860000036, 8.098642791000032 ], [ 42.069111153000051, 8.099570781000068 ], [ 42.070717289000072, 8.100701024000045 ], [ 42.07207358200003, 8.102533209000057 ], [ 42.072573269000031, 8.103366021000056 ], [ 42.073263313000041, 8.104805595000073 ], [ 42.073441772000081, 8.105329076000032 ], [ 42.073632129000032, 8.106054812000025 ], [ 42.073691616000076, 8.106340347000071 ], [ 42.073905767000042, 8.107030391000023 ], [ 42.07409612400005, 8.107482488000073 ], [ 42.074679092000054, 8.108160635000047 ], [ 42.075119292000068, 8.108696013000042 ], [ 42.075535698000067, 8.10930277600005 ], [ 42.076356612000041, 8.110659069000064 ], [ 42.07664214700003, 8.111265831000026 ], [ 42.07704665600005, 8.112788686000044 ], [ 42.077082347000044, 8.11345493500005 ], [ 42.077022861000046, 8.11409739000004 ], [ 42.076808709000034, 8.114965893000033 ], [ 42.07653507100008, 8.116250802000025 ], [ 42.076404201000059, 8.117440533000035 ], [ 42.076368509000076, 8.118356625000047 ], [ 42.076761120000072, 8.119284615000026 ], [ 42.077022861000046, 8.119605842000055 ], [ 42.077391677000037, 8.119843788000026 ], [ 42.077510650000079, 8.120188810000059 ], [ 42.077629624000053, 8.120545729000071 ], [ 42.077498753000043, 8.121188184000061 ], [ 42.077355986000043, 8.121735460000025 ], [ 42.076725428000032, 8.122865704000048 ], [ 42.076071077000051, 8.123995948000072 ], [ 42.075547595000046, 8.124971527000071 ], [ 42.074964627000043, 8.126006592000067 ], [ 42.07478616800006, 8.126779917000022 ], [ 42.07478616800006, 8.127089247000072 ], [ 42.074702886000068, 8.127588934000073 ], [ 42.074702886000068, 8.127922058000024 ], [ 42.074857551000036, 8.128623999000069 ], [ 42.075214471000038, 8.129052302000048 ], [ 42.075416725000025, 8.129325940000058 ], [ 42.075238265000053, 8.13019444400004 ], [ 42.075143087000072, 8.130777412000043 ], [ 42.07502411400003, 8.131241406000072 ], [ 42.074869449000062, 8.13249062400007 ], [ 42.074857551000036, 8.134239527000034 ], [ 42.075131189000047, 8.135108031000073 ], [ 42.075381033000042, 8.135607717000028 ], [ 42.075761747000058, 8.136047918000031 ], [ 42.075904514000058, 8.136333453000077 ], [ 42.076094871000066, 8.136583296000026 ], [ 42.07626143300007, 8.136964010000042 ], [ 42.07639230400008, 8.13729713500004 ], [ 42.076574333000053, 8.137813577000031 ], [ 42.07695504600008, 8.138289469000028 ], [ 42.077311965000035, 8.138812951000034 ], [ 42.077716474000056, 8.139550583000073 ], [ 42.078311339000038, 8.140609444000063 ], [ 42.078549285000065, 8.141275693000068 ], [ 42.078811026000039, 8.142132299000025 ], [ 42.078501696000046, 8.142869932000053 ], [ 42.077871139000081, 8.143797921000044 ], [ 42.077288171000077, 8.144618835000074 ], [ 42.076764689000072, 8.14520180300002 ], [ 42.075705829000071, 8.146593788000075 ], [ 42.074313845000063, 8.148318897000024 ], [ 42.073837952000076, 8.148889968000049 ], [ 42.073540520000051, 8.149698985000043 ], [ 42.073492931000033, 8.150650769000038 ], [ 42.073766569000043, 8.151816705000044 ], [ 42.074206769000057, 8.152851770000041 ], [ 42.074765942000056, 8.154112885000075 ], [ 42.075408397000047, 8.155445383000028 ], [ 42.076169824000033, 8.156230605000076 ], [ 42.076895560000025, 8.156647011000075 ], [ 42.077633193000054, 8.157408438000061 ], [ 42.078239955000072, 8.15851488800007 ], [ 42.078703950000033, 8.159526159000052 ], [ 42.078882410000062, 8.160239997000076 ], [ 42.07866825800005, 8.160811068000044 ], [ 42.078418415000044, 8.161263165000037 ], [ 42.077740268000071, 8.162595663000047 ], [ 42.077383349000058, 8.163261912000053 ], [ 42.077181095000071, 8.164320773000043 ], [ 42.077371452000079, 8.165105995000033 ], [ 42.077692679000052, 8.165986395000061 ], [ 42.07788303600006, 8.166712131000054 ], [ 42.078144777000034, 8.167366483000023 ], [ 42.078382723000061, 8.168056526000044 ], [ 42.078620669000031, 8.16867518600003 ], [ 42.078573080000069, 8.169044003000067 ], [ 42.078608772000052, 8.170138555000051 ], [ 42.07852549100005, 8.17069772800005 ], [ 42.078489799000067, 8.171161723000068 ], [ 42.078489799000067, 8.171542437000028 ], [ 42.078501696000046, 8.171792280000034 ], [ 42.078632566000067, 8.172220583000069 ], [ 42.078870512000037, 8.172779756000068 ], [ 42.07921553400007, 8.17351738900004 ], [ 42.079465378000066, 8.173981384000058 ], [ 42.079846091000036, 8.174588147000065 ], [ 42.080321984000079, 8.175171115000069 ], [ 42.080548032000081, 8.175742185000047 ], [ 42.080762184000037, 8.17632515300005 ], [ 42.081035822000047, 8.177419705000034 ], [ 42.081166692000068, 8.177859906000037 ], [ 42.081702071000052, 8.179418453000039 ], [ 42.082035196000049, 8.180191777000061 ], [ 42.082273142000076, 8.180822335000073 ], [ 42.082427807000045, 8.181464789000074 ], [ 42.082630061000032, 8.181976373000055 ], [ 42.08282041800004, 8.182404676000033 ], [ 42.083439078000026, 8.183178001000044 ], [ 42.083867381000061, 8.183772866000027 ], [ 42.084093429000063, 8.184272553000028 ], [ 42.084390862000078, 8.184772240000029 ], [ 42.084557424000025, 8.185117262000063 ], [ 42.084674018000044, 8.185393279000039 ], [ 42.084117224000067, 8.185964350000063 ], [ 42.083160681000038, 8.186920893000035 ], [ 42.082975083000065, 8.187549071000035 ], [ 42.082917976000033, 8.188662659000045 ], [ 42.083203511000079, 8.189662032000058 ], [ 42.083431939000036, 8.190747066000029 ], [ 42.083374832000061, 8.19177499400007 ], [ 42.083717475000071, 8.193088456000055 ], [ 42.084217161000026, 8.194187767000074 ], [ 42.084545527000046, 8.19522997100006 ], [ 42.084488420000071, 8.195801042000028 ], [ 42.084431313000039, 8.196614817000068 ], [ 42.084788232000051, 8.197442870000032 ], [ 42.085487794000073, 8.198342306000029 ], [ 42.086558551000053, 8.199398787000064 ], [ 42.087443710000059, 8.200655142000073 ], [ 42.087729246000038, 8.201868667000042 ], [ 42.088243209000041, 8.203396281000039 ], [ 42.088543021000078, 8.204624083000056 ], [ 42.089028431000031, 8.205552073000035 ], [ 42.090099189000057, 8.206679937000047 ], [ 42.090984348000063, 8.207450883000035 ], [ 42.091512589000047, 8.208250382000074 ], [ 42.091612526000063, 8.20894994300005 ], [ 42.091198500000075, 8.209635228000025 ], [ 42.09077019700004, 8.210648878000029 ], [ 42.090213403000064, 8.211562591000074 ], [ 42.08954239500008, 8.212676179000027 ], [ 42.088971324000056, 8.214275177000047 ], [ 42.088657236000074, 8.215460148000034 ], [ 42.088471638000044, 8.216516629000068 ], [ 42.088914217000081, 8.217358958000034 ], [ 42.090527492000035, 8.217473172000041 ], [ 42.091341268000065, 8.217687324000053 ], [ 42.09251196200006, 8.218301225000062 ], [ 42.092925989000037, 8.219229215000041 ], [ 42.093411399000047, 8.220414186000028 ], [ 42.093454229000031, 8.22159915800006 ], [ 42.093554166000047, 8.222884067000052 ], [ 42.093739764000077, 8.225025582000058 ], [ 42.09426800500006, 8.226324767000051 ], [ 42.094682031000048, 8.227623953000034 ], [ 42.094996120000076, 8.229151567000031 ], [ 42.094981843000028, 8.230722011000069 ], [ 42.095110334000026, 8.231535787000041 ], [ 42.095695681000052, 8.23230673200004 ], [ 42.096223922000036, 8.232949187000031 ], [ 42.096181091000062, 8.233877177000068 ], [ 42.096338136000043, 8.23453390800006 ], [ 42.096809269000062, 8.23513353200002 ], [ 42.097337509000056, 8.235533282000063 ], [ 42.098779463000028, 8.236232843000039 ], [ 42.099978711000063, 8.236718253000049 ], [ 42.100849594000067, 8.237432091000073 ], [ 42.101349281000068, 8.237746180000045 ], [ 42.101463495000075, 8.238431465000076 ], [ 42.10166336900005, 8.239059643000076 ], [ 42.101820414000031, 8.239516499000047 ], [ 42.102191610000034, 8.240059016000032 ], [ 42.102462868000032, 8.240572980000024 ], [ 42.102434315000039, 8.241072667000026 ], [ 42.102348654000025, 8.241543800000045 ], [ 42.102248717000066, 8.241929273000039 ], [ 42.102091672000029, 8.242528897000057 ], [ 42.102163056000052, 8.243000030000076 ], [ 42.102405761000057, 8.243356949000031 ], [ 42.102862618000074, 8.243756699000073 ], [ 42.103633563000074, 8.244570474000056 ], [ 42.104061866000052, 8.245141545000024 ], [ 42.104304571000057, 8.245741169000041 ], [ 42.104504446000078, 8.246140919000027 ], [ 42.105475266000042, 8.246740543000044 ], [ 42.106060613000068, 8.24714029200004 ], [ 42.10671734500005, 8.248182496000027 ], [ 42.107745272000045, 8.249467405000075 ], [ 42.109686912000029, 8.251009296000063 ], [ 42.11114314200006, 8.252151437000066 ], [ 42.112142516000063, 8.252522633000069 ], [ 42.11348453200003, 8.252708231000042 ], [ 42.114098433000038, 8.252879552000024 ], [ 42.114541012000075, 8.253707605000045 ], [ 42.115226297000049, 8.25457848700006 ], [ 42.115740261000042, 8.255449370000065 ], [ 42.116111457000045, 8.256077548000064 ], [ 42.116625420000048, 8.257148305000044 ], [ 42.116739634000055, 8.257762206000052 ], [ 42.116725358000053, 8.258718750000071 ], [ 42.116811018000078, 8.259375481000063 ], [ 42.116996616000051, 8.26007504200004 ], [ 42.117453473000069, 8.260817434000046 ], [ 42.11843857000008, 8.261702594000042 ], [ 42.119066747000034, 8.262502093000023 ], [ 42.11950932700006, 8.26324448400004 ], [ 42.119851969000081, 8.264101090000054 ], [ 42.120094674000029, 8.265129018000039 ], [ 42.120108951000077, 8.265657258000033 ], [ 42.119894800000054, 8.266456757000071 ], [ 42.119694925000033, 8.267084934000025 ], [ 42.119623541000067, 8.267755942000065 ], [ 42.119623541000067, 8.268341290000023 ], [ 42.119709202000081, 8.269012298000064 ], [ 42.120094674000029, 8.269540538000058 ], [ 42.120665745000053, 8.270140162000075 ], [ 42.121179709000046, 8.27112525900003 ], [ 42.121465244000035, 8.27179626700007 ], [ 42.121536628000058, 8.272324508000054 ], [ 42.121522351000067, 8.272567213000059 ], [ 42.121136878000073, 8.273466649000056 ], [ 42.121022664000066, 8.274180487000024 ], [ 42.121079771000041, 8.275022816000046 ], [ 42.121565181000051, 8.27622206500007 ], [ 42.122250466000025, 8.277435590000039 ], [ 42.123349777000044, 8.278691945000048 ], [ 42.125519845000042, 8.278920374000052 ], [ 42.126190853000026, 8.279120248000027 ], [ 42.127618530000063, 8.27983408700004 ], [ 42.128532243000052, 8.280619309000031 ], [ 42.128989100000069, 8.281161826000073 ], [ 42.129460233000032, 8.281989878000047 ], [ 42.129346019000025, 8.282760824000036 ], [ 42.129074760000037, 8.283488939000051 ], [ 42.128603627000075, 8.284645357000045 ], [ 42.128118217000065, 8.28600164900007 ], [ 42.12787551200006, 8.287186621000046 ], [ 42.128446582000038, 8.288300209000056 ], [ 42.129745768000078, 8.289670778000072 ], [ 42.130602374000034, 8.290912857000023 ], [ 42.13133048900005, 8.292897327000048 ], [ 42.131830176000051, 8.294210790000022 ], [ 42.132758166000031, 8.295053119000045 ], [ 42.134171566000077, 8.295352931000025 ], [ 42.136327357000027, 8.295424315000048 ], [ 42.137440945000037, 8.295681297000044 ], [ 42.139097050000032, 8.296652117000065 ], [ 42.141067244000055, 8.297294571000066 ], [ 42.143065991000071, 8.297708598000042 ], [ 42.143965427000069, 8.297637214000076 ], [ 42.144722096000066, 8.297051866000061 ], [ 42.145321720000027, 8.296737778000022 ], [ 42.14617832600004, 8.296580733000042 ], [ 42.14699210200007, 8.297051866000061 ], [ 42.14821990300004, 8.29860803400004 ], [ 42.148691037000049, 8.299693068000067 ], [ 42.148676760000058, 8.300606781000056 ], [ 42.14807713600004, 8.301891690000048 ], [ 42.147763047000069, 8.303590625000027 ], [ 42.147748770000078, 8.305246730000022 ], [ 42.148105689000033, 8.306588746000045 ], [ 42.149090786000045, 8.308530386000029 ], [ 42.149790348000067, 8.309072903000072 ], [ 42.151831925000067, 8.309758188000046 ], [ 42.154073378000078, 8.311585614000023 ], [ 42.15692873100005, 8.31471222600004 ], [ 42.158656219000079, 8.317353428000047 ], [ 42.159612763000041, 8.319566326000029 ], [ 42.160312324000074, 8.321879163000062 ], [ 42.160883395000042, 8.323678035000057 ], [ 42.161597233000066, 8.324777346000076 ], [ 42.163110570000072, 8.326147916000025 ], [ 42.165109318000077, 8.32720439600007 ], [ 42.166608378000035, 8.327689806000024 ], [ 42.167907564000075, 8.327861127000062 ], [ 42.169392347000041, 8.327918235000027 ], [ 42.171077006000075, 8.328218047000064 ], [ 42.172404745000051, 8.328603519000069 ], [ 42.173032923000051, 8.329088929000022 ], [ 42.173361288000081, 8.330088303000025 ], [ 42.173389842000063, 8.331758685000068 ], [ 42.173432672000047, 8.333286299000065 ], [ 42.173446949000038, 8.33397158300005 ], [ 42.173718208000025, 8.33431422600006 ], [ 42.175574187000052, 8.334742529000039 ], [ 42.177430167000068, 8.33524221600004 ], [ 42.178829290000067, 8.335770456000034 ], [ 42.18061388600006, 8.336569955000073 ], [ 42.182070116000034, 8.337440837000031 ], [ 42.182841061000033, 8.33839738100005 ], [ 42.183197980000045, 8.339411031000054 ], [ 42.183169427000053, 8.340324744000043 ], [ 42.183083766000038, 8.342009403000077 ], [ 42.18328364100006, 8.343622677000042 ], [ 42.184325845000046, 8.345735639000054 ], [ 42.185739245000036, 8.347677279000038 ], [ 42.186481636000053, 8.349062125000046 ], [ 42.186695788000065, 8.349847347000036 ], [ 42.18626748500003, 8.350475525000036 ], [ 42.18548226300004, 8.351317854000058 ], [ 42.182855338000024, 8.354173207000031 ], [ 42.181841687000031, 8.356271892000052 ], [ 42.181713197000079, 8.356828686000028 ], [ 42.183069489000047, 8.359298566000064 ], [ 42.183397855000067, 8.360383601000024 ], [ 42.181170679000047, 8.361625679000042 ], [ 42.177887023000039, 8.363610150000056 ], [ 42.177387336000038, 8.364109836000068 ], [ 42.177216015000056, 8.366122860000075 ], [ 42.175682691000077, 8.369574411000031 ], [ 42.173722776000034, 8.372288139000034 ], [ 42.172818200000052, 8.374851104000072 ], [ 42.174476589000051, 8.378620170000033 ], [ 42.176285741000072, 8.380881610000074 ], [ 42.174778115000038, 8.384198388000073 ], [ 42.175079640000035, 8.386610591000021 ], [ 42.175833453000052, 8.388570505000075 ], [ 42.178396418000034, 8.392490334000058 ], [ 42.180507095000053, 8.395204062000062 ], [ 42.181110146000037, 8.39852084000006 ], [ 42.182165485000041, 8.402440669000043 ], [ 42.180205570000055, 8.403496008000047 ], [ 42.179986838000048, 8.407357835000028 ], [ 42.224554158000046, 8.469677315000069 ], [ 42.249541958000066, 8.504618314000027 ], [ 42.253293454000072, 8.509864115000028 ], [ 42.414392105000047, 8.492521969000052 ], [ 42.530081513000027, 8.538738712000054 ] ] ] } },
{ "type": "Feature", "properties": { "DISTRICTS": "Mayumuluko", "Zone_Name": "Erer", "Wor_PCode": "ET0504005" }, "geometry": { "type": "Polygon", "coordinates": [ [ [ 41.946583188000034, 7.966084684000066 ], [ 41.946411867000052, 7.966341665000073 ], [ 41.945812243000034, 7.966855629000065 ], [ 41.945631404000039, 7.96717923600005 ], [ 41.945631404000039, 7.967455253000026 ], [ 41.94536490400003, 7.967883556000061 ], [ 41.944793833000062, 7.968407038000066 ], [ 41.94464154800005, 7.968978108000044 ], [ 41.944365530000027, 7.969254126000067 ], [ 41.943956263000075, 7.969530143000043 ], [ 41.943480371000078, 7.969749054000033 ], [ 41.943337603000032, 7.97000603500004 ], [ 41.943118693000031, 7.97012976700006 ], [ 41.942737979000071, 7.970186874000035 ], [ 41.942480997000075, 7.970386749000056 ], [ 41.942214498000055, 7.970405785000025 ], [ 41.942081248000079, 7.970529517000045 ], [ 41.942005105000078, 7.970662767000022 ], [ 41.941995587000065, 7.97085312400003 ], [ 41.941748123000025, 7.97099589100003 ], [ 41.941481624000062, 7.971081552000044 ], [ 41.941091392000033, 7.971138659000076 ], [ 41.94079633900003, 7.97124335500007 ], [ 41.940491768000072, 7.971290944000032 ], [ 41.940195972000026, 7.97144124600004 ], [ 41.939818806000062, 7.971492445000024 ], [ 41.939505325000027, 7.971534999000028 ], [ 41.939130716000079, 7.971490819000053 ], [ 41.938645306000069, 7.971633587000042 ], [ 41.938479344000029, 7.971709653000062 ], [ 41.938188450000041, 7.97184297900003 ], [ 41.938025641000024, 7.971929811000052 ], [ 41.937902914000063, 7.971995265000032 ], [ 41.937712557000054, 7.97209044300007 ], [ 41.937341773000071, 7.972401629000046 ], [ 41.93699100200007, 7.972587497000063 ], [ 41.936614731000077, 7.972832891000053 ], [ 41.936303806000069, 7.973035668000023 ], [ 41.936194065000052, 7.973263591000034 ], [ 41.935932133000051, 7.973807603000068 ], [ 41.935532971000043, 7.974146298000051 ], [ 41.935247436000054, 7.974298583000063 ], [ 41.934999972000071, 7.974498458000028 ], [ 41.934819133000076, 7.974736404000055 ], [ 41.934804745000065, 7.975177183000028 ], [ 41.934554338000055, 7.976064990000054 ], [ 41.934381312000028, 7.976259259000074 ], [ 41.934219509000059, 7.976525759000026 ], [ 41.934010116000024, 7.977096829000061 ], [ 41.933943491000036, 7.977458507000051 ], [ 41.933829277000029, 7.977715489000047 ], [ 41.933515188000058, 7.978191381000045 ], [ 41.933258206000062, 7.978638720000049 ], [ 41.933233338000036, 7.978990812000063 ], [ 41.933091533000038, 7.979246062000072 ], [ 41.932960722000075, 7.979682098000069 ], [ 41.932881087000055, 7.979947550000077 ], [ 41.932789925000066, 7.980251422000038 ], [ 41.932572922000077, 7.980627949000052 ], [ 41.93259319200007, 7.980866344000049 ], [ 41.932388106000076, 7.981430329000034 ], [ 41.932298347000028, 7.981677167000043 ], [ 41.932125817000042, 7.981960682000022 ], [ 41.931461844000069, 7.982640618000062 ], [ 41.931106010000065, 7.983100296000032 ], [ 41.93106259700005, 7.983157417000029 ], [ 41.930807251000033, 7.983493399000054 ], [ 41.930488514000047, 7.983654624000053 ], [ 41.930311091000078, 7.98394821200003 ], [ 41.930012622000049, 7.984035338000069 ], [ 41.92987147000008, 7.984352518000037 ], [ 41.928834948000031, 7.985353830000065 ], [ 41.928375552000034, 7.985900835000052 ], [ 41.928023392000057, 7.986557566000045 ], [ 41.927652196000054, 7.987318994000077 ], [ 41.927347625000039, 7.987813922000043 ], [ 41.927195340000026, 7.988470653000036 ], [ 41.926985947000048, 7.988937027000077 ], [ 41.926881251000054, 7.989270152000074 ], [ 41.926852697000072, 7.989631830000064 ], [ 41.926738483000065, 7.990126758000031 ], [ 41.926728541000045, 7.990360398000064 ], [ 41.926705384000059, 7.991086755000026 ], [ 41.92644301100006, 7.991597692000028 ], [ 41.926138859000048, 7.991906595000046 ], [ 41.925967538000066, 7.992096951000065 ], [ 41.92580573500004, 7.992315862000055 ], [ 41.925868898000033, 7.99254927800007 ], [ 41.925464187000046, 7.993144462000032 ], [ 41.925129159000051, 7.993814518000022 ], [ 41.924742965000064, 7.994327590000069 ], [ 41.924530343000072, 7.995018930000072 ], [ 41.92373084500008, 7.995704214000057 ], [ 41.922977466000077, 7.996169211000051 ], [ 41.922194158000025, 7.996943821000059 ], [ 41.921227826000063, 7.997450287000049 ], [ 41.919728766000048, 7.997949973000061 ], [ 41.91947301700003, 7.998033240000041 ], [ 41.918705597000042, 7.998283098000059 ], [ 41.917879844000026, 7.998580369000024 ], [ 41.916921002000038, 7.99892555200006 ], [ 41.916702675000067, 7.999000974000069 ], [ 41.915612298000042, 7.999377650000042 ], [ 41.91523735800007, 7.99949719600005 ], [ 41.913970470000038, 7.999901131000058 ], [ 41.913756312000032, 8.000012672000025 ], [ 41.913162430000057, 8.000321986000074 ], [ 41.912828329000035, 8.00049599700003 ], [ 41.91266175700008, 8.000566994000053 ], [ 41.91137685800004, 8.001114657000073 ], [ 41.909854003000078, 8.001138451000031 ], [ 41.908283558000051, 8.000591175000068 ], [ 41.907093828000029, 8.001328808000039 ], [ 41.905713740000067, 8.002685101000054 ], [ 41.904201366000052, 8.003948378000075 ], [ 41.903691198000047, 8.004374518000077 ], [ 41.903476106000028, 8.004543520000027 ], [ 41.902691825000034, 8.005159740000067 ], [ 41.902287317000059, 8.005730811000035 ], [ 41.901287943000057, 8.00639706000004 ], [ 41.900074418000031, 8.007562996000047 ], [ 41.89957473100003, 8.008229245000052 ], [ 41.899302565000028, 8.008571514000039 ], [ 41.898004287000049, 8.010204198000054 ], [ 41.89693352900008, 8.011489107000045 ], [ 41.896076923000066, 8.012821605000056 ], [ 41.895624826000073, 8.014867941000034 ], [ 41.895410674000061, 8.016057672000045 ], [ 41.895386880000046, 8.016390796000053 ], [ 41.895244112000057, 8.016890483000054 ], [ 41.895077550000053, 8.017271197000071 ], [ 41.894934782000064, 8.017532937000055 ], [ 41.894720631000041, 8.017866062000053 ], [ 41.894292328000063, 8.018484722000039 ], [ 41.893911614000046, 8.018817846000047 ], [ 41.893435722000049, 8.019365122000067 ], [ 41.892983624000067, 8.019698247000065 ], [ 41.89236496400008, 8.020340701000066 ], [ 41.891389385000025, 8.021102129000042 ], [ 41.891127644000051, 8.021435254000039 ], [ 41.890699341000072, 8.021863557000074 ], [ 41.89034242200006, 8.022101503000044 ], [ 41.890104476000033, 8.022720162000041 ], [ 41.889509611000051, 8.02345779500007 ], [ 41.88900992400005, 8.024718910000047 ], [ 41.888986129000045, 8.025123418000021 ], [ 41.889105103000077, 8.026146586000038 ], [ 41.88909964700008, 8.02635934500006 ], [ 41.889081308000073, 8.027074576000075 ], [ 41.889064891000032, 8.027177183000049 ], [ 41.888986129000045, 8.027669441000057 ], [ 41.888843362000046, 8.028169128000059 ], [ 41.888709872000049, 8.028496785000073 ], [ 41.888581621000071, 8.028811583000049 ], [ 41.888380360000042, 8.029271607000055 ], [ 41.887915372000066, 8.030334438000068 ], [ 41.887855922000028, 8.030512789000056 ], [ 41.887772604000077, 8.030762741000046 ], [ 41.887439480000069, 8.031690730000037 ], [ 41.88715394500008, 8.03240456900005 ], [ 41.886630463000074, 8.033284969000022 ], [ 41.885988009000073, 8.033927424000069 ], [ 41.885321760000068, 8.034331932000043 ], [ 41.884607921000054, 8.03456987800007 ], [ 41.884084440000038, 8.03480782400004 ], [ 41.883299218000047, 8.035021976000053 ], [ 41.882775736000042, 8.035355100000061 ], [ 41.882061898000075, 8.035640636000039 ], [ 41.881932541000026, 8.035687204000055 ], [ 41.881467033000035, 8.035854787000062 ], [ 41.88094355100003, 8.035973760000047 ], [ 41.880586632000075, 8.03628309000004 ], [ 41.880036912000037, 8.036716282000043 ], [ 41.879753821000065, 8.037282464000043 ], [ 41.87923033900006, 8.037877329000025 ], [ 41.878778242000067, 8.038733935000039 ], [ 41.878373733000046, 8.039566746000048 ], [ 41.878064403000053, 8.040256790000058 ], [ 41.877778868000064, 8.040970628000025 ], [ 41.877374360000033, 8.041874824000047 ], [ 41.877041235000036, 8.042564867000067 ], [ 41.876517754000076, 8.043397679000066 ], [ 41.875803916000052, 8.043921160000025 ], [ 41.875232845000028, 8.044159106000052 ], [ 41.87466177400006, 8.044825355000057 ], [ 41.87397173100004, 8.045206069000074 ], [ 41.873281687000031, 8.045777140000041 ], [ 41.872924768000075, 8.045991291000064 ], [ 41.872520259000055, 8.046324416000061 ], [ 41.87240128600007, 8.046847897000021 ], [ 41.872068162000062, 8.047561735000045 ], [ 41.871925394000073, 8.048037628000031 ], [ 41.871925394000073, 8.048465931000067 ], [ 41.872306108000032, 8.049132180000072 ], [ 41.872472670000036, 8.049679456000035 ], [ 41.872591643000078, 8.050202937000051 ], [ 41.872591643000078, 8.050774008000076 ], [ 41.872829589000048, 8.051368873000058 ], [ 41.873019946000056, 8.052058917000068 ], [ 41.873162714000046, 8.052534809000065 ], [ 41.873138919000041, 8.052963112000043 ], [ 41.873091330000079, 8.053748334000034 ], [ 41.873138919000041, 8.05427181500005 ], [ 41.873019946000056, 8.054842886000074 ], [ 41.872663027000044, 8.055413957000042 ], [ 41.87240128600007, 8.056080206000047 ], [ 41.872187135000047, 8.056460920000063 ], [ 41.871735037000064, 8.057008196000027 ], [ 41.871378118000052, 8.057388909000053 ], [ 41.870807047000028, 8.057888596000055 ], [ 41.870545307000043, 8.058221721000052 ], [ 41.869902852000052, 8.058507256000041 ], [ 41.869331782000074, 8.058745202000068 ], [ 41.868736916000046, 8.059078327000066 ], [ 41.868142051000063, 8.05924488900007 ], [ 41.867594775000043, 8.059340067000051 ], [ 41.867142677000061, 8.059363862000055 ], [ 41.867005864000078, 8.059341060000065 ], [ 41.866571607000026, 8.059268684000074 ], [ 41.866000536000058, 8.059387657000059 ], [ 41.865477055000042, 8.059459040000036 ], [ 41.864953573000037, 8.059792165000033 ], [ 41.864406297000073, 8.060410825000076 ], [ 41.864001789000042, 8.060743949000027 ], [ 41.863668664000045, 8.061124663000044 ], [ 41.863430718000075, 8.061671939000064 ], [ 41.863192772000048, 8.061814707000053 ], [ 41.862931031000073, 8.06229059900005 ], [ 41.862621702000069, 8.063052027000026 ], [ 41.862359961000038, 8.063385151000034 ], [ 41.862240988000053, 8.064408319000052 ], [ 41.862026836000041, 8.064860417000034 ], [ 41.861979247000079, 8.065431488000058 ], [ 41.862026836000041, 8.065978764000022 ], [ 41.86216960400003, 8.066835370000035 ], [ 41.862359961000038, 8.067287467000028 ], [ 41.862621702000069, 8.068048895000061 ], [ 41.86271688000005, 8.068786528000032 ], [ 41.862788264000073, 8.069571750000023 ], [ 41.86285964800004, 8.069928669000035 ], [ 41.862835853000036, 8.07059491800004 ], [ 41.862502728000038, 8.071451524000054 ], [ 41.862309976000063, 8.07187557900005 ], [ 41.862264782000068, 8.07197500500007 ], [ 41.861979247000079, 8.072522281000033 ], [ 41.861646123000071, 8.072902995000049 ], [ 41.861360587000036, 8.073283709000066 ], [ 41.861027463000028, 8.073616833000074 ], [ 41.860765722000053, 8.073830985000029 ], [ 41.860503981000079, 8.074116520000075 ], [ 41.860218446000033, 8.074259288000064 ], [ 41.859742554000036, 8.074521029000039 ], [ 41.859338045000072, 8.074640002000024 ], [ 41.858814564000056, 8.074758975000066 ], [ 41.858100726000032, 8.074806564000028 ], [ 41.85736309300006, 8.075068305000059 ], [ 41.856554076000066, 8.075068305000059 ], [ 41.855816443000037, 8.075211072000059 ], [ 41.85510260500007, 8.074996921000036 ], [ 41.854293588000075, 8.074782769000024 ], [ 41.853603544000066, 8.07492553700007 ], [ 41.853056268000046, 8.075211072000059 ], [ 41.852818322000076, 8.075496608000037 ], [ 41.852699349000034, 8.075901116000068 ], [ 41.852342430000078, 8.076519776000055 ], [ 41.851914127000043, 8.077067052000075 ], [ 41.851295467000057, 8.077352587000064 ], [ 41.850700602000074, 8.077685712000061 ], [ 41.850058147000027, 8.077828479000061 ], [ 41.849534666000068, 8.078232988000025 ], [ 41.848773238000035, 8.078399550000029 ], [ 41.848059400000068, 8.078375755000025 ], [ 41.847464535000029, 8.078328166000063 ], [ 41.846679313000038, 8.078375755000025 ], [ 41.845775118000063, 8.078780264000045 ], [ 41.844799539000064, 8.079184772000076 ], [ 41.844347441000025, 8.079684459000021 ], [ 41.844191020000039, 8.079823500000032 ], [ 41.843704987000081, 8.080255530000045 ], [ 41.843205300000079, 8.080755216000057 ], [ 41.843058666000047, 8.080975167000076 ], [ 41.842967354000052, 8.081112136000058 ], [ 41.842610434000051, 8.08161182200007 ], [ 41.842301105000047, 8.082373250000046 ], [ 41.842158337000058, 8.08308708800007 ], [ 41.841944185000045, 8.083420213000068 ], [ 41.842015569000068, 8.084038873000054 ], [ 41.841920391000031, 8.084586149000074 ], [ 41.842039364000073, 8.085252398000023 ], [ 41.842086953000035, 8.085728290000077 ], [ 41.84206315800003, 8.086156593000055 ], [ 41.842205926000076, 8.086632485000052 ], [ 41.842348694000066, 8.086941815000046 ], [ 41.842443872000047, 8.087274940000043 ], [ 41.842586640000036, 8.087703243000021 ], [ 41.842610579000052, 8.087886776000062 ], [ 41.842658024000059, 8.088250519000042 ], [ 41.842776997000044, 8.088940562000062 ], [ 41.842733878000047, 8.089651494000066 ], [ 41.842728218000047, 8.090399172000048 ], [ 41.842638988000033, 8.090845321000074 ], [ 41.842553871000064, 8.091022102000068 ], [ 41.841895406000049, 8.092421714000068 ], [ 41.841508744000066, 8.092986836000023 ], [ 41.84140638100007, 8.093109671000036 ], [ 41.840824649000069, 8.093819647000032 ], [ 41.840051324000058, 8.094801175000043 ], [ 41.839277999000046, 8.095604243000025 ], [ 41.838950823000062, 8.096407311000064 ], [ 41.838415445000066, 8.096823717000063 ], [ 41.838207242000067, 8.097537555000031 ], [ 41.838028782000038, 8.098102677000043 ], [ 41.837701606000053, 8.098638056000027 ], [ 41.837582633000068, 8.099113948000024 ], [ 41.83731494400007, 8.099589840000021 ], [ 41.837225714000056, 8.100006246000021 ], [ 41.836958025000058, 8.100482138000075 ], [ 41.836571362000029, 8.10083905700003 ], [ 41.836095470000032, 8.101433922000069 ], [ 41.835768294000047, 8.101701612000056 ], [ 41.835441118000062, 8.101939558000026 ], [ 41.834935483000038, 8.102564166000036 ], [ 41.834459591000041, 8.102772369000036 ], [ 41.833953955000027, 8.103337491000048 ], [ 41.833766595000043, 8.103559981000046 ], [ 41.83347806300003, 8.103902613000059 ], [ 41.833329347000074, 8.104319019000059 ], [ 41.83326986000003, 8.105122087000041 ], [ 41.832764225000062, 8.105419519000066 ], [ 41.832285968000065, 8.105632078000042 ], [ 41.832100293000053, 8.105733085000054 ], [ 41.831723211000053, 8.10595489800005 ], [ 41.83100937200004, 8.106371304000049 ], [ 41.830473994000045, 8.106579507000049 ], [ 41.830206304000058, 8.106876939000074 ], [ 41.82993861500006, 8.107531291000043 ], [ 41.829760155000031, 8.107858467000028 ], [ 41.829879128000073, 8.10842358900004 ], [ 41.829901051000036, 8.108971661000055 ], [ 41.829908872000033, 8.109167171000024 ], [ 41.829891504000045, 8.10925400800005 ], [ 41.829789899000048, 8.109762036000063 ], [ 41.829908872000033, 8.110713820000058 ], [ 41.829908872000033, 8.111249199000042 ], [ 41.829849385000045, 8.111635861000025 ], [ 41.829819642000075, 8.111933294000039 ], [ 41.829908872000033, 8.112528159000021 ], [ 41.829879128000073, 8.113033795000035 ], [ 41.829611439000075, 8.113688146000072 ], [ 41.829492466000033, 8.114550701000041 ], [ 41.829224777000036, 8.115234796000038 ], [ 41.829016574000036, 8.115948634000063 ], [ 41.828957087000049, 8.116573243000062 ], [ 41.828659655000081, 8.117049135000059 ], [ 41.828243249000025, 8.117465541000058 ], [ 41.827767357000027, 8.117792717000043 ], [ 41.826815572000044, 8.118119893000028 ], [ 41.825953018000064, 8.118209122000053 ], [ 41.825358152000035, 8.118209122000053 ], [ 41.82479303000008, 8.118387582000025 ], [ 41.823692530000073, 8.118566042000054 ], [ 41.823008435000077, 8.118982447000064 ], [ 41.822413569000048, 8.119369110000036 ], [ 41.822086394000053, 8.119845002000034 ], [ 41.821788961000038, 8.120350637000058 ], [ 41.821253582000054, 8.12070755600007 ], [ 41.820688460000042, 8.121332165000069 ], [ 41.819915135000031, 8.121778314000039 ], [ 41.819141811000065, 8.122016260000066 ], [ 41.818814635000081, 8.122402922000049 ], [ 41.818487459000039, 8.122819328000048 ], [ 41.818308999000067, 8.123087017000046 ], [ 41.817892594000057, 8.123503423000045 ], [ 41.816762350000033, 8.123860342000057 ], [ 41.816107998000064, 8.124365978000071 ], [ 41.815483389000065, 8.124722897000026 ], [ 41.814710064000053, 8.125020329000051 ], [ 41.813936740000031, 8.125377249000053 ], [ 41.813252645000034, 8.125734168000065 ], [ 41.812657779000062, 8.126120830000048 ], [ 41.812092657000051, 8.126685952000059 ], [ 41.811349076000056, 8.127637737000043 ], [ 41.811140873000056, 8.128232602000026 ], [ 41.810962413000027, 8.128886954000052 ], [ 41.810546008000074, 8.129452076000064 ], [ 41.809683453000048, 8.129987454000059 ], [ 41.80917781800008, 8.130225400000029 ], [ 41.808374750000041, 8.130344373000071 ], [ 41.807750141000042, 8.130522833000043 ], [ 41.807095789000073, 8.130522833000043 ], [ 41.806530667000061, 8.130493090000073 ], [ 41.805965545000049, 8.13058232000003 ], [ 41.805221964000054, 8.130522833000043 ], [ 41.80489478800007, 8.130701293000072 ], [ 41.80471632800004, 8.130939239000043 ], [ 41.804448639000043, 8.131474617000038 ], [ 41.803913260000058, 8.132545375000063 ], [ 41.803586084000074, 8.133199727000033 ], [ 41.803080449000049, 8.133824335000043 ], [ 41.802812759000062, 8.13430022700004 ], [ 41.802396749000025, 8.134898242000077 ], [ 41.801920462000055, 8.135608931000036 ], [ 41.801682515000039, 8.135965850000048 ], [ 41.80151367600007, 8.13625287800005 ], [ 41.801385083000071, 8.136471486000062 ], [ 41.801341474000026, 8.136558704000038 ], [ 41.801087650000056, 8.137066351000044 ], [ 41.800989246000029, 8.137233638000055 ], [ 41.800790218000031, 8.137571986000069 ], [ 41.800659050000036, 8.137815583000076 ], [ 41.800373812000032, 8.138345311000023 ], [ 41.800195903000031, 8.138533104000032 ], [ 41.799802579000072, 8.138950271000056 ], [ 41.799742001000027, 8.13901757900004 ], [ 41.79929037800008, 8.139520351000044 ], [ 41.798827162000066, 8.140070420000029 ], [ 41.798410757000056, 8.14060579900007 ], [ 41.797577945000057, 8.14105194800004 ], [ 41.797072310000033, 8.141438610000023 ], [ 41.796358471000076, 8.142063219000022 ], [ 41.796001552000064, 8.142658084000061 ], [ 41.795525660000067, 8.143104233000031 ], [ 41.795228227000052, 8.143401666000045 ], [ 41.794930795000028, 8.143788328000028 ], [ 41.794484646000058, 8.144769856000039 ], [ 41.794070063000049, 8.14523050300005 ], [ 41.793949267000073, 8.145364721000021 ], [ 41.793265172000076, 8.146108303000062 ], [ 41.792789280000079, 8.146703168000045 ], [ 41.792224158000067, 8.147179060000042 ], [ 41.792069603000073, 8.14727741300004 ], [ 41.791569806000041, 8.147595466000041 ], [ 41.79137335300004, 8.147767362000025 ], [ 41.790903694000065, 8.148178314000063 ], [ 41.790855968000074, 8.148220074000051 ], [ 41.790784603000077, 8.148277846000042 ], [ 41.790231359000074, 8.148725710000065 ], [ 41.789844697000035, 8.149290832000077 ], [ 41.789636494000035, 8.149766724000074 ], [ 41.789428291000036, 8.150361589000056 ], [ 41.789160602000038, 8.150777995000055 ], [ 41.788982142000066, 8.15131337400004 ], [ 41.788863169000081, 8.151878496000052 ], [ 41.788773939000066, 8.152354388000049 ], [ 41.788595480000026, 8.152681564000034 ], [ 41.788565737000056, 8.153365659000031 ], [ 41.788387277000027, 8.153722578000043 ], [ 41.788238561000071, 8.154138984000042 ], [ 41.787792412000044, 8.15440667300004 ], [ 41.787167803000045, 8.154704106000054 ], [ 41.786424222000051, 8.155358457000034 ], [ 41.785710383000037, 8.155447687000049 ], [ 41.784966802000042, 8.155715376000046 ], [ 41.78437193700006, 8.15601280900006 ], [ 41.783479639000063, 8.15622101200006 ], [ 41.78252785400008, 8.15642921500006 ], [ 41.781724786000041, 8.15642921500006 ], [ 41.781040691000044, 8.157172796000054 ], [ 41.780564799000047, 8.157648689000041 ], [ 41.780267366000032, 8.158213811000053 ], [ 41.779940191000037, 8.158630216000063 ], [ 41.779553528000065, 8.159284568000032 ], [ 41.779107379000038, 8.159730717000059 ], [ 41.778839690000041, 8.160117379000042 ], [ 41.778453027000069, 8.160444555000026 ], [ 41.778125851000027, 8.160682501000053 ], [ 41.777620216000059, 8.160979934000068 ], [ 41.777144324000062, 8.161217880000038 ], [ 41.77657920200005, 8.161545056000023 ], [ 41.775984337000068, 8.161634286000037 ], [ 41.775300242000071, 8.161634286000037 ], [ 41.77455666000003, 8.161901975000035 ], [ 41.773673772000052, 8.16214059400005 ], [ 41.773456159000034, 8.162199408000049 ], [ 41.772653091000052, 8.162407611000049 ], [ 41.771760793000055, 8.162794273000031 ], [ 41.771299910000039, 8.162767162000023 ], [ 41.770749522000074, 8.162734786000044 ], [ 41.770452387000034, 8.162725201000057 ], [ 41.76982748100005, 8.162705043000074 ], [ 41.768459291000056, 8.162913246000073 ], [ 41.76825055200004, 8.16297122900005 ], [ 41.766853155000035, 8.163359395000043 ], [ 41.766143721000049, 8.163701880000076 ], [ 41.765657106000049, 8.163942548000023 ], [ 41.765279962000079, 8.164131120000036 ], [ 41.765217276000044, 8.164162463000025 ], [ 41.76501877100003, 8.16425649100006 ], [ 41.764765489000069, 8.164376467000068 ], [ 41.764706036000064, 8.164404629000046 ], [ 41.764613713000074, 8.164449373000025 ], [ 41.764503068000067, 8.164504695000062 ], [ 41.763997802000063, 8.164757328000064 ], [ 41.763521910000065, 8.164995274000034 ], [ 41.763071450000041, 8.165376432000073 ], [ 41.762748585000054, 8.165649626000061 ], [ 41.762897301000066, 8.165619883000033 ], [ 41.76203474600004, 8.166125518000058 ], [ 41.761537783000051, 8.166374 ], [ 41.760041948000037, 8.16713678900004 ], [ 41.75911990700007, 8.167553195000039 ], [ 41.758257352000044, 8.168029087000036 ], [ 41.757394797000075, 8.168475236000063 ], [ 41.756532243000038, 8.168921385000033 ], [ 41.755788661000054, 8.16939727700003 ], [ 41.75445021400003, 8.170705981000026 ], [ 41.753647146000048, 8.171925455000064 ], [ 41.753260484000066, 8.172460833000059 ], [ 41.753171254000051, 8.17344236100007 ], [ 41.752992795000068, 8.174542862000067 ], [ 41.752893887000027, 8.175065658000051 ], [ 41.752784592000069, 8.175643362000073 ], [ 41.752606132000039, 8.176446430000055 ], [ 41.752844078000066, 8.177398215000039 ], [ 41.752946037000072, 8.177731897000058 ], [ 41.753171254000051, 8.178468972000076 ], [ 41.753438944000038, 8.179153067000072 ], [ 41.753200997000079, 8.179747933000044 ], [ 41.752903565000054, 8.180818690000024 ], [ 41.752725105000025, 8.182008421000035 ], [ 41.752725105000025, 8.182395083000074 ], [ 41.752487159000054, 8.183168408000029 ], [ 41.752443892000031, 8.183384743000033 ], [ 41.752368186000069, 8.183763273000068 ], [ 41.752576389000069, 8.184506855000052 ], [ 41.752873822000026, 8.185339666000061 ], [ 41.752903565000054, 8.18661862600004 ], [ 41.752635875000067, 8.187778614000024 ], [ 41.752278956000055, 8.188551938000046 ], [ 41.751684091000072, 8.189444236000043 ], [ 41.75132717200006, 8.190039101000025 ], [ 41.751029739000046, 8.190633967000053 ], [ 41.750791793000076, 8.191199089000065 ], [ 41.750375388000066, 8.19173446700006 ], [ 41.749840009000025, 8.192061643000045 ], [ 41.749364117000027, 8.192775482000059 ], [ 41.749007197000026, 8.193400090000068 ], [ 41.748025670000061, 8.194292388000065 ], [ 41.747282088000077, 8.195273916000076 ], [ 41.746716966000065, 8.195928267000056 ], [ 41.746300561000055, 8.196523133000028 ], [ 41.745854412000028, 8.197177484000065 ], [ 41.745140573000072, 8.197593890000064 ], [ 41.74436724800006, 8.198069782000061 ], [ 41.74255290900004, 8.198159012000076 ], [ 41.741809328000045, 8.198486188000061 ], [ 41.740917030000048, 8.198605161000046 ], [ 41.739608326000052, 8.198813364000046 ], [ 41.73901346100007, 8.199200026000028 ], [ 41.738329366000073, 8.199586689000057 ], [ 41.737526298000034, 8.199913865000042 ], [ 41.736723230000052, 8.200122067000052 ], [ 41.735949905000041, 8.200270784000054 ], [ 41.735474013000044, 8.200895392000064 ], [ 41.73386787700008, 8.201847177000047 ], [ 41.732972010000026, 8.202571723000062 ], [ 41.687509457000033, 8.185491571000057 ], [ 41.639920237000069, 8.171809670000073 ], [ 41.564555, 8.130642 ], [ 41.50926, 8.272679 ], [ 41.407751001000065, 8.522842 ], [ 41.571429, 8.836208 ], [ 41.572998005000045, 8.836487520000048 ], [ 41.574408004000077, 8.839187004000053 ], [ 41.648936753000044, 8.852464418000068 ], [ 41.731412447000025, 8.867157594000048 ], [ 41.806144369000037, 8.88047120400006 ], [ 41.875946328000055, 8.89290653300003 ], [ 41.99969102700004, 8.914951846000065 ], [ 42.253293454000072, 8.509864115000028 ], [ 42.179986838000048, 8.407357835000028 ], [ 42.180205570000055, 8.403496008000047 ], [ 42.182165485000041, 8.402440669000043 ], [ 42.181110146000037, 8.39852084000006 ], [ 42.180507095000053, 8.395204062000062 ], [ 42.178396418000034, 8.392490334000058 ], [ 42.175833453000052, 8.388570505000075 ], [ 42.175079640000035, 8.386610591000021 ], [ 42.174778115000038, 8.384198388000073 ], [ 42.176285741000072, 8.380881610000074 ], [ 42.174476589000051, 8.378620170000033 ], [ 42.172818200000052, 8.374851104000072 ], [ 42.173722776000034, 8.372288139000034 ], [ 42.175682691000077, 8.369574411000031 ], [ 42.177216015000056, 8.366122860000075 ], [ 42.177387336000038, 8.364109836000068 ], [ 42.177887023000039, 8.363610150000056 ], [ 42.181170679000047, 8.361625679000042 ], [ 42.183397855000067, 8.360383601000024 ], [ 42.183069489000047, 8.359298566000064 ], [ 42.181713197000079, 8.356828686000028 ], [ 42.181841687000031, 8.356271892000052 ], [ 42.182855338000024, 8.354173207000031 ], [ 42.18548226300004, 8.351317854000058 ], [ 42.18626748500003, 8.350475525000036 ], [ 42.186695788000065, 8.349847347000036 ], [ 42.186481636000053, 8.349062125000046 ], [ 42.185739245000036, 8.347677279000038 ], [ 42.184325845000046, 8.345735639000054 ], [ 42.18328364100006, 8.343622677000042 ], [ 42.183083766000038, 8.342009403000077 ], [ 42.183169427000053, 8.340324744000043 ], [ 42.183197980000045, 8.339411031000054 ], [ 42.182841061000033, 8.33839738100005 ], [ 42.182070116000034, 8.337440837000031 ], [ 42.18061388600006, 8.336569955000073 ], [ 42.178829290000067, 8.335770456000034 ], [ 42.177430167000068, 8.33524221600004 ], [ 42.175574187000052, 8.334742529000039 ], [ 42.173718208000025, 8.33431422600006 ], [ 42.173446949000038, 8.33397158300005 ], [ 42.173432672000047, 8.333286299000065 ], [ 42.173389842000063, 8.331758685000068 ], [ 42.173361288000081, 8.330088303000025 ], [ 42.173032923000051, 8.329088929000022 ], [ 42.172404745000051, 8.328603519000069 ], [ 42.171077006000075, 8.328218047000064 ], [ 42.169392347000041, 8.327918235000027 ], [ 42.167907564000075, 8.327861127000062 ], [ 42.166608378000035, 8.327689806000024 ], [ 42.165109318000077, 8.32720439600007 ], [ 42.163110570000072, 8.326147916000025 ], [ 42.161597233000066, 8.324777346000076 ], [ 42.160883395000042, 8.323678035000057 ], [ 42.160312324000074, 8.321879163000062 ], [ 42.159612763000041, 8.319566326000029 ], [ 42.158656219000079, 8.317353428000047 ], [ 42.15692873100005, 8.31471222600004 ], [ 42.154073378000078, 8.311585614000023 ], [ 42.151831925000067, 8.309758188000046 ], [ 42.149790348000067, 8.309072903000072 ], [ 42.149090786000045, 8.308530386000029 ], [ 42.148105689000033, 8.306588746000045 ], [ 42.147748770000078, 8.305246730000022 ], [ 42.147763047000069, 8.303590625000027 ], [ 42.14807713600004, 8.301891690000048 ], [ 42.148676760000058, 8.300606781000056 ], [ 42.148691037000049, 8.299693068000067 ], [ 42.14821990300004, 8.29860803400004 ], [ 42.14699210200007, 8.297051866000061 ], [ 42.14617832600004, 8.296580733000042 ], [ 42.145321720000027, 8.296737778000022 ], [ 42.144722096000066, 8.297051866000061 ], [ 42.143965427000069, 8.297637214000076 ], [ 42.143065991000071, 8.297708598000042 ], [ 42.141067244000055, 8.297294571000066 ], [ 42.139097050000032, 8.296652117000065 ], [ 42.137440945000037, 8.295681297000044 ], [ 42.136327357000027, 8.295424315000048 ], [ 42.134171566000077, 8.295352931000025 ], [ 42.132758166000031, 8.295053119000045 ], [ 42.131830176000051, 8.294210790000022 ], [ 42.13133048900005, 8.292897327000048 ], [ 42.130602374000034, 8.290912857000023 ], [ 42.129745768000078, 8.289670778000072 ], [ 42.128446582000038, 8.288300209000056 ], [ 42.12787551200006, 8.287186621000046 ], [ 42.128118217000065, 8.28600164900007 ], [ 42.128603627000075, 8.284645357000045 ], [ 42.129074760000037, 8.283488939000051 ], [ 42.129346019000025, 8.282760824000036 ], [ 42.129460233000032, 8.281989878000047 ], [ 42.128989100000069, 8.281161826000073 ], [ 42.128532243000052, 8.280619309000031 ], [ 42.127618530000063, 8.27983408700004 ], [ 42.126190853000026, 8.279120248000027 ], [ 42.125519845000042, 8.278920374000052 ], [ 42.123349777000044, 8.278691945000048 ], [ 42.122250466000025, 8.277435590000039 ], [ 42.121565181000051, 8.27622206500007 ], [ 42.121079771000041, 8.275022816000046 ], [ 42.121022664000066, 8.274180487000024 ], [ 42.121136878000073, 8.273466649000056 ], [ 42.121522351000067, 8.272567213000059 ], [ 42.121536628000058, 8.272324508000054 ], [ 42.121465244000035, 8.27179626700007 ], [ 42.121179709000046, 8.27112525900003 ], [ 42.120665745000053, 8.270140162000075 ], [ 42.120094674000029, 8.269540538000058 ], [ 42.119709202000081, 8.269012298000064 ], [ 42.119623541000067, 8.268341290000023 ], [ 42.119623541000067, 8.267755942000065 ], [ 42.119694925000033, 8.267084934000025 ], [ 42.119894800000054, 8.266456757000071 ], [ 42.120108951000077, 8.265657258000033 ], [ 42.120094674000029, 8.265129018000039 ], [ 42.119851969000081, 8.264101090000054 ], [ 42.11950932700006, 8.26324448400004 ], [ 42.119066747000034, 8.262502093000023 ], [ 42.11843857000008, 8.261702594000042 ], [ 42.117453473000069, 8.260817434000046 ], [ 42.116996616000051, 8.26007504200004 ], [ 42.116811018000078, 8.259375481000063 ], [ 42.116725358000053, 8.258718750000071 ], [ 42.116739634000055, 8.257762206000052 ], [ 42.116625420000048, 8.257148305000044 ], [ 42.116111457000045, 8.256077548000064 ], [ 42.115740261000042, 8.255449370000065 ], [ 42.115226297000049, 8.25457848700006 ], [ 42.114541012000075, 8.253707605000045 ], [ 42.114098433000038, 8.252879552000024 ], [ 42.11348453200003, 8.252708231000042 ], [ 42.112142516000063, 8.252522633000069 ], [ 42.11114314200006, 8.252151437000066 ], [ 42.109686912000029, 8.251009296000063 ], [ 42.107745272000045, 8.249467405000075 ], [ 42.10671734500005, 8.248182496000027 ], [ 42.106060613000068, 8.24714029200004 ], [ 42.105475266000042, 8.246740543000044 ], [ 42.104504446000078, 8.246140919000027 ], [ 42.104304571000057, 8.245741169000041 ], [ 42.104061866000052, 8.245141545000024 ], [ 42.103633563000074, 8.244570474000056 ], [ 42.102862618000074, 8.243756699000073 ], [ 42.102405761000057, 8.243356949000031 ], [ 42.102163056000052, 8.243000030000076 ], [ 42.102091672000029, 8.242528897000057 ], [ 42.102248717000066, 8.241929273000039 ], [ 42.102348654000025, 8.241543800000045 ], [ 42.102434315000039, 8.241072667000026 ], [ 42.102462868000032, 8.240572980000024 ], [ 42.102191610000034, 8.240059016000032 ], [ 42.101820414000031, 8.239516499000047 ], [ 42.10166336900005, 8.239059643000076 ], [ 42.101463495000075, 8.238431465000076 ], [ 42.101349281000068, 8.237746180000045 ], [ 42.100849594000067, 8.237432091000073 ], [ 42.099978711000063, 8.236718253000049 ], [ 42.098779463000028, 8.236232843000039 ], [ 42.097337509000056, 8.235533282000063 ], [ 42.096809269000062, 8.23513353200002 ], [ 42.096338136000043, 8.23453390800006 ], [ 42.096181091000062, 8.233877177000068 ], [ 42.096223922000036, 8.232949187000031 ], [ 42.095695681000052, 8.23230673200004 ], [ 42.095110334000026, 8.231535787000041 ], [ 42.094981843000028, 8.230722011000069 ], [ 42.094996120000076, 8.229151567000031 ], [ 42.094682031000048, 8.227623953000034 ], [ 42.09426800500006, 8.226324767000051 ], [ 42.093739764000077, 8.225025582000058 ], [ 42.093554166000047, 8.222884067000052 ], [ 42.093454229000031, 8.22159915800006 ], [ 42.093411399000047, 8.220414186000028 ], [ 42.092925989000037, 8.219229215000041 ], [ 42.09251196200006, 8.218301225000062 ], [ 42.091341268000065, 8.217687324000053 ], [ 42.090527492000035, 8.217473172000041 ], [ 42.088914217000081, 8.217358958000034 ], [ 42.088471638000044, 8.216516629000068 ], [ 42.088657236000074, 8.215460148000034 ], [ 42.088971324000056, 8.214275177000047 ], [ 42.08954239500008, 8.212676179000027 ], [ 42.090213403000064, 8.211562591000074 ], [ 42.09077019700004, 8.210648878000029 ], [ 42.091198500000075, 8.209635228000025 ], [ 42.091612526000063, 8.20894994300005 ], [ 42.091512589000047, 8.208250382000074 ], [ 42.090984348000063, 8.207450883000035 ], [ 42.090099189000057, 8.206679937000047 ], [ 42.089028431000031, 8.205552073000035 ], [ 42.088543021000078, 8.204624083000056 ], [ 42.088243209000041, 8.203396281000039 ], [ 42.087729246000038, 8.201868667000042 ], [ 42.087443710000059, 8.200655142000073 ], [ 42.086558551000053, 8.199398787000064 ], [ 42.085487794000073, 8.198342306000029 ], [ 42.084788232000051, 8.197442870000032 ], [ 42.084431313000039, 8.196614817000068 ], [ 42.084488420000071, 8.195801042000028 ], [ 42.084545527000046, 8.19522997100006 ], [ 42.084217161000026, 8.194187767000074 ], [ 42.083717475000071, 8.193088456000055 ], [ 42.083374832000061, 8.19177499400007 ], [ 42.083431939000036, 8.190747066000029 ], [ 42.083203511000079, 8.189662032000058 ], [ 42.082917976000033, 8.188662659000045 ], [ 42.082975083000065, 8.187549071000035 ], [ 42.083160681000038, 8.186920893000035 ], [ 42.084117224000067, 8.185964350000063 ], [ 42.084674018000044, 8.185393279000039 ], [ 42.084557424000025, 8.185117262000063 ], [ 42.084390862000078, 8.184772240000029 ], [ 42.084093429000063, 8.184272553000028 ], [ 42.083867381000061, 8.183772866000027 ], [ 42.083439078000026, 8.183178001000044 ], [ 42.08282041800004, 8.182404676000033 ], [ 42.082630061000032, 8.181976373000055 ], [ 42.082427807000045, 8.181464789000074 ], [ 42.082273142000076, 8.180822335000073 ], [ 42.082035196000049, 8.180191777000061 ], [ 42.081702071000052, 8.179418453000039 ], [ 42.081166692000068, 8.177859906000037 ], [ 42.081035822000047, 8.177419705000034 ], [ 42.080762184000037, 8.17632515300005 ], [ 42.080548032000081, 8.175742185000047 ], [ 42.080321984000079, 8.175171115000069 ], [ 42.079846091000036, 8.174588147000065 ], [ 42.079465378000066, 8.173981384000058 ], [ 42.07921553400007, 8.17351738900004 ], [ 42.078870512000037, 8.172779756000068 ], [ 42.078632566000067, 8.172220583000069 ], [ 42.078501696000046, 8.171792280000034 ], [ 42.078489799000067, 8.171542437000028 ], [ 42.078489799000067, 8.171161723000068 ], [ 42.07852549100005, 8.17069772800005 ], [ 42.078608772000052, 8.170138555000051 ], [ 42.078573080000069, 8.169044003000067 ], [ 42.078620669000031, 8.16867518600003 ], [ 42.078382723000061, 8.168056526000044 ], [ 42.078144777000034, 8.167366483000023 ], [ 42.07788303600006, 8.166712131000054 ], [ 42.077692679000052, 8.165986395000061 ], [ 42.077371452000079, 8.165105995000033 ], [ 42.077181095000071, 8.164320773000043 ], [ 42.077383349000058, 8.163261912000053 ], [ 42.077740268000071, 8.162595663000047 ], [ 42.078418415000044, 8.161263165000037 ], [ 42.07866825800005, 8.160811068000044 ], [ 42.078882410000062, 8.160239997000076 ], [ 42.078703950000033, 8.159526159000052 ], [ 42.078239955000072, 8.15851488800007 ], [ 42.077633193000054, 8.157408438000061 ], [ 42.076895560000025, 8.156647011000075 ], [ 42.076169824000033, 8.156230605000076 ], [ 42.075408397000047, 8.155445383000028 ], [ 42.074765942000056, 8.154112885000075 ], [ 42.074206769000057, 8.152851770000041 ], [ 42.073766569000043, 8.151816705000044 ], [ 42.073492931000033, 8.150650769000038 ], [ 42.073540520000051, 8.149698985000043 ], [ 42.073837952000076, 8.148889968000049 ], [ 42.074313845000063, 8.148318897000024 ], [ 42.075705829000071, 8.146593788000075 ], [ 42.076764689000072, 8.14520180300002 ], [ 42.077288171000077, 8.144618835000074 ], [ 42.077871139000081, 8.143797921000044 ], [ 42.078501696000046, 8.142869932000053 ], [ 42.078811026000039, 8.142132299000025 ], [ 42.078549285000065, 8.141275693000068 ], [ 42.078311339000038, 8.140609444000063 ], [ 42.077716474000056, 8.139550583000073 ], [ 42.077311965000035, 8.138812951000034 ], [ 42.07695504600008, 8.138289469000028 ], [ 42.076574333000053, 8.137813577000031 ], [ 42.07639230400008, 8.13729713500004 ], [ 42.07626143300007, 8.136964010000042 ], [ 42.076094871000066, 8.136583296000026 ], [ 42.075904514000058, 8.136333453000077 ], [ 42.075761747000058, 8.136047918000031 ], [ 42.075381033000042, 8.135607717000028 ], [ 42.075131189000047, 8.135108031000073 ], [ 42.074857551000036, 8.134239527000034 ], [ 42.074869449000062, 8.13249062400007 ], [ 42.07502411400003, 8.131241406000072 ], [ 42.075143087000072, 8.130777412000043 ], [ 42.075238265000053, 8.13019444400004 ], [ 42.075416725000025, 8.129325940000058 ], [ 42.075214471000038, 8.129052302000048 ], [ 42.074857551000036, 8.128623999000069 ], [ 42.074702886000068, 8.127922058000024 ], [ 42.074702886000068, 8.127588934000073 ], [ 42.07478616800006, 8.127089247000072 ], [ 42.07478616800006, 8.126779917000022 ], [ 42.074964627000043, 8.126006592000067 ], [ 42.075547595000046, 8.124971527000071 ], [ 42.076071077000051, 8.123995948000072 ], [ 42.076725428000032, 8.122865704000048 ], [ 42.077355986000043, 8.121735460000025 ], [ 42.077498753000043, 8.121188184000061 ], [ 42.077629624000053, 8.120545729000071 ], [ 42.077510650000079, 8.120188810000059 ], [ 42.077391677000037, 8.119843788000026 ], [ 42.077022861000046, 8.119605842000055 ], [ 42.076761120000072, 8.119284615000026 ], [ 42.076368509000076, 8.118356625000047 ], [ 42.076404201000059, 8.117440533000035 ], [ 42.07653507100008, 8.116250802000025 ], [ 42.076808709000034, 8.114965893000033 ], [ 42.077022861000046, 8.11409739000004 ], [ 42.077082347000044, 8.11345493500005 ], [ 42.07704665600005, 8.112788686000044 ], [ 42.07664214700003, 8.111265831000026 ], [ 42.076356612000041, 8.110659069000064 ], [ 42.075535698000067, 8.10930277600005 ], [ 42.075119292000068, 8.108696013000042 ], [ 42.074679092000054, 8.108160635000047 ], [ 42.07409612400005, 8.107482488000073 ], [ 42.073905767000042, 8.107030391000023 ], [ 42.073691616000076, 8.106340347000071 ], [ 42.073632129000032, 8.106054812000025 ], [ 42.073441772000081, 8.105329076000032 ], [ 42.073263313000041, 8.104805595000073 ], [ 42.072573269000031, 8.103366021000056 ], [ 42.07207358200003, 8.102533209000057 ], [ 42.070717289000072, 8.100701024000045 ], [ 42.069111153000051, 8.099570781000068 ], [ 42.067754860000036, 8.098642791000032 ], [ 42.067290865000075, 8.098262077000072 ], [ 42.066838768000025, 8.097619622000025 ], [ 42.066553233000036, 8.096905784000057 ], [ 42.06644615700003, 8.096001589000025 ], [ 42.066458054000066, 8.095097394000049 ], [ 42.066386670000043, 8.094514426000046 ], [ 42.066327184000045, 8.094086123000068 ], [ 42.066184416000056, 8.093586436000066 ], [ 42.065982162000068, 8.092955879000044 ], [ 42.065958367000064, 8.092479987000047 ], [ 42.06579180500006, 8.091825635000021 ], [ 42.065565756000069, 8.091206975000034 ], [ 42.065339707000078, 8.090576418000069 ], [ 42.065161248000038, 8.090148115000034 ], [ 42.064887610000028, 8.089969655000061 ], [ 42.064613972000075, 8.089945861000047 ], [ 42.064304642000025, 8.090005347000044 ], [ 42.063864442000067, 8.090314677000038 ], [ 42.063305268000079, 8.090647802000035 ], [ 42.062995938000029, 8.090921440000045 ], [ 42.062246408000078, 8.091242667000074 ], [ 42.061711029000037, 8.091433024000025 ], [ 42.061258932000044, 8.09158768900005 ], [ 42.060378531000026, 8.091742354000075 ], [ 42.059938331000069, 8.091920813000058 ], [ 42.05965279600008, 8.091980300000046 ], [ 42.059391055000049, 8.092087376000052 ], [ 42.058879471000068, 8.092194451000069 ], [ 42.058118043000036, 8.092099273000031 ], [ 42.057701638000026, 8.091968403000067 ], [ 42.057439897000052, 8.091813738000042 ], [ 42.057142464000037, 8.091682867000031 ], [ 42.056833134000044, 8.091349743000023 ], [ 42.056618983000078, 8.09104041300003 ], [ 42.056416729000034, 8.090635904000067 ], [ 42.056262064000066, 8.090302780000059 ], [ 42.056143091000081, 8.089850682000076 ], [ 42.056095501000073, 8.089577044000066 ], [ 42.055988426000056, 8.089350995000075 ], [ 42.055988426000056, 8.088982179000027 ], [ 42.055905145000054, 8.088672849000034 ], [ 42.055750480000029, 8.088351622000062 ], [ 42.055096128000059, 8.087709167000071 ], [ 42.054703517000064, 8.086864459000026 ], [ 42.054655928000045, 8.085734215000059 ], [ 42.054584544000079, 8.083616494000069 ], [ 42.054525057000035, 8.081272725000076 ], [ 42.054501263000077, 8.080463709000071 ], [ 42.054501263000077, 8.079155005000075 ], [ 42.054596441000058, 8.078417372000047 ], [ 42.05467972200006, 8.077644047000035 ], [ 42.054810592000081, 8.076382933000048 ], [ 42.054263316000061, 8.07553822400007 ], [ 42.05347809400007, 8.074788694000063 ], [ 42.052454926000053, 8.074051061000034 ], [ 42.050848790000032, 8.073420504000069 ], [ 42.047874464000074, 8.072456822000049 ], [ 42.046422992000032, 8.072337849000064 ], [ 42.045066700000064, 8.071992827000031 ], [ 42.044781164000028, 8.071754881000061 ], [ 42.044531321000079, 8.071421757000053 ], [ 42.04435286100005, 8.070826892000071 ], [ 42.044412348000037, 8.070041669000034 ], [ 42.044471834000035, 8.069280242000048 ], [ 42.044448040000077, 8.068578301000059 ], [ 42.044424245000073, 8.06816189500006 ], [ 42.044245786000033, 8.067674106000027 ], [ 42.044103018000044, 8.066948370000034 ], [ 42.043960250000055, 8.066163148000044 ], [ 42.043757996000068, 8.065544488000057 ], [ 42.043389180000077, 8.064271476000044 ], [ 42.04324641200003, 8.063510049000058 ], [ 42.043341590000068, 8.062950876000059 ], [ 42.043531947000076, 8.061903913000037 ], [ 42.043769893000047, 8.060761772000035 ], [ 42.043888866000032, 8.060238290000029 ], [ 42.044043531000057, 8.059786192000047 ], [ 42.04397214800008, 8.059405479000077 ], [ 42.043829380000034, 8.059048560000065 ], [ 42.043460563000053, 8.058881997000071 ], [ 42.042853801000035, 8.058513181000023 ], [ 42.042675341000063, 8.057823137000071 ], [ 42.042532574000063, 8.057323450000069 ], [ 42.042413601000078, 8.056478742000024 ], [ 42.042318422000051, 8.055170038000028 ], [ 42.041985298000043, 8.054503789000023 ], [ 42.041568892000043, 8.053968410000039 ], [ 42.040938335000078, 8.053242675000035 ], [ 42.040807464000068, 8.052885756000023 ], [ 42.040783670000053, 8.052314685000056 ], [ 42.040426751000041, 8.051696025000069 ], [ 42.039974653000058, 8.05137479800004 ], [ 42.039415480000059, 8.050553884000067 ], [ 42.039165636000064, 8.049471229000062 ], [ 42.039034766000043, 8.048400472000026 ], [ 42.038987177000081, 8.04763904400005 ], [ 42.03923702000003, 8.046473108000043 ], [ 42.039819988000033, 8.045069226000066 ], [ 42.040176907000046, 8.043748625000035 ], [ 42.039106150000066, 8.042416127000024 ], [ 42.038511285000027, 8.041916440000023 ], [ 42.037333451000052, 8.040667223000071 ], [ 42.037178786000027, 8.039905796000028 ], [ 42.037595192000026, 8.038763655000025 ], [ 42.038546977000067, 8.037633411000058 ], [ 42.03909425300003, 8.03693147000007 ], [ 42.039308404000053, 8.035372923000068 ], [ 42.039308404000053, 8.034183192000057 ], [ 42.038880101000075, 8.032565159000058 ], [ 42.038439901000061, 8.030435541000031 ], [ 42.038213852000069, 8.028853199000025 ], [ 42.038178160000029, 8.027687264000065 ], [ 42.038368517000038, 8.02674737600006 ], [ 42.038665950000052, 8.026259587000027 ], [ 42.038951485000041, 8.025593338000022 ], [ 42.039474966000057, 8.024653451000063 ], [ 42.039938961000075, 8.023594591000062 ], [ 42.040176907000046, 8.022987828000055 ], [ 42.040069832000029, 8.022238298000048 ], [ 42.039974653000058, 8.021809995000069 ], [ 42.03992706400004, 8.021310308000068 ], [ 42.03992706400004, 8.02070354500006 ], [ 42.040129318000027, 8.020251448000067 ], [ 42.040391059000058, 8.019620891000045 ], [ 42.041200076000052, 8.017943371000058 ], [ 42.041771146000031, 8.017027278000057 ], [ 42.042556368000078, 8.016134980000061 ], [ 42.043639023000026, 8.015218888000049 ], [ 42.044043531000057, 8.014754893000031 ], [ 42.044376656000054, 8.014386076000051 ], [ 42.04448373200006, 8.014041055000064 ], [ 42.044495629000039, 8.013446189000035 ], [ 42.044376656000054, 8.013101168000048 ], [ 42.044233888000065, 8.012649070000066 ], [ 42.043924558000072, 8.011721080000029 ], [ 42.043793688000051, 8.011078626000028 ], [ 42.04366281800003, 8.010210122000046 ], [ 42.043460563000053, 8.009305927000071 ], [ 42.043412974000034, 8.008496911000066 ], [ 42.043389180000077, 8.007711688000029 ], [ 42.043151234000049, 8.006807493000053 ], [ 42.043044158000043, 8.00595088700004 ], [ 42.042901390000054, 8.004820643000073 ], [ 42.042877596000039, 8.004261470000074 ], [ 42.042603958000029, 8.003666605000035 ], [ 42.042377909000038, 8.003333480000038 ], [ 42.041854427000033, 8.00261964200007 ], [ 42.041640276000066, 8.002203236000071 ], [ 42.041188178000027, 8.001751139000021 ], [ 42.040890746000059, 8.001406117000045 ], [ 42.040736081000034, 8.001072992000047 ], [ 42.040664697000068, 8.000763662000054 ], [ 42.040664697000068, 8.000478127000065 ], [ 42.040652799000043, 8.00008551600007 ], [ 42.040652799000043, 7.999645316000056 ], [ 42.040605210000081, 7.999169423000069 ], [ 42.040450545000056, 7.998741120000034 ], [ 42.040295880000031, 7.998027282000066 ], [ 42.039986550000037, 7.997539493000033 ], [ 42.039129944000081, 7.997158779000074 ], [ 42.038665950000052, 7.996920833000047 ], [ 42.038404209000078, 7.996563914000035 ], [ 42.03807108400008, 7.996183200000075 ], [ 42.037595192000026, 7.995695410000053 ], [ 42.037000327000044, 7.995195723000052 ], [ 42.036369770000078, 7.994636550000052 ], [ 42.03550126600004, 7.994410501000061 ], [ 42.034680352000066, 7.994172555000034 ], [ 42.033847541000057, 7.994184453000059 ], [ 42.032979038000065, 7.993898917000024 ], [ 42.032265199000051, 7.993066106000072 ], [ 42.031765513000039, 7.99238796000003 ], [ 42.031289620000052, 7.991602737000051 ], [ 42.03082562600008, 7.990948386000071 ], [ 42.030325939000079, 7.990115574000072 ], [ 42.030218863000073, 7.989270866000027 ], [ 42.030397323000045, 7.988438054000028 ], [ 42.030670961000055, 7.987629037000033 ], [ 42.031134955000027, 7.98690330200003 ], [ 42.031372902000044, 7.986367923000046 ], [ 42.031408593000037, 7.985808750000047 ], [ 42.031444285000077, 7.98344118600005 ], [ 42.030944599000065, 7.982608375000041 ], [ 42.030492501000026, 7.982334737000031 ], [ 42.029980917000046, 7.982251456000029 ], [ 42.028862570000058, 7.982251456000029 ], [ 42.028136835000055, 7.981739871000059 ], [ 42.027101769000069, 7.980847574000052 ], [ 42.026602082000068, 7.980335990000071 ], [ 42.025804963000041, 7.979967173000034 ], [ 42.024865076000026, 7.979134362000025 ], [ 42.024579540000047, 7.978587086000061 ], [ 42.024198827000077, 7.977230793000047 ], [ 42.02424641600004, 7.975731732000042 ], [ 42.024210724000056, 7.974220775000049 ], [ 42.023770524000042, 7.97351883400006 ], [ 42.022687869000038, 7.972757406000028 ], [ 42.021260192000057, 7.971936492000054 ], [ 42.020296511000026, 7.971484395000061 ], [ 42.019796824000025, 7.971163167000043 ], [ 42.018833142000062, 7.971234551000066 ], [ 42.018333455000061, 7.971246448000045 ], [ 42.017607720000058, 7.971139373000028 ], [ 42.016905779000069, 7.970841940000071 ], [ 42.016025378000052, 7.970556405000025 ], [ 42.015394821000029, 7.970187588000044 ], [ 42.01501410700007, 7.969604620000041 ], [ 42.014883237000049, 7.969128728000044 ], [ 42.01483564800003, 7.967796230000033 ], [ 42.015204464000078, 7.966047326000023 ], [ 42.015335334000042, 7.965297796000073 ], [ 42.015168772000038, 7.964726725000048 ], [ 42.014609599000039, 7.963846325000077 ], [ 42.014074220000055, 7.963287151000031 ], [ 42.013491252000051, 7.962585210000043 ], [ 42.012741722000044, 7.962037934000023 ], [ 42.012349111000049, 7.961550145000047 ], [ 42.011064202000057, 7.960229544000072 ], [ 42.009707909000042, 7.959087403000069 ], [ 42.008815611000045, 7.958361667000077 ], [ 42.007721059000062, 7.957588342000065 ], [ 42.006614610000042, 7.956910196000024 ], [ 42.005900772000075, 7.956101179000029 ], [ 42.005448674000036, 7.955470622000064 ], [ 42.004794322000066, 7.954602119000072 ], [ 42.00417566200008, 7.953995356000064 ], [ 42.003545105000057, 7.953436183000065 ], [ 42.002878856000052, 7.95286511200004 ], [ 42.002414861000034, 7.952341631000024 ], [ 42.002188812000043, 7.951782457000036 ], [ 42.002188812000043, 7.951199489000032 ], [ 42.002165018000028, 7.95046185700005 ], [ 42.00224829900003, 7.949652840000056 ], [ 42.002176915000064, 7.948962796000046 ], [ 42.001891380000075, 7.94834413600006 ], [ 42.001546358000041, 7.947665990000075 ], [ 42.001070466000044, 7.946702308000056 ], [ 42.000582676000079, 7.945631551000076 ], [ 42.000416114000075, 7.944655972000021 ], [ 42.00026144900005, 7.943704187000037 ], [ 42.000332833000073, 7.942788095000026 ], [ 42.000784930000066, 7.941919592000033 ], [ 42.001641536000079, 7.940598991000059 ], [ 42.002141223000081, 7.940051715000038 ], [ 42.002878856000052, 7.939040444000057 ], [ 42.003271467000047, 7.93838609200003 ], [ 42.003640284000028, 7.937267745000042 ], [ 42.003045418000056, 7.935994734000076 ], [ 42.00132030900005, 7.934459981000032 ], [ 42.000011606000044, 7.933424916000035 ], [ 41.999262075000047, 7.932366056000035 ], [ 41.998524442000075, 7.930890790000035 ], [ 41.998262702000034, 7.930295925000053 ], [ 41.998012858000038, 7.929593984000064 ], [ 41.998000961000059, 7.928868248000072 ], [ 41.99813183100008, 7.928011642000058 ], [ 41.998429264000038, 7.927250214000026 ], [ 41.998738594000031, 7.926286533000052 ], [ 41.999083616000064, 7.925584592000064 ], [ 41.999416740000072, 7.924692294000067 ], [ 42.000035400000058, 7.922509138000066 ], [ 42.000005657000031, 7.922057041000073 ], [ 41.999672532000034, 7.92225929500006 ], [ 41.999232332000076, 7.92225929500006 ], [ 41.998767697000062, 7.921981366000068 ], [ 41.99792362800008, 7.921771506000027 ], [ 41.996876666000048, 7.922116527000071 ], [ 41.99644836300007, 7.922080835000031 ], [ 41.995936779000033, 7.922009452000054 ], [ 41.995472784000071, 7.922164117000023 ], [ 41.995032583000068, 7.922164117000023 ], [ 41.994758945000058, 7.922080835000031 ], [ 41.994271156000025, 7.922152219000054 ], [ 41.993688188000078, 7.922092733000056 ], [ 41.993236090000039, 7.921973760000071 ], [ 41.992724506000059, 7.921819095000046 ], [ 41.992177230000038, 7.921807197000021 ], [ 41.991058883000051, 7.921545457000036 ], [ 41.990582991000053, 7.921854787000029 ], [ 41.989381363000064, 7.922354473000041 ], [ 41.98797748100003, 7.923746458000039 ], [ 41.987084068000058, 7.924892130000046 ], [ 41.985954940000056, 7.926340071000027 ], [ 41.984473478000041, 7.928005363000068 ], [ 41.984325009000031, 7.928172256000039 ], [ 41.983712902000036, 7.928839075000042 ], [ 41.982195391000062, 7.930492230000027 ], [ 41.980958072000078, 7.931729550000057 ], [ 41.979863519000048, 7.932717026000034 ], [ 41.979784560000041, 7.932781441000031 ], [ 41.978527522000036, 7.933806919000062 ], [ 41.977555442000039, 7.934608698000034 ], [ 41.977186626000048, 7.934965617000046 ], [ 41.976746426000034, 7.935667558000034 ], [ 41.976032587000077, 7.936488472000065 ], [ 41.975639976000025, 7.936821596000073 ], [ 41.975400767000053, 7.93721458300007 ], [ 41.974973727000076, 7.937916148000056 ], [ 41.974652500000047, 7.938522911000064 ], [ 41.974224197000069, 7.939296236000075 ], [ 41.973879175000036, 7.940366993000055 ], [ 41.973605537000026, 7.94112842100003 ], [ 41.973438975000079, 7.941925540000057 ], [ 41.97339138600006, 7.94260368700003 ], [ 41.973189131000026, 7.943269936000036 ], [ 41.972963083000025, 7.943995671000039 ], [ 41.972820315000035, 7.944388282000034 ], [ 41.972534780000046, 7.944899866000071 ], [ 41.972273039000072, 7.945149710000067 ], [ 41.971939914000075, 7.945530424000026 ], [ 41.971571098000027, 7.946053905000042 ], [ 41.971178487000032, 7.946363235000035 ], [ 41.971085524000046, 7.946431946000075 ], [ 41.970631211000068, 7.946767743000066 ], [ 41.970584934000044, 7.946815271000048 ], [ 41.970191010000065, 7.947219841000049 ], [ 41.969786502000034, 7.947517274000063 ], [ 41.969740971000078, 7.947549314000071 ], [ 41.969432196000071, 7.947775368000066 ], [ 41.969084561000045, 7.948112139000045 ], [ 41.968739539000069, 7.948338188000037 ], [ 41.968406415000061, 7.948754593000046 ], [ 41.967942420000043, 7.949230486000033 ], [ 41.96749032200006, 7.949492226000075 ], [ 41.967109608000044, 7.949599302000024 ], [ 41.966598024000064, 7.949825351000072 ], [ 41.966062646000069, 7.94988483700007 ], [ 41.96565901300005, 7.950040080000065 ], [ 41.96519414200003, 7.950229859000046 ], [ 41.964896710000062, 7.950562984000044 ], [ 41.964634969000031, 7.950800930000071 ], [ 41.964182871000048, 7.951122157000043 ], [ 41.963992515000029, 7.951645638000059 ], [ 41.963469033000081, 7.952609320000022 ], [ 41.963183498000035, 7.953477823000071 ], [ 41.962660016000029, 7.954608067000038 ], [ 41.962445865000063, 7.955143446000022 ], [ 41.962231713000051, 7.955595544000062 ], [ 41.962059975000045, 7.955831685000021 ], [ 41.961946178000062, 7.955988155000057 ], [ 41.961375107000038, 7.956749582000043 ], [ 41.961113367000053, 7.956928042000072 ], [ 41.960780242000055, 7.957308756000032 ], [ 41.960459015000026, 7.957629983000061 ], [ 41.960173480000037, 7.958058286000039 ], [ 41.960027811000032, 7.958371389000035 ], [ 41.959716037000078, 7.958601830000021 ], [ 41.959608729000081, 7.958711378000032 ], [ 41.959281182000041, 7.959045762000073 ], [ 41.95878777300004, 7.959155226000064 ], [ 41.958311774000038, 7.959400438000046 ], [ 41.958243303000074, 7.959435711000026 ], [ 41.957742709000058, 7.959693592000065 ], [ 41.957255792000069, 7.959944429000075 ], [ 41.956800187000056, 7.960221453000031 ], [ 41.956434165000076, 7.960479024000051 ], [ 41.956009423000069, 7.960949331000052 ], [ 41.955628709000052, 7.961270558000024 ], [ 41.95527179000004, 7.961484710000036 ], [ 41.955068772000061, 7.961663843000053 ], [ 41.954685848000054, 7.962040909000052 ], [ 41.954121321000059, 7.96228658800004 ], [ 41.953500281000061, 7.962353689000054 ], [ 41.953041045000077, 7.962303720000023 ], [ 41.952276576000031, 7.962566335000076 ], [ 41.951922699000079, 7.962696331000075 ], [ 41.951123402000064, 7.962555983000073 ], [ 41.950380808000034, 7.96261067100005 ], [ 41.949676487000033, 7.962696331000075 ], [ 41.949114935000068, 7.962772474000076 ], [ 41.948886506000065, 7.963019938000059 ], [ 41.948743739000065, 7.963362580000023 ], [ 41.948658078000051, 7.963543419000075 ], [ 41.94843916800005, 7.963657633000025 ], [ 41.948048936000077, 7.963705223000034 ], [ 41.947715812000069, 7.963943169000061 ], [ 41.947630151000055, 7.964095454000073 ], [ 41.947392205000028, 7.964247740000076 ], [ 41.94696390200005, 7.964504722000072 ], [ 41.94684017000003, 7.96471411400006 ], [ 41.946830652000074, 7.96495206000003 ], [ 41.946802099000081, 7.965570720000073 ], [ 41.946703565000064, 7.965802061000034 ], [ 41.946654455000044, 7.965917362000027 ], [ 41.94660435600008, 7.966034985000022 ], [ 41.946587510000029, 7.966072613000051 ], [ 41.946583188000034, 7.966084684000066 ] ] ] } },
{ "type": "Feature", "properties": { "DISTRICTS": "Qubi", "Zone_Name": "Erer", "Wor_PCode": "ET0504003" }, "geometry": { "type": "Polygon", "coordinates": [ [ [ 41.76203474600004, 8.166125518000058 ], [ 41.762897301000066, 8.165619883000033 ], [ 41.762748585000054, 8.165649626000061 ], [ 41.763071450000041, 8.165376432000073 ], [ 41.763521910000065, 8.164995274000034 ], [ 41.764503068000067, 8.164504695000062 ], [ 41.764613713000074, 8.164449373000025 ], [ 41.764706036000064, 8.164404629000046 ], [ 41.764765489000069, 8.164376467000068 ], [ 41.76501877100003, 8.16425649100006 ], [ 41.765279962000079, 8.164131120000036 ], [ 41.765657106000049, 8.163942548000023 ], [ 41.766143721000049, 8.163701880000076 ], [ 41.766853155000035, 8.163359395000043 ], [ 41.76825055200004, 8.16297122900005 ], [ 41.768459291000056, 8.162913246000073 ], [ 41.76982748100005, 8.162705043000074 ], [ 41.770452387000034, 8.162725201000057 ], [ 41.770749522000074, 8.162734786000044 ], [ 41.771299910000039, 8.162767162000023 ], [ 41.771760793000055, 8.162794273000031 ], [ 41.772653091000052, 8.162407611000049 ], [ 41.773673772000052, 8.16214059400005 ], [ 41.77455666000003, 8.161901975000035 ], [ 41.775300242000071, 8.161634286000037 ], [ 41.775984337000068, 8.161634286000037 ], [ 41.77657920200005, 8.161545056000023 ], [ 41.777144324000062, 8.161217880000038 ], [ 41.777620216000059, 8.160979934000068 ], [ 41.778125851000027, 8.160682501000053 ], [ 41.778453027000069, 8.160444555000026 ], [ 41.778839690000041, 8.160117379000042 ], [ 41.779107379000038, 8.159730717000059 ], [ 41.779553528000065, 8.159284568000032 ], [ 41.779940191000037, 8.158630216000063 ], [ 41.780267366000032, 8.158213811000053 ], [ 41.780564799000047, 8.157648689000041 ], [ 41.781040691000044, 8.157172796000054 ], [ 41.781724786000041, 8.15642921500006 ], [ 41.78252785400008, 8.15642921500006 ], [ 41.783479639000063, 8.15622101200006 ], [ 41.78437193700006, 8.15601280900006 ], [ 41.784966802000042, 8.155715376000046 ], [ 41.785710383000037, 8.155447687000049 ], [ 41.786424222000051, 8.155358457000034 ], [ 41.787167803000045, 8.154704106000054 ], [ 41.787792412000044, 8.15440667300004 ], [ 41.788238561000071, 8.154138984000042 ], [ 41.788387277000027, 8.153722578000043 ], [ 41.788565737000056, 8.153365659000031 ], [ 41.788595480000026, 8.152681564000034 ], [ 41.788773939000066, 8.152354388000049 ], [ 41.788863169000081, 8.151878496000052 ], [ 41.788982142000066, 8.15131337400004 ], [ 41.789160602000038, 8.150777995000055 ], [ 41.789428291000036, 8.150361589000056 ], [ 41.789636494000035, 8.149766724000074 ], [ 41.789844697000035, 8.149290832000077 ], [ 41.790231359000074, 8.148725710000065 ], [ 41.790784603000077, 8.148277846000042 ], [ 41.790903694000065, 8.148178314000063 ], [ 41.79137335300004, 8.147767362000025 ], [ 41.791569806000041, 8.147595466000041 ], [ 41.792069603000073, 8.14727741300004 ], [ 41.792224158000067, 8.147179060000042 ], [ 41.792789280000079, 8.146703168000045 ], [ 41.793265172000076, 8.146108303000062 ], [ 41.794070063000049, 8.14523050300005 ], [ 41.794484646000058, 8.144769856000039 ], [ 41.794930795000028, 8.143788328000028 ], [ 41.795228227000052, 8.143401666000045 ], [ 41.795525660000067, 8.143104233000031 ], [ 41.796001552000064, 8.142658084000061 ], [ 41.796358471000076, 8.142063219000022 ], [ 41.797072310000033, 8.141438610000023 ], [ 41.797577945000057, 8.14105194800004 ], [ 41.798410757000056, 8.14060579900007 ], [ 41.798827162000066, 8.140070420000029 ], [ 41.79929037800008, 8.139520351000044 ], [ 41.799742001000027, 8.13901757900004 ], [ 41.799802579000072, 8.138950271000056 ], [ 41.800195903000031, 8.138533104000032 ], [ 41.800373812000032, 8.138345311000023 ], [ 41.800659050000036, 8.137815583000076 ], [ 41.800790218000031, 8.137571986000069 ], [ 41.800989246000029, 8.137233638000055 ], [ 41.801087650000056, 8.137066351000044 ], [ 41.801341474000026, 8.136558704000038 ], [ 41.801385083000071, 8.136471486000062 ], [ 41.80151367600007, 8.13625287800005 ], [ 41.801682515000039, 8.135965850000048 ], [ 41.801920462000055, 8.135608931000036 ], [ 41.802396749000025, 8.134898242000077 ], [ 41.802812759000062, 8.13430022700004 ], [ 41.803080449000049, 8.133824335000043 ], [ 41.803586084000074, 8.133199727000033 ], [ 41.80471632800004, 8.130939239000043 ], [ 41.80489478800007, 8.130701293000072 ], [ 41.805221964000054, 8.130522833000043 ], [ 41.805965545000049, 8.13058232000003 ], [ 41.806530667000061, 8.130493090000073 ], [ 41.807095789000073, 8.130522833000043 ], [ 41.807750141000042, 8.130522833000043 ], [ 41.808374750000041, 8.130344373000071 ], [ 41.80917781800008, 8.130225400000029 ], [ 41.809683453000048, 8.129987454000059 ], [ 41.810546008000074, 8.129452076000064 ], [ 41.810962413000027, 8.128886954000052 ], [ 41.811140873000056, 8.128232602000026 ], [ 41.811349076000056, 8.127637737000043 ], [ 41.812092657000051, 8.126685952000059 ], [ 41.812657779000062, 8.126120830000048 ], [ 41.813252645000034, 8.125734168000065 ], [ 41.813936740000031, 8.125377249000053 ], [ 41.814710064000053, 8.125020329000051 ], [ 41.815483389000065, 8.124722897000026 ], [ 41.816107998000064, 8.124365978000071 ], [ 41.816762350000033, 8.123860342000057 ], [ 41.817892594000057, 8.123503423000045 ], [ 41.818308999000067, 8.123087017000046 ], [ 41.818487459000039, 8.122819328000048 ], [ 41.818814635000081, 8.122402922000049 ], [ 41.819141811000065, 8.122016260000066 ], [ 41.819915135000031, 8.121778314000039 ], [ 41.820688460000042, 8.121332165000069 ], [ 41.821253582000054, 8.12070755600007 ], [ 41.821788961000038, 8.120350637000058 ], [ 41.822086394000053, 8.119845002000034 ], [ 41.822413569000048, 8.119369110000036 ], [ 41.823008435000077, 8.118982447000064 ], [ 41.823692530000073, 8.118566042000054 ], [ 41.82479303000008, 8.118387582000025 ], [ 41.825358152000035, 8.118209122000053 ], [ 41.825953018000064, 8.118209122000053 ], [ 41.826815572000044, 8.118119893000028 ], [ 41.827767357000027, 8.117792717000043 ], [ 41.828243249000025, 8.117465541000058 ], [ 41.828659655000081, 8.117049135000059 ], [ 41.828957087000049, 8.116573243000062 ], [ 41.829016574000036, 8.115948634000063 ], [ 41.829224777000036, 8.115234796000038 ], [ 41.829492466000033, 8.114550701000041 ], [ 41.829611439000075, 8.113688146000072 ], [ 41.829879128000073, 8.113033795000035 ], [ 41.829908872000033, 8.112528159000021 ], [ 41.829819642000075, 8.111933294000039 ], [ 41.829849385000045, 8.111635861000025 ], [ 41.829908872000033, 8.111249199000042 ], [ 41.829908872000033, 8.110713820000058 ], [ 41.829789899000048, 8.109762036000063 ], [ 41.829891504000045, 8.10925400800005 ], [ 41.829908872000033, 8.109167171000024 ], [ 41.829901051000036, 8.108971661000055 ], [ 41.829879128000073, 8.10842358900004 ], [ 41.829760155000031, 8.107858467000028 ], [ 41.82993861500006, 8.107531291000043 ], [ 41.830206304000058, 8.106876939000074 ], [ 41.830473994000045, 8.106579507000049 ], [ 41.83100937200004, 8.106371304000049 ], [ 41.832100293000053, 8.105733085000054 ], [ 41.832285968000065, 8.105632078000042 ], [ 41.832764225000062, 8.105419519000066 ], [ 41.83326986000003, 8.105122087000041 ], [ 41.833329347000074, 8.104319019000059 ], [ 41.83347806300003, 8.103902613000059 ], [ 41.833766595000043, 8.103559981000046 ], [ 41.833953955000027, 8.103337491000048 ], [ 41.834459591000041, 8.102772369000036 ], [ 41.834935483000038, 8.102564166000036 ], [ 41.835441118000062, 8.101939558000026 ], [ 41.835768294000047, 8.101701612000056 ], [ 41.836095470000032, 8.101433922000069 ], [ 41.836571362000029, 8.10083905700003 ], [ 41.836958025000058, 8.100482138000075 ], [ 41.837225714000056, 8.100006246000021 ], [ 41.83731494400007, 8.099589840000021 ], [ 41.837582633000068, 8.099113948000024 ], [ 41.837701606000053, 8.098638056000027 ], [ 41.838028782000038, 8.098102677000043 ], [ 41.838207242000067, 8.097537555000031 ], [ 41.838415445000066, 8.096823717000063 ], [ 41.838950823000062, 8.096407311000064 ], [ 41.839277999000046, 8.095604243000025 ], [ 41.840051324000058, 8.094801175000043 ], [ 41.840824649000069, 8.093819647000032 ], [ 41.84140638100007, 8.093109671000036 ], [ 41.841508744000066, 8.092986836000023 ], [ 41.841895406000049, 8.092421714000068 ], [ 41.842553871000064, 8.091022102000068 ], [ 41.842638988000033, 8.090845321000074 ], [ 41.842728218000047, 8.090399172000048 ], [ 41.842733878000047, 8.089651494000066 ], [ 41.842776997000044, 8.088940562000062 ], [ 41.842658024000059, 8.088250519000042 ], [ 41.842610579000052, 8.087886776000062 ], [ 41.842586640000036, 8.087703243000021 ], [ 41.842443872000047, 8.087274940000043 ], [ 41.842348694000066, 8.086941815000046 ], [ 41.842205926000076, 8.086632485000052 ], [ 41.84206315800003, 8.086156593000055 ], [ 41.842086953000035, 8.085728290000077 ], [ 41.842039364000073, 8.085252398000023 ], [ 41.841920391000031, 8.084586149000074 ], [ 41.842015569000068, 8.084038873000054 ], [ 41.841944185000045, 8.083420213000068 ], [ 41.842158337000058, 8.08308708800007 ], [ 41.842301105000047, 8.082373250000046 ], [ 41.842610434000051, 8.08161182200007 ], [ 41.843058666000047, 8.080975167000076 ], [ 41.843205300000079, 8.080755216000057 ], [ 41.843704987000081, 8.080255530000045 ], [ 41.844191020000039, 8.079823500000032 ], [ 41.844347441000025, 8.079684459000021 ], [ 41.844799539000064, 8.079184772000076 ], [ 41.845775118000063, 8.078780264000045 ], [ 41.846679313000038, 8.078375755000025 ], [ 41.847464535000029, 8.078328166000063 ], [ 41.848059400000068, 8.078375755000025 ], [ 41.848773238000035, 8.078399550000029 ], [ 41.849534666000068, 8.078232988000025 ], [ 41.850058147000027, 8.077828479000061 ], [ 41.850700602000074, 8.077685712000061 ], [ 41.851295467000057, 8.077352587000064 ], [ 41.851914127000043, 8.077067052000075 ], [ 41.852342430000078, 8.076519776000055 ], [ 41.852699349000034, 8.075901116000068 ], [ 41.852818322000076, 8.075496608000037 ], [ 41.853056268000046, 8.075211072000059 ], [ 41.853603544000066, 8.07492553700007 ], [ 41.854293588000075, 8.074782769000024 ], [ 41.85510260500007, 8.074996921000036 ], [ 41.855816443000037, 8.075211072000059 ], [ 41.856554076000066, 8.075068305000059 ], [ 41.85736309300006, 8.075068305000059 ], [ 41.858100726000032, 8.074806564000028 ], [ 41.858814564000056, 8.074758975000066 ], [ 41.859338045000072, 8.074640002000024 ], [ 41.859742554000036, 8.074521029000039 ], [ 41.860218446000033, 8.074259288000064 ], [ 41.860503981000079, 8.074116520000075 ], [ 41.860765722000053, 8.073830985000029 ], [ 41.861027463000028, 8.073616833000074 ], [ 41.861360587000036, 8.073283709000066 ], [ 41.861646123000071, 8.072902995000049 ], [ 41.861979247000079, 8.072522281000033 ], [ 41.862309976000063, 8.07187557900005 ], [ 41.862502728000038, 8.071451524000054 ], [ 41.862835853000036, 8.07059491800004 ], [ 41.86285964800004, 8.069928669000035 ], [ 41.862788264000073, 8.069571750000023 ], [ 41.86271688000005, 8.068786528000032 ], [ 41.862621702000069, 8.068048895000061 ], [ 41.862359961000038, 8.067287467000028 ], [ 41.86216960400003, 8.066835370000035 ], [ 41.862026836000041, 8.065978764000022 ], [ 41.861979247000079, 8.065431488000058 ], [ 41.862026836000041, 8.064860417000034 ], [ 41.862240988000053, 8.064408319000052 ], [ 41.862359961000038, 8.063385151000034 ], [ 41.862621702000069, 8.063052027000026 ], [ 41.862931031000073, 8.06229059900005 ], [ 41.863192772000048, 8.061814707000053 ], [ 41.863430718000075, 8.061671939000064 ], [ 41.863668664000045, 8.061124663000044 ], [ 41.864001789000042, 8.060743949000027 ], [ 41.864406297000073, 8.060410825000076 ], [ 41.864953573000037, 8.059792165000033 ], [ 41.865477055000042, 8.059459040000036 ], [ 41.866000536000058, 8.059387657000059 ], [ 41.866571607000026, 8.059268684000074 ], [ 41.867005864000078, 8.059341060000065 ], [ 41.867142677000061, 8.059363862000055 ], [ 41.867594775000043, 8.059340067000051 ], [ 41.868142051000063, 8.05924488900007 ], [ 41.868736916000046, 8.059078327000066 ], [ 41.869331782000074, 8.058745202000068 ], [ 41.869902852000052, 8.058507256000041 ], [ 41.870545307000043, 8.058221721000052 ], [ 41.870807047000028, 8.057888596000055 ], [ 41.871378118000052, 8.057388909000053 ], [ 41.871735037000064, 8.057008196000027 ], [ 41.872187135000047, 8.056460920000063 ], [ 41.87240128600007, 8.056080206000047 ], [ 41.872663027000044, 8.055413957000042 ], [ 41.873019946000056, 8.054842886000074 ], [ 41.873138919000041, 8.05427181500005 ], [ 41.873091330000079, 8.053748334000034 ], [ 41.873162714000046, 8.052534809000065 ], [ 41.873019946000056, 8.052058917000068 ], [ 41.872829589000048, 8.051368873000058 ], [ 41.872591643000078, 8.050774008000076 ], [ 41.872591643000078, 8.050202937000051 ], [ 41.872472670000036, 8.049679456000035 ], [ 41.872306108000032, 8.049132180000072 ], [ 41.871925394000073, 8.048465931000067 ], [ 41.871925394000073, 8.048037628000031 ], [ 41.872068162000062, 8.047561735000045 ], [ 41.87240128600007, 8.046847897000021 ], [ 41.872520259000055, 8.046324416000061 ], [ 41.872924768000075, 8.045991291000064 ], [ 41.873281687000031, 8.045777140000041 ], [ 41.87397173100004, 8.045206069000074 ], [ 41.87466177400006, 8.044825355000057 ], [ 41.875232845000028, 8.044159106000052 ], [ 41.875803916000052, 8.043921160000025 ], [ 41.876517754000076, 8.043397679000066 ], [ 41.877041235000036, 8.042564867000067 ], [ 41.877374360000033, 8.041874824000047 ], [ 41.877778868000064, 8.040970628000025 ], [ 41.878064403000053, 8.040256790000058 ], [ 41.878373733000046, 8.039566746000048 ], [ 41.878778242000067, 8.038733935000039 ], [ 41.87923033900006, 8.037877329000025 ], [ 41.879753821000065, 8.037282464000043 ], [ 41.880036912000037, 8.036716282000043 ], [ 41.880586632000075, 8.03628309000004 ], [ 41.88094355100003, 8.035973760000047 ], [ 41.881467033000035, 8.035854787000062 ], [ 41.881932541000026, 8.035687204000055 ], [ 41.882775736000042, 8.035355100000061 ], [ 41.883299218000047, 8.035021976000053 ], [ 41.884084440000038, 8.03480782400004 ], [ 41.884607921000054, 8.03456987800007 ], [ 41.885321760000068, 8.034331932000043 ], [ 41.885988009000073, 8.033927424000069 ], [ 41.886630463000074, 8.033284969000022 ], [ 41.88715394500008, 8.03240456900005 ], [ 41.887439480000069, 8.031690730000037 ], [ 41.887855922000028, 8.030512789000056 ], [ 41.887915372000066, 8.030334438000068 ], [ 41.888380360000042, 8.029271607000055 ], [ 41.888709872000049, 8.028496785000073 ], [ 41.888843362000046, 8.028169128000059 ], [ 41.888986129000045, 8.027669441000057 ], [ 41.889064891000032, 8.027177183000049 ], [ 41.88909964700008, 8.02635934500006 ], [ 41.889105103000077, 8.026146586000038 ], [ 41.888986129000045, 8.025123418000021 ], [ 41.88900992400005, 8.024718910000047 ], [ 41.889509611000051, 8.02345779500007 ], [ 41.890104476000033, 8.022720162000041 ], [ 41.89034242200006, 8.022101503000044 ], [ 41.890699341000072, 8.021863557000074 ], [ 41.891127644000051, 8.021435254000039 ], [ 41.891389385000025, 8.021102129000042 ], [ 41.89236496400008, 8.020340701000066 ], [ 41.892983624000067, 8.019698247000065 ], [ 41.893435722000049, 8.019365122000067 ], [ 41.893911614000046, 8.018817846000047 ], [ 41.894292328000063, 8.018484722000039 ], [ 41.894720631000041, 8.017866062000053 ], [ 41.894934782000064, 8.017532937000055 ], [ 41.895077550000053, 8.017271197000071 ], [ 41.895244112000057, 8.016890483000054 ], [ 41.895386880000046, 8.016390796000053 ], [ 41.895410674000061, 8.016057672000045 ], [ 41.895624826000073, 8.014867941000034 ], [ 41.896076923000066, 8.012821605000056 ], [ 41.89693352900008, 8.011489107000045 ], [ 41.898004287000049, 8.010204198000054 ], [ 41.899302565000028, 8.008571514000039 ], [ 41.900074418000031, 8.007562996000047 ], [ 41.901287943000057, 8.00639706000004 ], [ 41.902287317000059, 8.005730811000035 ], [ 41.902691825000034, 8.005159740000067 ], [ 41.903476106000028, 8.004543520000027 ], [ 41.904201366000052, 8.003948378000075 ], [ 41.905713740000067, 8.002685101000054 ], [ 41.907093828000029, 8.001328808000039 ], [ 41.908283558000051, 8.000591175000068 ], [ 41.909854003000078, 8.001138451000031 ], [ 41.91137685800004, 8.001114657000073 ], [ 41.91266175700008, 8.000566994000053 ], [ 41.913162430000057, 8.000321986000074 ], [ 41.913756312000032, 8.000012672000025 ], [ 41.913970470000038, 7.999901131000058 ], [ 41.91523735800007, 7.99949719600005 ], [ 41.916702675000067, 7.999000974000069 ], [ 41.917879844000026, 7.998580369000024 ], [ 41.918705597000042, 7.998283098000059 ], [ 41.91947301700003, 7.998033240000041 ], [ 41.921227826000063, 7.997450287000049 ], [ 41.922194158000025, 7.996943821000059 ], [ 41.922977466000077, 7.996169211000051 ], [ 41.92373084500008, 7.995704214000057 ], [ 41.924530343000072, 7.995018930000072 ], [ 41.924742965000064, 7.994327590000069 ], [ 41.925129159000051, 7.993814518000022 ], [ 41.925464187000046, 7.993144462000032 ], [ 41.925868898000033, 7.99254927800007 ], [ 41.92580573500004, 7.992315862000055 ], [ 41.925967538000066, 7.992096951000065 ], [ 41.926138859000048, 7.991906595000046 ], [ 41.92644301100006, 7.991597692000028 ], [ 41.926705384000059, 7.991086755000026 ], [ 41.926728541000045, 7.990360398000064 ], [ 41.926738483000065, 7.990126758000031 ], [ 41.926852697000072, 7.989631830000064 ], [ 41.926881251000054, 7.989270152000074 ], [ 41.926985947000048, 7.988937027000077 ], [ 41.927195340000026, 7.988470653000036 ], [ 41.927347625000039, 7.987813922000043 ], [ 41.927652196000054, 7.987318994000077 ], [ 41.928023392000057, 7.986557566000045 ], [ 41.928375552000034, 7.985900835000052 ], [ 41.928834948000031, 7.985353830000065 ], [ 41.92987147000008, 7.984352518000037 ], [ 41.930012622000049, 7.984035338000069 ], [ 41.930311091000078, 7.98394821200003 ], [ 41.930488514000047, 7.983654624000053 ], [ 41.930807251000033, 7.983493399000054 ], [ 41.931106010000065, 7.983100296000032 ], [ 41.931461844000069, 7.982640618000062 ], [ 41.932125817000042, 7.981960682000022 ], [ 41.932298347000028, 7.981677167000043 ], [ 41.932388106000076, 7.981430329000034 ], [ 41.93259319200007, 7.980866344000049 ], [ 41.932572922000077, 7.980627949000052 ], [ 41.932789925000066, 7.980251422000038 ], [ 41.932881087000055, 7.979947550000077 ], [ 41.933091533000038, 7.979246062000072 ], [ 41.933233338000036, 7.978990812000063 ], [ 41.933258206000062, 7.978638720000049 ], [ 41.933515188000058, 7.978191381000045 ], [ 41.933829277000029, 7.977715489000047 ], [ 41.933943491000036, 7.977458507000051 ], [ 41.934010116000024, 7.977096829000061 ], [ 41.934219509000059, 7.976525759000026 ], [ 41.934381312000028, 7.976259259000074 ], [ 41.934554338000055, 7.976064990000054 ], [ 41.934804745000065, 7.975177183000028 ], [ 41.934819133000076, 7.974736404000055 ], [ 41.934999972000071, 7.974498458000028 ], [ 41.935247436000054, 7.974298583000063 ], [ 41.935532971000043, 7.974146298000051 ], [ 41.935932133000051, 7.973807603000068 ], [ 41.936303806000069, 7.973035668000023 ], [ 41.93699100200007, 7.972587497000063 ], [ 41.937341773000071, 7.972401629000046 ], [ 41.937712557000054, 7.97209044300007 ], [ 41.938025641000024, 7.971929811000052 ], [ 41.938188450000041, 7.97184297900003 ], [ 41.938479344000029, 7.971709653000062 ], [ 41.938645306000069, 7.971633587000042 ], [ 41.939130716000079, 7.971490819000053 ], [ 41.939505325000027, 7.971534999000028 ], [ 41.940195972000026, 7.97144124600004 ], [ 41.940491768000072, 7.971290944000032 ], [ 41.94079633900003, 7.97124335500007 ], [ 41.941091392000033, 7.971138659000076 ], [ 41.941481624000062, 7.971081552000044 ], [ 41.941748123000025, 7.97099589100003 ], [ 41.941995587000065, 7.97085312400003 ], [ 41.942005105000078, 7.970662767000022 ], [ 41.942081248000079, 7.970529517000045 ], [ 41.942214498000055, 7.970405785000025 ], [ 41.942480997000075, 7.970386749000056 ], [ 41.942737979000071, 7.970186874000035 ], [ 41.943118693000031, 7.97012976700006 ], [ 41.943337603000032, 7.97000603500004 ], [ 41.943480371000078, 7.969749054000033 ], [ 41.943956263000075, 7.969530143000043 ], [ 41.944365530000027, 7.969254126000067 ], [ 41.94464154800005, 7.968978108000044 ], [ 41.944793833000062, 7.968407038000066 ], [ 41.94536490400003, 7.967883556000061 ], [ 41.945631404000039, 7.967455253000026 ], [ 41.945631404000039, 7.96717923600005 ], [ 41.945812243000034, 7.966855629000065 ], [ 41.946411867000052, 7.966341665000073 ], [ 41.946583188000034, 7.966084684000066 ], [ 41.946802099000081, 7.965570720000073 ], [ 41.94684017000003, 7.96471411400006 ], [ 41.94696390200005, 7.964504722000072 ], [ 41.947630151000055, 7.964095454000073 ], [ 41.947715812000069, 7.963943169000061 ], [ 41.948048936000077, 7.963705223000034 ], [ 41.94843916800005, 7.963657633000025 ], [ 41.948658078000051, 7.963543419000075 ], [ 41.948743739000065, 7.963362580000023 ], [ 41.948886506000065, 7.963019938000059 ], [ 41.949114935000068, 7.962772474000076 ], [ 41.949676487000033, 7.962696331000075 ], [ 41.950380808000034, 7.96261067100005 ], [ 41.951123402000064, 7.962555983000073 ], [ 41.951922699000079, 7.962696331000075 ], [ 41.952276576000031, 7.962566335000076 ], [ 41.953041045000077, 7.962303720000023 ], [ 41.953500281000061, 7.962353689000054 ], [ 41.954121321000059, 7.96228658800004 ], [ 41.954685848000054, 7.962040909000052 ], [ 41.955068772000061, 7.961663843000053 ], [ 41.95527179000004, 7.961484710000036 ], [ 41.955628709000052, 7.961270558000024 ], [ 41.956009423000069, 7.960949331000052 ], [ 41.956434165000076, 7.960479024000051 ], [ 41.956800187000056, 7.960221453000031 ], [ 41.957255792000069, 7.959944429000075 ], [ 41.958311774000038, 7.959400438000046 ], [ 41.95878777300004, 7.959155226000064 ], [ 41.959281182000041, 7.959045762000073 ], [ 41.959608729000081, 7.958711378000032 ], [ 41.959716037000078, 7.958601830000021 ], [ 41.960027811000032, 7.958371389000035 ], [ 41.960173480000037, 7.958058286000039 ], [ 41.960459015000026, 7.957629983000061 ], [ 41.960780242000055, 7.957308756000032 ], [ 41.961113367000053, 7.956928042000072 ], [ 41.961375107000038, 7.956749582000043 ], [ 41.962059975000045, 7.955831685000021 ], [ 41.962231713000051, 7.955595544000062 ], [ 41.962445865000063, 7.955143446000022 ], [ 41.962660016000029, 7.954608067000038 ], [ 41.963183498000035, 7.953477823000071 ], [ 41.963469033000081, 7.952609320000022 ], [ 41.963992515000029, 7.951645638000059 ], [ 41.964182871000048, 7.951122157000043 ], [ 41.964634969000031, 7.950800930000071 ], [ 41.964896710000062, 7.950562984000044 ], [ 41.96519414200003, 7.950229859000046 ], [ 41.96565901300005, 7.950040080000065 ], [ 41.966062646000069, 7.94988483700007 ], [ 41.966598024000064, 7.949825351000072 ], [ 41.967109608000044, 7.949599302000024 ], [ 41.96749032200006, 7.949492226000075 ], [ 41.967942420000043, 7.949230486000033 ], [ 41.968406415000061, 7.948754593000046 ], [ 41.968739539000069, 7.948338188000037 ], [ 41.969084561000045, 7.948112139000045 ], [ 41.969432196000071, 7.947775368000066 ], [ 41.970191010000065, 7.947219841000049 ], [ 41.970584934000044, 7.946815271000048 ], [ 41.970631211000068, 7.946767743000066 ], [ 41.971085524000046, 7.946431946000075 ], [ 41.971571098000027, 7.946053905000042 ], [ 41.971939914000075, 7.945530424000026 ], [ 41.972273039000072, 7.945149710000067 ], [ 41.972534780000046, 7.944899866000071 ], [ 41.972820315000035, 7.944388282000034 ], [ 41.972963083000025, 7.943995671000039 ], [ 41.97339138600006, 7.94260368700003 ], [ 41.973438975000079, 7.941925540000057 ], [ 41.973605537000026, 7.94112842100003 ], [ 41.973879175000036, 7.940366993000055 ], [ 41.974224197000069, 7.939296236000075 ], [ 41.974652500000047, 7.938522911000064 ], [ 41.974973727000076, 7.937916148000056 ], [ 41.975400767000053, 7.93721458300007 ], [ 41.975639976000025, 7.936821596000073 ], [ 41.976032587000077, 7.936488472000065 ], [ 41.976746426000034, 7.935667558000034 ], [ 41.977186626000048, 7.934965617000046 ], [ 41.977555442000039, 7.934608698000034 ], [ 41.978527522000036, 7.933806919000062 ], [ 41.979784560000041, 7.932781441000031 ], [ 41.980958072000078, 7.931729550000057 ], [ 41.982195391000062, 7.930492230000027 ], [ 41.983712902000036, 7.928839075000042 ], [ 41.984473478000041, 7.928005363000068 ], [ 41.985954940000056, 7.926340071000027 ], [ 41.987084068000058, 7.924892130000046 ], [ 41.98797748100003, 7.923746458000039 ], [ 41.989381363000064, 7.922354473000041 ], [ 41.990582991000053, 7.921854787000029 ], [ 41.991058883000051, 7.921545457000036 ], [ 41.992177230000038, 7.921807197000021 ], [ 41.992724506000059, 7.921819095000046 ], [ 41.993236090000039, 7.921973760000071 ], [ 41.993688188000078, 7.922092733000056 ], [ 41.994271156000025, 7.922152219000054 ], [ 41.994758945000058, 7.922080835000031 ], [ 41.995032583000068, 7.922164117000023 ], [ 41.995472784000071, 7.922164117000023 ], [ 41.995936779000033, 7.922009452000054 ], [ 41.99644836300007, 7.922080835000031 ], [ 41.996876666000048, 7.922116527000071 ], [ 41.99792362800008, 7.921771506000027 ], [ 41.998767697000062, 7.921981366000068 ], [ 42.001239296000051, 7.921612542000048 ], [ 42.004362339000068, 7.916556187000026 ], [ 42.006741800000043, 7.911499832000061 ], [ 42.006741800000043, 7.90763320800005 ], [ 42.00718794900007, 7.904361449000021 ], [ 42.005998218000059, 7.899751244000072 ], [ 42.004808488000037, 7.894992322000064 ], [ 42.005998218000059, 7.891423130000021 ], [ 42.010162275000027, 7.88666420800007 ], [ 42.014028899000039, 7.882351435000032 ], [ 42.015664779000076, 7.879823258000044 ], [ 42.016854509000041, 7.875807917000031 ], [ 42.018787821000046, 7.872684875000061 ], [ 42.020423701000027, 7.869710548000057 ], [ 42.021464715000036, 7.865100343000051 ], [ 42.021018566000066, 7.863018314000044 ], [ 42.022235488000035, 7.858395180000059 ], [ 42.021864604000029, 7.858332791000066 ], [ 42.020848149000074, 7.854439144000025 ], [ 42.019836878000035, 7.852892494000059 ], [ 42.01950970200005, 7.852029940000023 ], [ 42.01927175600008, 7.851256615000068 ], [ 42.01906355300008, 7.850334574000044 ], [ 42.018944580000039, 7.849918168000045 ], [ 42.018914837000068, 7.849234073000048 ], [ 42.018741550000072, 7.848216338000043 ], [ 42.018617404000054, 7.847657680000054 ], [ 42.018200999000044, 7.84673563900003 ], [ 42.017873823000059, 7.846051544000034 ], [ 42.017546647000074, 7.845575652000036 ], [ 42.016939884000067, 7.844379973000059 ], [ 42.016535376000036, 7.843582853000044 ], [ 42.016327173000036, 7.842631069000049 ], [ 42.01617845700008, 7.841679284000065 ], [ 42.016029740000079, 7.840727500000071 ], [ 42.015583591000052, 7.839716229000032 ], [ 42.015494362000027, 7.839180850000048 ], [ 42.015494362000027, 7.838050606000024 ], [ 42.015315902000054, 7.837544971000057 ], [ 42.015256416000057, 7.836622930000033 ], [ 42.015494362000027, 7.835611659000051 ], [ 42.015762051000081, 7.835046537000039 ], [ 42.015940511000053, 7.834302955000055 ], [ 42.01617845700008, 7.833797320000031 ], [ 42.016475889000048, 7.832905022000034 ], [ 42.016803065000033, 7.832101954000052 ], [ 42.016862552000077, 7.831388115000038 ], [ 42.01683280900005, 7.830763507000029 ], [ 42.016654349000078, 7.830198385000074 ], [ 42.016446146000078, 7.829722493000077 ], [ 42.016089227000066, 7.829008654000063 ], [ 42.015970254000081, 7.828443532000051 ], [ 42.015553848000025, 7.827670208000029 ], [ 42.014958983000042, 7.826272274000075 ], [ 42.014721037000072, 7.825439463000066 ], [ 42.014542577000043, 7.824814854000067 ], [ 42.014661550000028, 7.824011786000028 ], [ 42.01457232100006, 7.823297948000061 ], [ 42.014958983000042, 7.822108218000039 ], [ 42.015791794000052, 7.820085676000076 ], [ 42.016118970000036, 7.819490810000048 ], [ 42.016743579000035, 7.818687742000066 ], [ 42.017546647000074, 7.817289809000044 ], [ 42.017992796000044, 7.81657597100002 ], [ 42.018200999000044, 7.815981105000049 ], [ 42.018676891000041, 7.814910348000069 ], [ 42.019093296000051, 7.813720617000058 ], [ 42.019212270000025, 7.812709347000066 ], [ 42.019658418000063, 7.810359629000061 ], [ 42.019866621000062, 7.809556561000022 ], [ 42.019985594000048, 7.808872466000025 ], [ 42.01971790500005, 7.807950425000058 ], [ 42.019807135000065, 7.807206843000074 ], [ 42.019390729000065, 7.806611978000035 ], [ 42.019360986000038, 7.805957626000065 ], [ 42.01947995900008, 7.805214044000024 ], [ 42.01947995900008, 7.804351490000045 ], [ 42.020402, 7.803042786000049 ], [ 42.020580460000076, 7.802656124000066 ], [ 42.021175325000058, 7.802299205000054 ], [ 42.021889163000026, 7.801500386000043 ], [ 42.022424542000067, 7.800901271000043 ], [ 42.023227610000049, 7.799860257000034 ], [ 42.023554786000034, 7.799384365000037 ], [ 42.024066837000078, 7.798402512000052 ], [ 42.024326391000045, 7.797904820000042 ], [ 42.024566057000072, 7.797480796000059 ], [ 42.025160922000055, 7.79664798500005 ], [ 42.025636814000052, 7.795725944000026 ], [ 42.026082963000079, 7.795250051000039 ], [ 42.026439882000034, 7.794595700000059 ], [ 42.026767058000075, 7.794060321000075 ], [ 42.027361923000058, 7.792513671000052 ], [ 42.027480897000032, 7.791799833000027 ], [ 42.027570126000057, 7.79087779200006 ], [ 42.02754038300003, 7.790253183000061 ], [ 42.027451153000072, 7.789658318000022 ], [ 42.02774858600003, 7.788528074000055 ], [ 42.027867559000072, 7.787873722000029 ], [ 42.028432681000027, 7.787100397000074 ], [ 42.028611141000056, 7.786535275000062 ], [ 42.028968060000068, 7.785880924000026 ], [ 42.029176262000078, 7.785434775000056 ], [ 42.029622411000048, 7.784810166000057 ], [ 42.030068560000075, 7.783947612000077 ], [ 42.030306506000045, 7.783620436000035 ], [ 42.030603939000059, 7.783144544000038 ], [ 42.031169061000071, 7.782490192000068 ], [ 42.031466494000028, 7.78210352900004 ], [ 42.031704896000065, 7.781850227000064 ], [ 42.031942386000026, 7.781597894000072 ], [ 42.032477765000067, 7.781449178000059 ], [ 42.032923914000037, 7.78103277200006 ], [ 42.033578265000074, 7.780527136000046 ], [ 42.034068399000034, 7.780026818000067 ], [ 42.034381333000056, 7.779694325000037 ], [ 42.03512491500004, 7.779069717000027 ], [ 42.035422348000054, 7.778921 ], [ 42.035809010000037, 7.778415365000058 ], [ 42.036076699000034, 7.777642040000046 ], [ 42.036084364000033, 7.777627278000068 ], [ 42.036107164000043, 7.777583368000023 ], [ 42.036124581000081, 7.777549823000072 ], [ 42.036151917000041, 7.777497177000043 ], [ 42.036216630000069, 7.777372544000059 ], [ 42.03633138500004, 7.77715153500003 ], [ 42.036505557000055, 7.776816092000047 ], [ 42.036677633000068, 7.77648468700005 ], [ 42.036805263000076, 7.77623888100004 ], [ 42.036879767000073, 7.776095390000023 ], [ 42.036998741000048, 7.775381552000056 ], [ 42.037266430000045, 7.774221565000062 ], [ 42.037236687000075, 7.773418497000023 ], [ 42.03735566000006, 7.772526199000026 ], [ 42.037296173000072, 7.771336468000072 ], [ 42.036998741000048, 7.770473914000036 ], [ 42.03693925400006, 7.769670846000054 ], [ 42.036731051000061, 7.76871906100007 ], [ 42.036255159000063, 7.767767277000075 ], [ 42.035620231000053, 7.766716253000027 ], [ 42.03548865700003, 7.765901322000047 ], [ 42.035571938000032, 7.765104203000021 ], [ 42.035747473000072, 7.764694619000068 ], [ 42.035964549000028, 7.764188110000021 ], [ 42.036404749000042, 7.763498067000057 ], [ 42.036987717000045, 7.762558179000052 ], [ 42.037689658000033, 7.76192762200003 ], [ 42.038272626000037, 7.761404141000071 ], [ 42.039057848000027, 7.760440459000051 ], [ 42.039319589000058, 7.759857491000048 ], [ 42.039450459000079, 7.759476777000032 ], [ 42.039379075000056, 7.758846220000066 ], [ 42.039295794000054, 7.758179971000061 ], [ 42.039200616000073, 7.75768028400006 ], [ 42.038915080000038, 7.757133008000039 ], [ 42.038474880000081, 7.756478657000059 ], [ 42.03807037200005, 7.755741024000031 ], [ 42.037808631000075, 7.755146158000059 ], [ 42.037665863000029, 7.754182477000029 ], [ 42.037606377000031, 7.753528125000059 ], [ 42.03765396600005, 7.752719108000065 ], [ 42.037880015000042, 7.751648351000028 ], [ 42.038296421000041, 7.750684669000066 ], [ 42.039010259000065, 7.749590117000025 ], [ 42.039426664000075, 7.748840587000075 ], [ 42.03981927600006, 7.748388489000035 ], [ 42.039997735000043, 7.747793624000053 ], [ 42.039973941000028, 7.747103580000044 ], [ 42.039712200000054, 7.745414163000021 ], [ 42.039533740000024, 7.744557557000064 ], [ 42.039438562000043, 7.744045973000027 ], [ 42.039498048000041, 7.743439210000076 ], [ 42.039664611000035, 7.74264209100005 ], [ 42.040081016000045, 7.741963944000076 ], [ 42.040866238000035, 7.740964571000063 ], [ 42.041437309000059, 7.740262630000075 ], [ 42.041556282000045, 7.73914428300003 ], [ 42.041449206000038, 7.738406650000059 ], [ 42.041377823000062, 7.737454866000064 ], [ 42.041389720000041, 7.736657746000049 ], [ 42.041520590000061, 7.735610784000073 ], [ 42.041722844000049, 7.734111723000069 ], [ 42.041925099000025, 7.733861880000063 ], [ 42.041877509000074, 7.733052863000069 ], [ 42.041841817000034, 7.732112976000053 ], [ 42.041913201000057, 7.731244473000061 ], [ 42.042020277000063, 7.730578224000055 ], [ 42.042472375000045, 7.729340904000026 ], [ 42.043126726000025, 7.72830583800004 ], [ 42.043709694000029, 7.727627692000056 ], [ 42.044471122000061, 7.727116108000075 ], [ 42.045292036000035, 7.726307091000024 ], [ 42.046077258000025, 7.725521869000033 ], [ 42.046719712000026, 7.724320241000044 ], [ 42.047148015000062, 7.723166202000073 ], [ 42.047040940000045, 7.721155558000021 ], [ 42.047040940000045, 7.719418551000047 ], [ 42.047374064000053, 7.717158063000056 ], [ 42.047552524000025, 7.716372841000066 ], [ 42.047897546000058, 7.715254495000067 ], [ 42.048087903000066, 7.714612040000077 ], [ 42.048302054000033, 7.713493693000032 ], [ 42.048421027000074, 7.712589498000057 ], [ 42.048742254000047, 7.710685930000068 ], [ 42.04867087100007, 7.709769837000067 ], [ 42.048587589000078, 7.708996512000056 ], [ 42.048480514000062, 7.707664014000045 ], [ 42.048421027000074, 7.706224440000028 ], [ 42.048468616000036, 7.704154309000046 ], [ 42.048337746000072, 7.703083552000066 ], [ 42.048313951000068, 7.702560070000061 ], [ 42.048504308000076, 7.702203151000049 ], [ 42.048861227000032, 7.701774848000071 ], [ 42.04918245500005, 7.701037215000042 ], [ 42.049515579000058, 7.700406658000077 ], [ 42.049444195000035, 7.699811793000038 ], [ 42.04932522200005, 7.699514360000023 ], [ 42.049218147000033, 7.699038468000026 ], [ 42.049146763000067, 7.698788624000031 ], [ 42.048694665000028, 7.698336527000038 ], [ 42.04746924300008, 7.697741662000055 ], [ 42.046721097000045, 7.697496839000053 ], [ 42.045767928000032, 7.697265769000069 ], [ 42.04493511700008, 7.696980234000023 ], [ 42.043995230000064, 7.696313985000074 ], [ 42.043495543000063, 7.69587378500006 ], [ 42.043138624000051, 7.695314611000072 ], [ 42.043108251000035, 7.694747880000023 ], [ 42.043055343000049, 7.694112984000071 ], [ 42.043138624000051, 7.693089815000064 ], [ 42.043067240000028, 7.692435464000027 ], [ 42.042757910000034, 7.691483679000044 ], [ 42.042662731000064, 7.69075794400004 ], [ 42.042400991000079, 7.689710981000076 ], [ 42.042186839000067, 7.687795515000062 ], [ 42.042163045000052, 7.687248239000041 ], [ 42.041901304000078, 7.686213173000056 ], [ 42.041782331000036, 7.685427951000065 ], [ 42.041318336000074, 7.684535653000069 ], [ 42.040913828000043, 7.683631458000036 ], [ 42.040663984000048, 7.682965209000031 ], [ 42.040568806000067, 7.682394138000063 ], [ 42.040842444000077, 7.68166840300006 ], [ 42.041039789000081, 7.681349614000055 ], [ 42.041306439000039, 7.680918872000063 ], [ 42.042151147000027, 7.68006226600005 ], [ 42.04259134800003, 7.679705347000038 ], [ 42.043638310000063, 7.679158071000074 ], [ 42.044768554000029, 7.678765460000022 ], [ 42.045982080000044, 7.678146800000036 ], [ 42.047112324000068, 7.677528140000049 ], [ 42.047873751000054, 7.677076043000056 ], [ 42.048896919000072, 7.676481178000074 ], [ 42.049586963000024, 7.676124258000073 ], [ 42.049908190000053, 7.675374728000065 ], [ 42.050074752000057, 7.674648993000062 ], [ 42.049753525000028, 7.674006538000071 ], [ 42.049313325000071, 7.673138035000022 ], [ 42.049170557000025, 7.67268593700004 ], [ 42.049099173000059, 7.672233840000047 ], [ 42.049134865000042, 7.671805537000068 ], [ 42.049170557000025, 7.671448618000056 ], [ 42.049039687000061, 7.671151185000042 ], [ 42.048516206000045, 7.670627703000036 ], [ 42.047897546000058, 7.670175606000043 ], [ 42.047528729000078, 7.66986627600005 ], [ 42.047100426000043, 7.669735406000029 ], [ 42.046862480000073, 7.669342795000034 ], [ 42.046576945000027, 7.668831210000064 ], [ 42.046220026000071, 7.667915118000053 ], [ 42.045821386000057, 7.666412844000035 ], [ 42.04569719400007, 7.665680129000066 ], [ 42.045532170000058, 7.664706508000052 ], [ 42.045303933000071, 7.664595770000062 ], [ 42.045266459000061, 7.664275535000058 ], [ 42.045220994000033, 7.663887019000072 ], [ 42.04517306300005, 7.663477423000074 ], [ 42.045174720000034, 7.663446411000052 ], [ 42.045193046000065, 7.663103374000059 ], [ 42.045202381000081, 7.662928643000043 ], [ 42.045209199000055, 7.66280101600006 ], [ 42.044958491000045, 7.661321864000058 ], [ 42.044744760000071, 7.661002784000061 ], [ 42.044554403000063, 7.660645865000049 ], [ 42.044340251000051, 7.659705977000044 ], [ 42.044113635000031, 7.658480763000057 ], [ 42.043852462000075, 7.657207543000027 ], [ 42.043483646000027, 7.656243862000053 ], [ 42.043310772000041, 7.655765578000057 ], [ 42.043126726000025, 7.65525638500003 ], [ 42.043101557000057, 7.655159682000033 ], [ 42.042829294000057, 7.654126141000063 ], [ 42.042995856000061, 7.653840606000074 ], [ 42.042924472000038, 7.653019692000044 ], [ 42.042960164000078, 7.652091702000064 ], [ 42.043324355000038, 7.651394316000051 ], [ 42.043519337000077, 7.651020945000027 ], [ 42.044601992000025, 7.649736036000036 ], [ 42.045553777000066, 7.648855635000075 ], [ 42.046184334000031, 7.648689073000071 ], [ 42.04650556100006, 7.648712868000075 ], [ 42.046695918000069, 7.64815369400003 ], [ 42.046684021000033, 7.647392267000043 ], [ 42.046933864000039, 7.646916375000046 ], [ 42.046731610000052, 7.645048498000051 ], [ 42.046338999000056, 7.64307354500005 ], [ 42.045886901000074, 7.641681560000052 ], [ 42.046101053000029, 7.640265781000039 ], [ 42.046695918000069, 7.639123640000037 ], [ 42.047088529000064, 7.638588261000052 ], [ 42.047017145000041, 7.637434222000024 ], [ 42.046862480000073, 7.636351568000066 ], [ 42.046600739000041, 7.634959583000068 ], [ 42.04623192300005, 7.634198155000036 ], [ 42.046053463000078, 7.633508112000072 ], [ 42.045672750000051, 7.632282689000021 ], [ 42.045363420000058, 7.631259521000061 ], [ 42.044792349000033, 7.630581375000077 ], [ 42.04304344500008, 7.628404168000031 ], [ 42.042008380000027, 7.627511870000035 ], [ 42.041423054000063, 7.62708617800007 ], [ 42.040830546000052, 7.626655264000021 ], [ 42.040649185000063, 7.626516080000044 ], [ 42.040318962000072, 7.626262653000026 ], [ 42.039771686000051, 7.625560712000038 ], [ 42.039712200000054, 7.624858771000049 ], [ 42.040033427000026, 7.623419197000032 ], [ 42.040076818000045, 7.62312124400006 ], [ 42.040211887000055, 7.622193775000028 ], [ 42.039950146000081, 7.621111120000023 ], [ 42.039902557000062, 7.620397282000056 ], [ 42.039866865000079, 7.619885698000076 ], [ 42.039735994000068, 7.619290832000047 ], [ 42.039486151000062, 7.618517507000035 ], [ 42.039081643000031, 7.61719690700005 ], [ 42.038724724000076, 7.61641168400007 ], [ 42.038260729000058, 7.615555078000057 ], [ 42.038082269000029, 7.61475795900003 ], [ 42.038106064000033, 7.613984634000076 ], [ 42.038129858000048, 7.612533163000023 ], [ 42.038296421000041, 7.610855643000036 ], [ 42.038427291000062, 7.60954693900004 ], [ 42.038677134000068, 7.608404798000038 ], [ 42.038677134000068, 7.607310246000054 ], [ 42.038724724000076, 7.605870672000037 ], [ 42.038808005000078, 7.605109245000051 ], [ 42.038700929000072, 7.603693465000049 ], [ 42.038510572000064, 7.602325275000055 ], [ 42.038415394000026, 7.601504361000025 ], [ 42.038332112000035, 7.599969609000027 ], [ 42.038248831000033, 7.598660905000031 ], [ 42.038462983000045, 7.597958964000043 ], [ 42.038391599000079, 7.596888207000063 ], [ 42.03807037200005, 7.595436736000067 ], [ 42.037546890000044, 7.594151827000076 ], [ 42.036892539000064, 7.593307118000041 ], [ 42.036285776000057, 7.592545691000055 ], [ 42.035322094000037, 7.591927031000068 ], [ 42.034531467000079, 7.591822080000043 ], [ 42.033977699000047, 7.591748571000039 ], [ 42.033109196000055, 7.591617701000075 ], [ 42.031907568000065, 7.591272679000042 ], [ 42.030610761000048, 7.590630224000051 ], [ 42.029873129000066, 7.589726029000076 ], [ 42.02934964700006, 7.58851250400005 ], [ 42.029074870000045, 7.587561353000069 ], [ 42.029040317000067, 7.587441747000071 ], [ 42.029030462000037, 7.587382614000035 ], [ 42.028909447000046, 7.586656525000024 ], [ 42.028957036000065, 7.585930789000031 ], [ 42.028933241000061, 7.585550075000072 ], [ 42.028397863000066, 7.584265166000023 ], [ 42.028356417000055, 7.584138239000026 ], [ 42.02801714900005, 7.583099230000073 ], [ 42.027814895000063, 7.581564478000075 ], [ 42.027757755000039, 7.580847638000023 ], [ 42.027684024000052, 7.579922650000071 ], [ 42.02746987300003, 7.578423589000067 ], [ 42.02732710500004, 7.577828724000028 ], [ 42.027172440000072, 7.577340935000052 ], [ 42.027576949000036, 7.576555713000062 ], [ 42.028148019000071, 7.575937053000075 ], [ 42.028778576000036, 7.575532544000055 ], [ 42.029587593000031, 7.575044755000022 ], [ 42.030241945000057, 7.574461787000075 ], [ 42.030539378000071, 7.574081073000059 ], [ 42.03096768100005, 7.573605181000062 ], [ 42.031372189000081, 7.572986521000075 ], [ 42.031443573000047, 7.572451142000034 ], [ 42.031205627000077, 7.571868174000031 ], [ 42.030717837000054, 7.570892595000032 ], [ 42.030301432000044, 7.570262038000067 ], [ 42.029777950000039, 7.569060410000077 ], [ 42.029278263000037, 7.567382890000033 ], [ 42.028849960000059, 7.565491219000023 ], [ 42.028823632000069, 7.563389865000033 ], [ 42.028748833000066, 7.562463355000034 ], [ 42.028290401000049, 7.562093101000073 ], [ 42.027721821000057, 7.562507252000046 ], [ 42.026451189000056, 7.56384926800007 ], [ 42.025580306000052, 7.564820088000033 ], [ 42.024124076000078, 7.566233488000023 ], [ 42.022596462000081, 7.567332799000042 ], [ 42.020968911000068, 7.568203682000046 ], [ 42.02005519800008, 7.568175128000064 ], [ 42.018413369000029, 7.567518397000072 ], [ 42.017057077000061, 7.566190658000039 ], [ 42.016471729000045, 7.564948579000031 ], [ 42.016400345000079, 7.563549456000032 ], [ 42.016628774000026, 7.56177913700003 ], [ 42.017035369000041, 7.560675522000054 ], [ 42.017328335000059, 7.55988032700003 ], [ 42.018638423000027, 7.557294070000069 ], [ 42.019312806000073, 7.555982770000071 ], [ 42.020212242000071, 7.553984023000055 ], [ 42.021796963000043, 7.552213704000053 ], [ 42.023281747000055, 7.550828857000056 ], [ 42.023710050000034, 7.549572502000046 ], [ 42.023681496000052, 7.547959227000035 ], [ 42.02348162100003, 7.546231739000063 ], [ 42.022467971000026, 7.545232365000061 ], [ 42.021125955000059, 7.544746955000051 ], [ 42.020602565000047, 7.544672185000024 ], [ 42.019127208000043, 7.544461420000061 ], [ 42.01752821000008, 7.544618464000052 ], [ 42.016180245000044, 7.544946830000072 ], [ 42.015014309000037, 7.545410825000033 ], [ 42.01306315100004, 7.545696360000022 ], [ 42.01171875600005, 7.54588671700003 ], [ 42.009624830000064, 7.546100868000053 ], [ 42.007649878000052, 7.545934306000049 ], [ 42.005889076000074, 7.54561307900002 ], [ 42.00424724800007, 7.545018214000038 ], [ 42.002664907000053, 7.543864175000067 ], [ 42.000927900000079, 7.542115271000057 ], [ 41.999464532000047, 7.540199805000043 ], [ 41.998322390000055, 7.53905766400004 ], [ 41.99723973600004, 7.538248647000046 ], [ 41.995728778000057, 7.537570501000062 ], [ 41.994681815000035, 7.537094609000064 ], [ 41.994217820000074, 7.536594922000063 ], [ 41.994027463000066, 7.535940570000037 ], [ 41.993420701000048, 7.535619343000064 ], [ 41.991457645000025, 7.534798429000034 ], [ 41.989589769000077, 7.534025104000023 ], [ 41.987817070000062, 7.533656287000042 ], [ 41.985485198000049, 7.533644390000063 ], [ 41.983462656000029, 7.53426305000005 ], [ 41.982606051000062, 7.535024477000036 ], [ 41.981666163000057, 7.536618716000021 ], [ 41.980666790000043, 7.538450901000033 ], [ 41.979500854000037, 7.54040205900003 ], [ 41.978299226000047, 7.541805941000064 ], [ 41.977026214000034, 7.542924288000052 ], [ 41.976288582000052, 7.543186029000026 ], [ 41.975194029000079, 7.543661921000023 ], [ 41.974051888000076, 7.544435246000035 ], [ 41.972838363000051, 7.545172879000063 ], [ 41.971922271000039, 7.54588671700003 ], [ 41.970946692000041, 7.546838501000025 ], [ 41.969578502000047, 7.54750475000003 ], [ 41.968472052000038, 7.547754594000025 ], [ 41.96753216500008, 7.548028232000036 ], [ 41.967068170000061, 7.548016335000057 ], [ 41.966378126000052, 7.547516648000055 ], [ 41.965771364000034, 7.547112139000035 ], [ 41.965057526000066, 7.546874193000065 ], [ 41.96416522800007, 7.546802809000042 ], [ 41.963594157000045, 7.546909885000048 ], [ 41.963165854000067, 7.547243010000045 ], [ 41.962365800000043, 7.547609090000037 ], [ 41.960067241000047, 7.547808965000058 ], [ 41.958225538000079, 7.548037393000072 ], [ 41.95678358400005, 7.54830865100007 ], [ 41.955612890000054, 7.548251544000038 ], [ 41.954242320000048, 7.547423492000064 ], [ 41.953100179000046, 7.54608147600004 ], [ 41.952814644000057, 7.544254050000063 ], [ 41.953085902000055, 7.542041151000035 ], [ 41.953399991000026, 7.539428503000067 ], [ 41.953257223000037, 7.536887239000066 ], [ 41.95220893700008, 7.534507532000021 ], [ 41.950958664000041, 7.534003332000054 ], [ 41.948931363000042, 7.533789180000042 ], [ 41.94778922200004, 7.533275217000039 ], [ 41.946118840000054, 7.532461441000066 ], [ 41.945219404000056, 7.532889744000045 ], [ 41.943920218000073, 7.533832011000072 ], [ 41.942535372000066, 7.535245410000073 ], [ 41.940665116000048, 7.537886612000023 ], [ 41.939094671000078, 7.538757495000027 ], [ 41.936624791000042, 7.539342842000053 ], [ 41.935068623000063, 7.539071584000055 ], [ 41.934083526000052, 7.53852906700007 ], [ 41.932941385000049, 7.537172774000055 ], [ 41.932256100000075, 7.535873588000072 ], [ 41.931556539000042, 7.534003332000054 ], [ 41.930685656000037, 7.532290120000027 ], [ 41.929529238000043, 7.53030564900007 ], [ 41.928644079000037, 7.528349732000038 ], [ 41.92774464200005, 7.52715048400006 ], [ 41.92695942000006, 7.526108280000074 ], [ 41.926274135000028, 7.525365888000067 ], [ 41.925317592000056, 7.524366515000054 ], [ 41.92443243300005, 7.523552739000024 ], [ 41.923133247000067, 7.522881731000041 ], [ 41.921691294000027, 7.522496258000047 ], [ 41.920477768000069, 7.522167893000073 ], [ 41.91937845700005, 7.521925188000068 ], [ 41.917679522000071, 7.521725313000047 ], [ 41.915352409000036, 7.52179669700007 ], [ 41.914010393000069, 7.522225 ], [ 41.912582717000078, 7.522953115000064 ], [ 41.911526236000043, 7.523452802000065 ], [ 41.910612523000054, 7.52428085400004 ], [ 41.91022705000006, 7.525151737000044 ], [ 41.909770194000032, 7.526251048000063 ], [ 41.909284784000079, 7.528449670000043 ], [ 41.908987351000064, 7.53045555500006 ], [ 41.908832686000039, 7.531478724000067 ], [ 41.908404383000061, 7.532680351000067 ], [ 41.907654853000054, 7.533739212000057 ], [ 41.90652460900003, 7.534726688000035 ], [ 41.905263495000042, 7.535511910000025 ], [ 41.903240953000079, 7.536511284000028 ], [ 41.901706201000025, 7.537296506000075 ], [ 41.900980465000032, 7.537855679000074 ], [ 41.900254729000039, 7.538843155000052 ], [ 41.899005512000031, 7.540354113000035 ], [ 41.898006139000074, 7.540865697000072 ], [ 41.896756922000066, 7.541056054000023 ], [ 41.895555294000076, 7.54078241600007 ], [ 41.894710585000041, 7.540223243000071 ], [ 41.892937887000073, 7.53875987400005 ], [ 41.891569697000079, 7.53677302400007 ], [ 41.891022421000059, 7.534655304000069 ], [ 41.89084396100003, 7.531966513000043 ], [ 41.891284161000044, 7.529004084000064 ], [ 41.891795745000024, 7.527457435000031 ], [ 41.892414405000068, 7.525827504000063 ], [ 41.892604762000076, 7.524875719000022 ], [ 41.891926616000035, 7.523804962000042 ], [ 41.890296685000067, 7.52307922600005 ], [ 41.889047468000058, 7.52253195000003 ], [ 41.887405640000054, 7.521960880000051 ], [ 41.885823298000048, 7.522127442000055 ], [ 41.883622297000045, 7.522579539000048 ], [ 41.880778841000051, 7.523614605000034 ], [ 41.87935116400007, 7.524495006000052 ], [ 41.877162060000046, 7.526208218000022 ], [ 41.872926620000044, 7.529313414000057 ], [ 41.87115392100003, 7.530146225000067 ], [ 41.869464504000064, 7.530800577000036 ], [ 41.867632319000052, 7.531193188000032 ], [ 41.866109464000033, 7.531276469000034 ], [ 41.863551543000028, 7.531169394000074 ], [ 41.861659872000075, 7.531573902000048 ], [ 41.860508022000033, 7.532005004000041 ], [ 41.859625433000076, 7.532335330000024 ], [ 41.858459497000069, 7.532965887000046 ], [ 41.85707940900005, 7.53442925500002 ], [ 41.856630858000074, 7.535700707000046 ], [ 41.856306085000028, 7.536820614000021 ], [ 41.856246598000041, 7.537593938000043 ], [ 41.856460750000053, 7.538581415000067 ], [ 41.85707940900005, 7.540175654000052 ], [ 41.857422340000028, 7.540945629000021 ], [ 41.858340524000027, 7.54300721200002 ], [ 41.859256616000039, 7.545553235000057 ], [ 41.859616913000025, 7.547413845000051 ], [ 41.859946660000048, 7.549622114000044 ], [ 41.859708714000078, 7.551049790000036 ], [ 41.859339897000041, 7.552953359000071 ], [ 41.858756929000037, 7.554690366000045 ], [ 41.857686172000058, 7.556260810000026 ], [ 41.855818295000063, 7.558319044000029 ], [ 41.854414413000029, 7.559592055000053 ], [ 41.851797006000027, 7.561448035000069 ], [ 41.850012410000033, 7.562280846000021 ], [ 41.849120112000037, 7.562840020000067 ], [ 41.848382479000065, 7.56342298800007 ], [ 41.847680538000077, 7.563815599000066 ], [ 41.846193375000041, 7.564517540000054 ], [ 41.844599136000056, 7.564922048000028 ], [ 41.843885298000032, 7.565088610000032 ], [ 41.842517108000038, 7.564993432000051 ], [ 41.840423182000052, 7.564898253000024 ], [ 41.838507716000038, 7.564779280000039 ], [ 41.836175844000024, 7.564577026000052 ], [ 41.83471247600005, 7.564517540000054 ], [ 41.830941030000076, 7.564303388000042 ], [ 41.828870899000037, 7.564160621000042 ], [ 41.826705590000074, 7.564374772000065 ], [ 41.824671151000075, 7.564624615000071 ], [ 41.823410036000041, 7.564945843000032 ], [ 41.822601019000047, 7.56527896700004 ], [ 41.821506467000063, 7.565457427000069 ], [ 41.820530888000064, 7.565683476000061 ], [ 41.819507720000047, 7.566076087000056 ], [ 41.818413168000063, 7.566623363000076 ], [ 41.816914108000049, 7.567313406000039 ], [ 41.816259756000079, 7.567360996000048 ], [ 41.815557815000034, 7.567420482000045 ], [ 41.814641722000033, 7.567813093000041 ], [ 41.813797014000045, 7.56822949900004 ], [ 41.812761948000059, 7.569145591000051 ], [ 41.812036213000056, 7.569942711000067 ], [ 41.811369963000061, 7.570823111000038 ], [ 41.810810790000062, 7.57187007400006 ], [ 41.810430076000046, 7.573166880000031 ], [ 41.810061260000055, 7.574487481000062 ], [ 41.809751930000061, 7.576474331000043 ], [ 41.809430703000032, 7.577759240000034 ], [ 41.80874065900008, 7.578532565000046 ], [ 41.807705594000026, 7.579329684000072 ], [ 41.806289814000024, 7.579793679000034 ], [ 41.802649239000061, 7.579722296000057 ], [ 41.800971719000074, 7.579389171000059 ], [ 41.799544042000036, 7.579079841000066 ], [ 41.798318620000032, 7.579044149000026 ], [ 41.79721217000008, 7.579436760000021 ], [ 41.796569716000079, 7.579876960000036 ], [ 41.79532049900007, 7.581423610000058 ], [ 41.794559071000037, 7.58216124300003 ], [ 41.794071282000061, 7.583148719000064 ], [ 41.793738157000064, 7.584409834000041 ], [ 41.793202779000069, 7.585599564000063 ], [ 41.792393762000074, 7.586515657000064 ], [ 41.790811420000068, 7.589335318000053 ], [ 41.79020465800005, 7.590001567000058 ], [ 41.788110732000064, 7.591357860000073 ], [ 41.786647364000032, 7.591881341000033 ], [ 41.781674290000069, 7.593416094000077 ], [ 41.779294829000037, 7.594141829000023 ], [ 41.777450747000046, 7.595200689000023 ], [ 41.776118249000035, 7.596342831000072 ], [ 41.774547804000065, 7.597294615000067 ], [ 41.773060641000029, 7.59787758300007 ], [ 41.770490823000046, 7.598472448000052 ], [ 41.768230335000055, 7.598698497000044 ], [ 41.766540918000032, 7.598674702000039 ], [ 41.763376235000067, 7.599043519000077 ], [ 41.761674920000075, 7.599388541000053 ], [ 41.760616060000075, 7.599793049000027 ], [ 41.759438227000032, 7.600685347000024 ], [ 41.758557826000072, 7.60133969900005 ], [ 41.757760707000045, 7.601518158000033 ], [ 41.757261020000044, 7.601696618000062 ], [ 41.756713744000081, 7.602434251000034 ], [ 41.755631089000076, 7.603707262000057 ], [ 41.754726894000044, 7.605408577000048 ], [ 41.754369975000031, 7.606634 ], [ 41.754132029000061, 7.608216341000059 ], [ 41.753787007000028, 7.610500624000053 ], [ 41.75363234200006, 7.611642765000056 ], [ 41.753501472000039, 7.613129928000035 ], [ 41.753263526000069, 7.614462426000046 ], [ 41.753001785000038, 7.615699746000075 ], [ 41.752347433000068, 7.617722288000039 ], [ 41.751752568000029, 7.619019094000066 ], [ 41.751145805000078, 7.619875700000023 ], [ 41.750408173000039, 7.620827484000074 ], [ 41.749492080000039, 7.621113020000053 ], [ 41.747564717000046, 7.621350966000023 ], [ 41.746517754000081, 7.621041636000029 ], [ 41.744245369000055, 7.619685343000071 ], [ 41.742663027000049, 7.618626483000071 ], [ 41.74168744800005, 7.617674699000077 ], [ 41.740402539000058, 7.616734811000072 ], [ 41.738677430000052, 7.615723541000023 ], [ 41.736928526000042, 7.614831243000026 ], [ 41.73458475700005, 7.614260172000058 ], [ 41.732895340000027, 7.614093610000054 ], [ 41.731205922000072, 7.614010329000052 ], [ 41.730325522000044, 7.614224480000075 ], [ 41.728755077000073, 7.614736064000056 ], [ 41.727410682000027, 7.615354724000042 ], [ 41.725840238000046, 7.61623512500006 ], [ 41.724924145000045, 7.617151217000071 ], [ 41.723853388000066, 7.618150591000074 ], [ 41.722616068000036, 7.618555099000048 ], [ 41.721909224000058, 7.619261943000026 ], [ 41.721140802000036, 7.620030365000048 ], [ 41.720617321000077, 7.621041636000029 ], [ 41.720177120000074, 7.621969626000066 ], [ 41.719915380000032, 7.623111767000069 ], [ 41.719998661000034, 7.624587033000068 ], [ 41.720438861000048, 7.625967120000041 ], [ 41.721140802000036, 7.627109261000044 ], [ 41.722175868000079, 7.628263300000071 ], [ 41.723851161000027, 7.630206641000029 ], [ 41.725507113000049, 7.632034746000045 ], [ 41.726173362000054, 7.633164990000068 ], [ 41.726368645000036, 7.633595222000054 ], [ 41.72693479000003, 7.634842510000055 ], [ 41.727289711000026, 7.636313953000069 ], [ 41.727505860000065, 7.637210073000062 ], [ 41.72748206600005, 7.63856636600002 ], [ 41.72707755700003, 7.641171876000044 ], [ 41.72655407600007, 7.64220694200003 ], [ 41.725745059000076, 7.643396672000051 ], [ 41.724793275000025, 7.644241381000029 ], [ 41.723722517000056, 7.645097987000042 ], [ 41.722865911000042, 7.645776133000027 ], [ 41.719962969000051, 7.646597047000057 ], [ 41.717761968000048, 7.646834993000027 ], [ 41.716120139000054, 7.646525663000034 ], [ 41.71327668400005, 7.645514392000052 ], [ 41.708803297000031, 7.64353944000004 ], [ 41.704900981000037, 7.642064174000041 ], [ 41.702581006000059, 7.641159979000065 ], [ 41.701296097000068, 7.640612703000045 ], [ 41.700403799000071, 7.640517524000074 ], [ 41.698119517000066, 7.640303373000052 ], [ 41.696013694000044, 7.640826854000068 ], [ 41.694288585000038, 7.641838125000049 ], [ 41.69392356000003, 7.642134377000048 ], [ 41.693467671000064, 7.642504374000055 ], [ 41.692956087000027, 7.643325288000028 ], [ 41.691944816000046, 7.644622094000056 ], [ 41.690814572000079, 7.646180641000058 ], [ 41.690029349000042, 7.647727291000024 ], [ 41.690076939000051, 7.648881330000052 ], [ 41.690314885000078, 7.65040418500007 ], [ 41.691064415000028, 7.652057910000053 ], [ 41.692063789000031, 7.653509381000049 ], [ 41.69371751400007, 7.655686588000037 ], [ 41.695264164000037, 7.65723323800006 ], [ 41.696430100000043, 7.658244509000042 ], [ 41.697466432000056, 7.659249437000028 ], [ 41.699452015000077, 7.661147451000033 ], [ 41.700570362000065, 7.662349079000023 ], [ 41.701450762000036, 7.663574501000028 ], [ 41.702009936000024, 7.664443005000066 ], [ 41.702640493000047, 7.66577550300002 ], [ 41.70284233600006, 7.666826965000041 ], [ 41.703152077000027, 7.668440499000042 ], [ 41.703056898000057, 7.670308376000037 ], [ 41.70271187700007, 7.671093598000027 ], [ 41.701724400000046, 7.672414199000059 ], [ 41.701224714000034, 7.673282702000051 ], [ 41.700427594000075, 7.674650892000045 ], [ 41.698952328000075, 7.675424217000057 ], [ 41.696751327000072, 7.676316515000053 ], [ 41.695454521000045, 7.676340310000057 ], [ 41.694312379000053, 7.676459283000042 ], [ 41.69289660000004, 7.67651876900004 ], [ 41.691575999000065, 7.67624513100003 ], [ 41.689446382000028, 7.675995288000024 ], [ 41.687626094000052, 7.675876315000039 ], [ 41.685603552000032, 7.675900109000054 ], [ 41.683878443000026, 7.675983391000045 ], [ 41.682319896000081, 7.676090466000062 ], [ 41.68003561300003, 7.67610236400003 ], [ 41.678465169000049, 7.675935801000037 ], [ 41.67725164400008, 7.676090466000062 ], [ 41.676097605000052, 7.676459283000042 ], [ 41.674634237000078, 7.676875688000052 ], [ 41.673875791000057, 7.677262663000022 ], [ 41.673470204000068, 7.677469602000031 ], [ 41.672742089000053, 7.678326208000044 ], [ 41.671771269000033, 7.679896652000025 ], [ 41.671514288000026, 7.681081624000058 ], [ 41.671342966000054, 7.682537854000032 ], [ 41.671528564000027, 7.683722825000075 ], [ 41.672142465000036, 7.686064215000044 ], [ 41.672442277000073, 7.687420508000059 ], [ 41.672913411000025, 7.68917655000007 ], [ 41.672827750000067, 7.690604227000051 ], [ 41.673127562000047, 7.691389449000042 ], [ 41.673198469000056, 7.693628086000047 ], [ 41.673227499000063, 7.694544614000051 ], [ 41.672913411000025, 7.695815246000052 ], [ 41.672727813000051, 7.69754273500007 ], [ 41.672627875000046, 7.698570662000066 ], [ 41.67192831400007, 7.698870474000046 ], [ 41.671557118000067, 7.699327331000063 ], [ 41.670986047000042, 7.700455195000075 ], [ 41.670457807000048, 7.701411739000037 ], [ 41.669301389000054, 7.70275375500006 ], [ 41.667602454000075, 7.704124324000077 ], [ 41.666446036000025, 7.704424136000057 ], [ 41.661877470000036, 7.705866090000029 ], [ 41.659536081000056, 7.706922570000074 ], [ 41.657837146000077, 7.706865463000042 ], [ 41.65549575600005, 7.706794079000076 ], [ 41.654544950000059, 7.707284246000029 ], [ 41.653197197000054, 7.707979051000052 ], [ 41.652312037000058, 7.708921317000033 ], [ 41.651712413000041, 7.710220503000073 ], [ 41.650927191000051, 7.711119939000071 ], [ 41.65077014600007, 7.712576170000034 ], [ 41.651241280000079, 7.714346489000036 ], [ 41.651926565000053, 7.716545111000073 ], [ 41.65196418000005, 7.716981454000063 ], [ 41.652069332000053, 7.718201215000022 ], [ 41.652112162000037, 7.71885794700006 ], [ 41.651655306000066, 7.719900151000047 ], [ 41.65106995900004, 7.720685373000038 ], [ 41.650070585000037, 7.721584809000035 ], [ 41.649056935000033, 7.722355754000034 ], [ 41.648043284000039, 7.723012486000073 ], [ 41.646430010000074, 7.725154 ], [ 41.645630511000036, 7.726424633000022 ], [ 41.644031513000073, 7.727266962000044 ], [ 41.642446792000044, 7.728137845000049 ], [ 41.640690750000033, 7.729165772000044 ], [ 41.639063198000031, 7.729508414000065 ], [ 41.636793193000074, 7.730493511000077 ], [ 41.635237025000038, 7.731107412000028 ], [ 41.633652304000066, 7.732292383000072 ], [ 41.631853431000025, 7.733563016000062 ], [ 41.63072556700007, 7.733962765000058 ], [ 41.629883238000048, 7.733448801000065 ], [ 41.628569775000074, 7.733919935000074 ], [ 41.627246586000069, 7.73528747000006 ], [ 41.625957127000049, 7.73744629600003 ], [ 41.625314673000048, 7.739730579000025 ], [ 41.624809221000078, 7.742464009000059 ], [ 41.625000584000077, 7.744070715000021 ], [ 41.624857816000031, 7.745541222000043 ], [ 41.624800709000056, 7.748053933000051 ], [ 41.624315299000045, 7.749181798000052 ], [ 41.624143978000063, 7.75053809000002 ], [ 41.623787059000051, 7.753593318000071 ], [ 41.623173158000043, 7.755649173000052 ], [ 41.622644917000059, 7.756691377000038 ], [ 41.621973909000076, 7.756819867000047 ], [ 41.62157416000008, 7.757133956000075 ], [ 41.620988813000054, 7.758347481000044 ], [ 41.620103653000058, 7.759461069000054 ], [ 41.619090003000053, 7.760046417000069 ], [ 41.617562389000057, 7.760774532000028 ], [ 41.615920561000053, 7.761745352000048 ], [ 41.615339972000072, 7.762297387000046 ], [ 41.613793322000049, 7.763046917000054 ], [ 41.61230615900007, 7.763629885000057 ], [ 41.610807099000056, 7.764950486000032 ], [ 41.610021877000065, 7.765616735000037 ], [ 41.609807725000053, 7.766187805000072 ], [ 41.609331833000056, 7.766794568000023 ], [ 41.609021864000056, 7.767268132000027 ], [ 41.608903530000077, 7.767448920000049 ], [ 41.608565297000041, 7.768070098000067 ], [ 41.607666210000048, 7.769721305000076 ], [ 41.607309291000036, 7.771065701000055 ], [ 41.607452059000025, 7.77224353400004 ], [ 41.607582929000046, 7.77358792900003 ], [ 41.607761389000075, 7.774194692000037 ], [ 41.607594827000071, 7.775241655000059 ], [ 41.608403843000076, 7.777240402000075 ], [ 41.60893922200006, 7.778715668000075 ], [ 41.609605471000066, 7.780060063000064 ], [ 41.610426385000039, 7.781047539000042 ], [ 41.611425759000042, 7.782332448000034 ], [ 41.613150868000048, 7.783926687000076 ], [ 41.614114550000068, 7.785509029000025 ], [ 41.61470941500005, 7.786901014000023 ], [ 41.615113923000081, 7.787246035000067 ], [ 41.615280486000074, 7.787936079000076 ], [ 41.615399459000059, 7.789613599000063 ], [ 41.615815864000069, 7.79036312900007 ], [ 41.615966988000025, 7.791035630000067 ], [ 41.616053810000039, 7.791421989000071 ], [ 41.615708789000053, 7.792290493000053 ], [ 41.615054437000026, 7.794324932000052 ], [ 41.614602339000044, 7.795847787000071 ], [ 41.614840285000071, 7.797501512000053 ], [ 41.61429300900005, 7.79839381000005 ], [ 41.614721312000029, 7.799274211000068 ], [ 41.614804593000031, 7.800011844000039 ], [ 41.614673723000067, 7.801153985000042 ], [ 41.614281112000072, 7.802070077000053 ], [ 41.61360296600003, 7.803224116000024 ], [ 41.612092008000047, 7.804675587000077 ], [ 41.610985558000039, 7.805960496000068 ], [ 41.609831520000057, 7.806793308000067 ], [ 41.608725070000048, 7.807864065000047 ], [ 41.607404470000063, 7.809874710000031 ], [ 41.607023756000046, 7.810053169000071 ], [ 41.606641298000056, 7.810120267000059 ], [ 41.606345609000073, 7.810172142000056 ], [ 41.605679360000067, 7.810695624000061 ], [ 41.604763268000056, 7.811790176000045 ], [ 41.604453938000063, 7.812801447000027 ], [ 41.604049430000032, 7.814026869000031 ], [ 41.604120813000065, 7.815537827000071 ], [ 41.603787689000058, 7.816941709000048 ], [ 41.604049430000032, 7.818262310000023 ], [ 41.60492983000006, 7.819844651000039 ], [ 41.605286749000072, 7.821224739000058 ], [ 41.605381928000043, 7.822069447000047 ], [ 41.604941727000039, 7.822557237000069 ], [ 41.605179674000055, 7.823461432000045 ], [ 41.605917307000027, 7.825947969000026 ], [ 41.60613145800005, 7.827911024000059 ], [ 41.606253904000027, 7.828305574000069 ], [ 41.606880988000057, 7.830326177000074 ], [ 41.607095140000069, 7.83159918900003 ], [ 41.60667873400007, 7.833145838000064 ], [ 41.606083869000031, 7.835406326000054 ], [ 41.605929204000063, 7.836417597000036 ], [ 41.605370030000074, 7.837345587000073 ], [ 41.605013111000062, 7.83805942500004 ], [ 41.605072598000049, 7.838523420000058 ], [ 41.604965522000043, 7.838987415000076 ], [ 41.604311170000074, 7.83953469100004 ], [ 41.603383181000027, 7.840189043000066 ], [ 41.602586061000068, 7.840962368000021 ], [ 41.602360012000076, 7.841652411000041 ], [ 41.601741352000033, 7.84303249900006 ], [ 41.600932336000028, 7.844222229000025 ], [ 41.600515930000029, 7.844448278000073 ], [ 41.599480864000043, 7.844769505000045 ], [ 41.598826513000063, 7.845388165000031 ], [ 41.597910420000062, 7.846447025000032 ], [ 41.597791447000077, 7.846958609000069 ], [ 41.597958009000081, 7.847779523000042 ], [ 41.597422631000029, 7.848993048000068 ], [ 41.596197208000035, 7.850111395000056 ], [ 41.595197835000079, 7.851455791000035 ], [ 41.594567278000056, 7.852645521000056 ], [ 41.593008731000054, 7.853918533000069 ], [ 41.592497146000028, 7.855013085000053 ], [ 41.592520941000032, 7.855786410000064 ], [ 41.592330584000081, 7.856369378000068 ], [ 41.592033152000056, 7.857083216000035 ], [ 41.590367529000048, 7.858606071000054 ], [ 41.588571036000076, 7.859284217000038 ], [ 41.58698869400007, 7.859308012000042 ], [ 41.584668720000025, 7.858011206000072 ], [ 41.583395708000069, 7.857011832000069 ], [ 41.582848432000048, 7.855548464000037 ], [ 41.582027518000075, 7.853882841000029 ], [ 41.580897274000051, 7.852252910000061 ], [ 41.580231025000046, 7.851372509000043 ], [ 41.579517187000079, 7.849897244000033 ], [ 41.578160894000064, 7.849242892000063 ], [ 41.576495271000056, 7.849088227000038 ], [ 41.57531743800007, 7.84917150800004 ], [ 41.574460832000057, 7.848778897000045 ], [ 41.574008734000074, 7.849230995000028 ], [ 41.573554947000048, 7.849617235000039 ], [ 41.573300122000035, 7.85028853600005 ], [ 41.573413869000035, 7.850908515000071 ], [ 41.573342485000069, 7.851658045000022 ], [ 41.572866593000072, 7.85239567800005 ], [ 41.572346395000068, 7.852800995000052 ], [ 41.572414496000079, 7.854180273000054 ], [ 41.572212241000045, 7.855952972000068 ], [ 41.572247933000028, 7.85723788100006 ], [ 41.572533469000064, 7.857761362000076 ], [ 41.572890388000076, 7.858189665000054 ], [ 41.573116437000067, 7.858808325000041 ], [ 41.573140231000025, 7.859557855000048 ], [ 41.572807107000074, 7.860450153000045 ], [ 41.572807107000074, 7.861045018000027 ], [ 41.572735723000051, 7.86204439200003 ], [ 41.57236690600007, 7.862960485000031 ], [ 41.571141484000066, 7.864947335000068 ], [ 41.570451440000056, 7.86632742200004 ], [ 41.570403851000037, 7.866862801000025 ], [ 41.570689386000026, 7.86756474200007 ], [ 41.56941637500006, 7.869515900000067 ], [ 41.567084503000046, 7.872311766000053 ], [ 41.566727584000034, 7.87370375100005 ], [ 41.566097027000069, 7.874822098000038 ], [ 41.565478367000026, 7.875226606000069 ], [ 41.565050064000047, 7.87638064500004 ], [ 41.565359394000041, 7.877736937000066 ], [ 41.56499057700006, 7.879093230000024 ], [ 41.565002475000028, 7.879664301000048 ], [ 41.564796047000073, 7.880357897000067 ], [ 41.564217252000049, 7.882781395000052 ], [ 41.564383815000042, 7.883578514000021 ], [ 41.564408555000057, 7.884753687000057 ], [ 41.564431404000061, 7.885839002000068 ], [ 41.564645555000027, 7.886909760000037 ], [ 41.565180934000068, 7.887730674000068 ], [ 41.565692518000048, 7.888385025000048 ], [ 41.566037540000025, 7.889229734000025 ], [ 41.565490264000061, 7.89072879500003 ], [ 41.565835286000038, 7.891704374000028 ], [ 41.567051783000068, 7.892968890000077 ], [ 41.567643676000046, 7.893584148000059 ], [ 41.567822136000075, 7.894214705000024 ], [ 41.567703163000033, 7.894964235000032 ], [ 41.567262962000029, 7.89593981400003 ], [ 41.566061335000029, 7.897581642000034 ], [ 41.565157139000064, 7.899045011000055 ], [ 41.564740734000054, 7.900068179000073 ], [ 41.56484781000006, 7.900436995000064 ], [ 41.565097653000066, 7.900889093000046 ], [ 41.564895399000079, 7.901507753000033 ], [ 41.564050690000045, 7.902780765000045 ], [ 41.562979933000065, 7.904351209000026 ], [ 41.562218505000033, 7.905398172000048 ], [ 41.561421386000063, 7.906445134000023 ], [ 41.560778931000073, 7.90750399500007 ], [ 41.560350628000037, 7.908075065000048 ], [ 41.559529714000064, 7.908610444000033 ], [ 41.558780184000057, 7.909455153000067 ], [ 41.55815274400004, 7.91033473400006 ], [ 41.55737630200008, 7.911977381000042 ], [ 41.55737630200008, 7.913464544000021 ], [ 41.557697529000052, 7.915284832000054 ], [ 41.557994962000066, 7.916914763000023 ], [ 41.558601724000027, 7.918080699000029 ], [ 41.559227370000031, 7.919135352000069 ], [ 41.559815250000042, 7.919603554000048 ], [ 41.560671855000066, 7.919984268000064 ], [ 41.561123953000049, 7.920507749000024 ], [ 41.561231029000055, 7.921043128000065 ], [ 41.561135850000028, 7.921959220000076 ], [ 41.560945493000077, 7.923101362000068 ], [ 41.560731342000054, 7.92462421700003 ], [ 41.560088888000053, 7.925492720000022 ], [ 41.558994335000079, 7.926147072000049 ], [ 41.557471480000061, 7.927122651000047 ], [ 41.556436415000064, 7.927800797000032 ], [ 41.55586534400004, 7.928514635000056 ], [ 41.55544893900003, 7.929371241000069 ], [ 41.554628025000056, 7.930632356000046 ], [ 41.554223516000036, 7.931393783000033 ], [ 41.553664343000037, 7.931893470000034 ], [ 41.553093272000069, 7.932179005000023 ], [ 41.552522202000034, 7.931750702000045 ], [ 41.551808363000077, 7.930572869000059 ], [ 41.551189703000034, 7.929014322000057 ], [ 41.550428276000048, 7.928324278000048 ], [ 41.549107675000073, 7.92730111000003 ], [ 41.548387942000033, 7.927157988000033 ], [ 41.547810869000045, 7.927788900000053 ], [ 41.547430155000029, 7.928788273000066 ], [ 41.546811495000043, 7.930144566000024 ], [ 41.546169041000041, 7.930787021000071 ], [ 41.545050694000054, 7.931786394000028 ], [ 41.544110807000038, 7.932750076000048 ], [ 41.543801477000045, 7.932916638000052 ], [ 41.543182817000059, 7.933011817000022 ], [ 41.542730839000058, 7.933122959000059 ], [ 41.542457081000066, 7.933190276000062 ], [ 41.541743243000042, 7.933499606000055 ], [ 41.540743870000028, 7.933713758000067 ], [ 41.540160902000025, 7.933916012000054 ], [ 41.539518447000034, 7.934629850000022 ], [ 41.53870943000004, 7.935890964000066 ], [ 41.538352511000028, 7.936818954000046 ], [ 41.538078873000075, 7.938175247000061 ], [ 41.537793338000029, 7.939757589000067 ], [ 41.537876619000031, 7.940828346000046 ], [ 41.538388203000068, 7.942279817000042 ], [ 41.538714028000072, 7.942752493000057 ], [ 41.539232912000045, 7.943505240000036 ], [ 41.539574944000037, 7.944189305000066 ], [ 41.539863469000068, 7.944766354000024 ], [ 41.53991105800003, 7.946098852000034 ], [ 41.539661215000081, 7.947300480000024 ], [ 41.539078247000077, 7.94860918300003 ], [ 41.538090771000043, 7.95012014100007 ], [ 41.537293651000027, 7.951631099000053 ], [ 41.537036089000026, 7.954207975000031 ], [ 41.537007108000068, 7.954704032000052 ], [ 41.536972424000055, 7.955640491000054 ], [ 41.537186575000078, 7.956366226000057 ], [ 41.537531597000054, 7.958293590000039 ], [ 41.537495905000071, 7.959126401000049 ], [ 41.537724808000064, 7.961232104000032 ], [ 41.537971797000068, 7.963326150000057 ], [ 41.538024566000047, 7.963906606000023 ], [ 41.538200226000072, 7.965838861000066 ], [ 41.538914064000039, 7.966938172000027 ], [ 41.539527965000048, 7.968722767000031 ], [ 41.539613626000062, 7.970221828000035 ], [ 41.539356644000065, 7.970707238000045 ], [ 41.538385824000045, 7.970878559000028 ], [ 41.53657267400007, 7.971121264000033 ], [ 41.534888016000025, 7.971549567000068 ], [ 41.533994043000064, 7.971919487000036 ], [ 41.531989833000068, 7.972748815000045 ], [ 41.531147503000057, 7.973376993000045 ], [ 41.52991970100004, 7.974561965000021 ], [ 41.529034542000034, 7.975390017000052 ], [ 41.528606239000055, 7.97644649800003 ], [ 41.531669639000029, 7.976540519000025 ], [ 41.531326902000046, 7.991903879000063 ], [ 41.543147, 8.054786 ], [ 41.564555, 8.130642 ], [ 41.639920237000069, 8.171809670000073 ], [ 41.687509457000033, 8.185491571000057 ], [ 41.732972010000026, 8.202571723000062 ], [ 41.73386787700008, 8.201847177000047 ], [ 41.735474013000044, 8.200895392000064 ], [ 41.735949905000041, 8.200270784000054 ], [ 41.736723230000052, 8.200122067000052 ], [ 41.737526298000034, 8.199913865000042 ], [ 41.738329366000073, 8.199586689000057 ], [ 41.73901346100007, 8.199200026000028 ], [ 41.739608326000052, 8.198813364000046 ], [ 41.740917030000048, 8.198605161000046 ], [ 41.741809328000045, 8.198486188000061 ], [ 41.74255290900004, 8.198159012000076 ], [ 41.74436724800006, 8.198069782000061 ], [ 41.745140573000072, 8.197593890000064 ], [ 41.745854412000028, 8.197177484000065 ], [ 41.746300561000055, 8.196523133000028 ], [ 41.746716966000065, 8.195928267000056 ], [ 41.747282088000077, 8.195273916000076 ], [ 41.748025670000061, 8.194292388000065 ], [ 41.749007197000026, 8.193400090000068 ], [ 41.749364117000027, 8.192775482000059 ], [ 41.749840009000025, 8.192061643000045 ], [ 41.750375388000066, 8.19173446700006 ], [ 41.750791793000076, 8.191199089000065 ], [ 41.751029739000046, 8.190633967000053 ], [ 41.75132717200006, 8.190039101000025 ], [ 41.751684091000072, 8.189444236000043 ], [ 41.752278956000055, 8.188551938000046 ], [ 41.752635875000067, 8.187778614000024 ], [ 41.752903565000054, 8.18661862600004 ], [ 41.752873822000026, 8.185339666000061 ], [ 41.752576389000069, 8.184506855000052 ], [ 41.752368186000069, 8.183763273000068 ], [ 41.752443892000031, 8.183384743000033 ], [ 41.752487159000054, 8.183168408000029 ], [ 41.752725105000025, 8.182395083000074 ], [ 41.752725105000025, 8.182008421000035 ], [ 41.752903565000054, 8.180818690000024 ], [ 41.753200997000079, 8.179747933000044 ], [ 41.753438944000038, 8.179153067000072 ], [ 41.753171254000051, 8.178468972000076 ], [ 41.752946037000072, 8.177731897000058 ], [ 41.752844078000066, 8.177398215000039 ], [ 41.752606132000039, 8.176446430000055 ], [ 41.752893887000027, 8.175065658000051 ], [ 41.753171254000051, 8.17344236100007 ], [ 41.753260484000066, 8.172460833000059 ], [ 41.753647146000048, 8.171925455000064 ], [ 41.75445021400003, 8.170705981000026 ], [ 41.755788661000054, 8.16939727700003 ], [ 41.756532243000038, 8.168921385000033 ], [ 41.758257352000044, 8.168029087000036 ], [ 41.75911990700007, 8.167553195000039 ], [ 41.760041948000037, 8.16713678900004 ], [ 41.761537783000051, 8.166374 ], [ 41.76203474600004, 8.166125518000058 ] ] ] } },
{ "type": "Feature", "properties": { "DISTRICTS": "Salahad", "Zone_Name": "Erer", "Wor_PCode": "ET0504006" }, "geometry": { "type": "Polygon", "coordinates": [ [ [ 41.541883351000081, 7.29077269000004 ], [ 41.731216397000026, 7.198193981000031 ], [ 41.835206490000076, 7.174129840000035 ], [ 42.23223441600004, 7.210369438000043 ], [ 42.23418815000008, 7.205074239000055 ], [ 42.227214806000063, 7.193266841000025 ], [ 42.220638361000056, 7.186288393000041 ], [ 42.219779923000033, 7.181452828000033 ], [ 42.224670488000072, 7.160152905000075 ], [ 42.223436789000061, 7.153273455000033 ], [ 42.222316681000052, 7.147027422000065 ], [ 42.223111466000034, 7.144996594000077 ], [ 42.225689009000064, 7.135815563000051 ], [ 42.21812050300008, 7.116877006000038 ], [ 42.21688055900006, 7.105061142000068 ], [ 42.216285691000053, 7.099392426000065 ], [ 42.214729276000071, 7.095466140000042 ], [ 42.212711323000065, 7.091534185000057 ], [ 42.210958337000079, 7.090549241000076 ], [ 42.206809987000042, 7.085712984000054 ], [ 42.193965924000054, 7.083015009000064 ], [ 42.188289687000065, 7.077425523000045 ], [ 42.186634047000041, 7.063848518000043 ], [ 41.944954095000071, 7.101594010000042 ], [ 41.858579660000032, 7.030210179000051 ], [ 41.750076238000077, 6.968820086000051 ], [ 41.604453225000043, 6.955257158000052 ], [ 41.614199433000067, 6.901101995000033 ], [ 41.567487399000072, 6.852231176000032 ], [ 41.504586826000036, 6.827873495000063 ], [ 41.340619, 6.977341 ], [ 41.344170732000066, 6.996027089000052 ], [ 41.344131626000035, 6.996028171000034 ], [ 41.345766580000031, 7.004726131000041 ], [ 41.346707451000043, 7.009731563000059 ], [ 41.348625622000043, 7.019936235000046 ], [ 41.350857285000075, 7.031808685000044 ], [ 41.353129464000062, 7.043896678000067 ], [ 41.354135416000076, 7.049248343000045 ], [ 41.355580493000048, 7.056936155000074 ], [ 41.356554101000029, 7.062115751000022 ], [ 41.358322910000027, 7.071525818000055 ], [ 41.359406595000053, 7.077291021000065 ], [ 41.361163539000074, 7.086637970000027 ], [ 41.361166789000038, 7.086655255000039 ], [ 41.363368176000051, 7.098366637000026 ], [ 41.364316431000077, 7.103411355000048 ], [ 41.366022177000048, 7.112485927000023 ], [ 41.366262023000047, 7.113761904000057 ], [ 41.367152531000045, 7.118499413000052 ], [ 41.368875508000031, 7.12766565000004 ], [ 41.37014296600006, 7.134408527000062 ], [ 41.372176530000047, 7.145227092000027 ], [ 41.372898872000064, 7.149069950000069 ], [ 41.374736011000039, 7.158843534000027 ], [ 41.375706370000046, 7.16400584400003 ], [ 41.377440768000042, 7.173232843000051 ], [ 41.378627194000046, 7.179544632000045 ], [ 41.380129969000052, 7.18753939100003 ], [ 41.381113422000055, 7.192771367000034 ], [ 41.383054091000076, 7.203095726000072 ], [ 41.384103020000055, 7.208676030000049 ], [ 41.385598016000074, 7.216629408000074 ], [ 41.386666587000036, 7.222314209000047 ], [ 41.388693210000042, 7.233095845000037 ], [ 41.389161381000065, 7.235586514000033 ], [ 41.390588440000045, 7.243178471000022 ], [ 41.391540387000077, 7.248242832000074 ], [ 41.393155699000033, 7.256836294000038 ], [ 41.39390708600007, 7.260833673000036 ], [ 41.395256807000067, 7.268014185000027 ], [ 41.396327002000078, 7.273707628000068 ], [ 41.398177236000038, 7.283550878000028 ], [ 41.39820171100007, 7.283548114000041 ], [ 41.398182159000044, 7.283577068000056 ], [ 41.399152075000075, 7.288737021000031 ], [ 41.404282064000029, 7.316028571000061 ], [ 41.541883351000081, 7.29077269000004 ] ] ] } },
{ "type": "Feature", "properties": { "DISTRICTS": "Tuliguled", "Zone_Name": "Fafan", "Wor_PCode": "ET0505011" }, "geometry": { "type": "Polygon", "coordinates": [ [ [ 42.755889694000075, 9.673670409000067 ], [ 42.770412, 9.640133 ], [ 42.981678, 9.553717 ], [ 42.985504123000055, 9.513148661000059 ], [ 42.968863815000077, 9.509107443000062 ], [ 42.906343799000069, 9.503164476000052 ], [ 42.896359613000072, 9.491516260000026 ], [ 42.853254134000053, 9.457624729000031 ], [ 42.81291668700004, 9.441307359000064 ], [ 42.799227219000045, 9.442849903000024 ], [ 42.785027306000075, 9.43310137900005 ], [ 42.764500172000055, 9.43150799600005 ], [ 42.758729979000066, 9.432132605000049 ], [ 42.75539873300005, 9.433203362000029 ], [ 42.751112143000057, 9.433592454000063 ], [ 42.744449653000061, 9.432831026000031 ], [ 42.737596805000067, 9.431022636000023 ], [ 42.728900860000067, 9.43111415900006 ], [ 42.726065093000045, 9.429630904000021 ], [ 42.705890941000064, 9.421250013000076 ], [ 42.686813527000027, 9.411081928000044 ], [ 42.671679247000043, 9.405602028000033 ], [ 42.65225977800003, 9.392919463000055 ], [ 42.634012832000053, 9.367331571000022 ], [ 42.62865656300005, 9.358328820000054 ], [ 42.624017901000059, 9.350048208000032 ], [ 42.608980001000077, 9.333314470000062 ], [ 42.601893012000062, 9.327564649000067 ], [ 42.601625579000029, 9.314861557000029 ], [ 42.590225416000067, 9.293795114000034 ], [ 42.57641538300004, 9.293346915000029 ], [ 42.565480323000031, 9.305470568000032 ], [ 42.562152261000051, 9.325914375000025 ], [ 42.556684731000075, 9.345882746000029 ], [ 42.54004442400003, 9.377974770000037 ], [ 42.521026928000026, 9.402935232000061 ], [ 42.505575213000043, 9.431936913000072 ], [ 42.493926997000074, 9.460225437000076 ], [ 42.462548130000073, 9.485423618000027 ], [ 42.427872699000034, 9.497181932000046 ], [ 42.434080839000046, 9.530211682000072 ], [ 42.435200720000068, 9.530803727000034 ], [ 42.434226, 9.53113 ], [ 42.425077721000036, 9.571689090000064 ], [ 42.411780986000053, 9.665009146000045 ], [ 42.409538326000074, 9.680749687000059 ], [ 42.569795719000069, 9.68003079500005 ], [ 42.613533973000074, 9.673541043000057 ], [ 42.728156487000035, 9.711890338000046 ], [ 42.730145937000032, 9.68769525700003 ], [ 42.744241478000049, 9.684605469000076 ], [ 42.755889694000075, 9.673670409000067 ] ] ] } },
{ "type": "Feature", "properties": { "DISTRICTS": "Harshin", "Zone_Name": "Fafan", "Wor_PCode": "ET0505006" }, "geometry": { "type": "Polygon", "coordinates": [ [ [ 43.686282334000055, 9.318196416000035 ], [ 43.686436376000074, 9.318039062000025 ], [ 43.686436568000033, 9.318041010000059 ], [ 43.686595982000028, 9.317880385000024 ], [ 43.686945999000045, 9.317527708000057 ], [ 43.687300492000077, 9.317170522000026 ], [ 43.687901375000081, 9.316565073000049 ], [ 43.688474402000054, 9.315987691000032 ], [ 43.689219060000028, 9.315237375000038 ], [ 43.689651585000036, 9.314801562000071 ], [ 43.690058475000058, 9.314391580000063 ], [ 43.690402923000079, 9.314044516000024 ], [ 43.690831014000025, 9.313613171000043 ], [ 43.691041635000033, 9.313400949000027 ], [ 43.691043963000027, 9.313398605000032 ], [ 43.69565377300006, 9.308753766000052 ], [ 43.700642400000049, 9.303727231000039 ], [ 43.70365488300007, 9.300691857000061 ], [ 43.704067704000067, 9.300275899000042 ], [ 43.718435734000025, 9.285798688000057 ], [ 43.73519062500003, 9.268924225000035 ], [ 43.752375777000054, 9.25163124900007 ], [ 43.768106089000071, 9.235802241000044 ], [ 43.768036904000041, 9.235739766000052 ], [ 43.768345977000081, 9.235560848000034 ], [ 43.809453576000067, 9.19419533100006 ], [ 43.840252188000079, 9.162592873000051 ], [ 43.841159320000031, 9.16166206500003 ], [ 43.84482014200006, 9.157905695000068 ], [ 43.85390691200007, 9.148581759000024 ], [ 43.862127136000026, 9.140146987000037 ], [ 43.871868134000067, 9.130151749000049 ], [ 43.878764884000077, 9.12187734400004 ], [ 43.887715205000063, 9.111282945000028 ], [ 43.893502772000033, 9.104744561000075 ], [ 43.897312164000027, 9.100440979000041 ], [ 43.901882261000026, 9.095937129000049 ], [ 43.908383323000066, 9.08953030300006 ], [ 43.915828634000036, 9.082192915000064 ], [ 43.926764257000059, 9.071415811000065 ], [ 43.935302737000029, 9.063001101000054 ], [ 43.943047856000078, 9.055368252000051 ], [ 43.953609978000031, 9.044959234000032 ], [ 43.966581925000071, 9.032175323000047 ], [ 43.977067355000031, 9.021842035000077 ], [ 43.985641479000037, 9.013393402000077 ], [ 43.988378461000025, 9.011110925000025 ], [ 44.001893788000075, 8.99985861600004 ], [ 44.005859375000057, 8.996557236000058 ], [ 44.007535051000048, 8.995928028000037 ], [ 44.012885980000078, 8.993918781000048 ], [ 44.023554614000034, 8.989912762000074 ], [ 44.033794403000059, 8.986067772000069 ], [ 44.038421631000062, 8.985926628000072 ], [ 44.054648994000047, 8.980453847000035 ], [ 44.075768421000078, 8.973331188000031 ], [ 44.098055945000056, 8.965814579000039 ], [ 44.111862780000081, 8.961155978000022 ], [ 44.105755272000067, 8.91174838400002 ], [ 44.122467208000046, 8.840897588000075 ], [ 44.161961078000047, 8.746558632000074 ], [ 43.978476416000035, 8.50364423700006 ], [ 43.781452093000041, 8.57715027100005 ], [ 43.707438972000034, 8.604722238000022 ], [ 43.66856075100003, 8.633708708000029 ], [ 43.634457544000043, 8.647208794000051 ], [ 43.628280559000075, 8.653175318000024 ], [ 43.56624008600005, 8.713129910000021 ], [ 43.473859803000039, 8.802338356000064 ], [ 43.469840238000074, 8.822683686000062 ], [ 43.462797033000072, 8.831059389000075 ], [ 43.450994906000062, 8.839054378000071 ], [ 43.449662408000052, 8.844955441000025 ], [ 43.436296334000076, 8.861296082000024 ], [ 43.433003474000031, 8.880002707000074 ], [ 43.42975939400003, 8.898432212000046 ], [ 43.496603859000061, 9.189877697000043 ], [ 43.50842751600004, 9.251203230000044 ], [ 43.492733356000031, 9.272319362000076 ], [ 43.500728345000027, 9.29268754800006 ], [ 43.520522248000077, 9.313934736000022 ], [ 43.526061816000038, 9.342666707000035 ], [ 43.569808977000037, 9.370951598000033 ], [ 43.575397492000036, 9.368568420000031 ], [ 43.593860626000037, 9.360692024000059 ], [ 43.601539612000067, 9.359012604000043 ], [ 43.607269287000065, 9.358925819000035 ], [ 43.64644609700008, 9.358335362000048 ], [ 43.686282334000055, 9.318196416000035 ] ] ] } },
{ "type": "Feature", "properties": { "DISTRICTS": "Erer", "Zone_Name": "Siti", "Wor_PCode": "ET0511004" }, "geometry": { "type": "Polygon", "coordinates": [ [ [ 41.538209566000035, 10.277357799000072 ], [ 41.556114884000067, 10.175912327000049 ], [ 41.589491491000047, 9.986847639000075 ], [ 41.579645643000049, 9.936047368000061 ], [ 41.614241794000066, 9.871254653000051 ], [ 41.650402, 9.712306 ], [ 41.841125, 9.525295 ], [ 41.399592690000077, 9.457224284000063 ], [ 41.399250049000045, 9.469865029000061 ], [ 41.384080985000026, 9.488305852000053 ], [ 41.385568148000061, 9.495444235000036 ], [ 41.381106659000068, 9.505259511000077 ], [ 41.373968276000028, 9.515372221000064 ], [ 41.37099395000007, 9.525782363000076 ], [ 41.363260701000058, 9.540356561000067 ], [ 41.365342730000066, 9.553443597000069 ], [ 41.353742857000043, 9.561474278000048 ], [ 41.348091637000039, 9.56801779500006 ], [ 41.340060957000048, 9.578725370000029 ], [ 41.33143541000004, 9.581997129000058 ], [ 41.322512432000053, 9.593299569000067 ], [ 41.316266346000077, 9.602222547000054 ], [ 41.316266346000077, 9.608766065000054 ], [ 41.30555877200004, 9.61828390900007 ], [ 41.295446063000043, 9.629883782000036 ], [ 41.264103807000026, 9.742571935000058 ], [ 41.243402497000034, 9.825377178000053 ], [ 41.213450712000053, 9.893667247000053 ], [ 41.168561305000026, 9.886389678000057 ], [ 41.15142918500004, 9.918512402000033 ], [ 41.120377219000034, 9.94956436800004 ], [ 41.132757560000073, 9.986704634000034 ], [ 41.086993838000069, 10.070833870000058 ], [ 41.054871114000036, 10.126751204000072 ], [ 41.048020886000074, 10.206222121000053 ], [ 41.081950476000031, 10.201650100000052 ], [ 41.212629379000077, 10.215386126000055 ], [ 41.268308766000075, 10.225379862000068 ], [ 41.31399441800005, 10.251078041000028 ], [ 41.338264920000029, 10.268210160000024 ], [ 41.372529158000077, 10.29676369200007 ], [ 41.391088954000054, 10.328172578000022 ], [ 41.402762535000079, 10.349460331000046 ], [ 41.420608493000032, 10.379798458000039 ], [ 41.443605680000076, 10.422795175000033 ], [ 41.538209566000035, 10.277357799000072 ] ] ] } },
{ "type": "Feature", "properties": { "DISTRICTS": "Shinile", "Zone_Name": "Siti", "Wor_PCode": "ET0511009" }, "geometry": { "type": "Polygon", "coordinates": [ [ [ 41.979206257000044, 10.182150087000025 ], [ 42.038580446000026, 10.156841640000039 ], [ 42.079170575000035, 10.126540507000072 ], [ 42.160005244000047, 10.081531520000055 ], [ 42.287083, 10.092239 ], [ 42.134443220000037, 9.859856810000053 ], [ 42.123651881000058, 9.794589014000053 ], [ 42.127950394000038, 9.779171227000063 ], [ 42.199905, 9.728933 ], [ 42.185962889000052, 9.659579292000046 ], [ 42.18596980500007, 9.659569955000052 ], [ 42.185964642000044, 9.659550865000028 ], [ 42.18588823500005, 9.659268332000067 ], [ 42.185636836000072, 9.658338719000028 ], [ 42.181020861000036, 9.657760560000042 ], [ 42.180998696000074, 9.657757784000069 ], [ 42.170155542000032, 9.656399659000044 ], [ 42.161376351000058, 9.655300049000061 ], [ 42.152561654000067, 9.654195992000041 ], [ 42.149876365000068, 9.653859655000076 ], [ 42.141944881000029, 9.652866222000057 ], [ 42.138735820000079, 9.652464282000039 ], [ 42.13346301100006, 9.651803853000047 ], [ 42.127870573000052, 9.65110339000006 ], [ 42.12095550500004, 9.650237264000054 ], [ 42.115562763000071, 9.649561814000037 ], [ 42.110542947000056, 9.648933073000023 ], [ 42.103627806000077, 9.648066938000056 ], [ 42.097831224000061, 9.647340906000068 ], [ 42.090796295000075, 9.646459768000057 ], [ 42.086357851000059, 9.645903845000021 ], [ 42.08628617800008, 9.64593848100003 ], [ 42.082431, 9.645412 ], [ 41.841125, 9.525295 ], [ 41.650402, 9.712306 ], [ 41.614241794000066, 9.871254653000051 ], [ 41.579645643000049, 9.936047368000061 ], [ 41.589491491000047, 9.986847639000075 ], [ 41.556114884000067, 10.175912327000049 ], [ 41.648748814000044, 10.166071429000056 ], [ 41.725486431000036, 10.17975333000004 ], [ 41.801406562000068, 10.237726180000038 ], [ 41.861293874000069, 10.229315040000074 ], [ 41.979206257000044, 10.182150087000025 ] ] ] } },
{ "type": "Feature", "properties": { "DISTRICTS": "Ararso", "Zone_Name": "Jarar", "Wor_PCode": "ET0506001" }, "geometry": { "type": "Polygon", "coordinates": [ [ [ 43.433003474000031, 8.880002707000074 ], [ 43.43629633300003, 8.861296082000024 ], [ 43.449662408000052, 8.844955441000025 ], [ 43.450994906000062, 8.839054378000071 ], [ 43.462797033000072, 8.831059389000075 ], [ 43.469840238000074, 8.822683686000062 ], [ 43.473859803000039, 8.802338356000064 ], [ 43.56624008600005, 8.713129910000021 ], [ 43.554059705000043, 8.690783293000038 ], [ 43.542665201000034, 8.652699401000064 ], [ 43.555362578000029, 8.623242855000058 ], [ 43.46589655300005, 8.609174991000032 ], [ 43.441168221000055, 8.583634807000067 ], [ 43.430407845000047, 8.57861329800005 ], [ 43.408169736000048, 8.570722356000033 ], [ 43.39238785200007, 8.562831414000073 ], [ 43.36728030900008, 8.554223114000024 ], [ 43.337868617000026, 8.541310663000047 ], [ 43.324238808000075, 8.541310663000047 ], [ 43.272589007000079, 8.539875947000041 ], [ 43.232181, 8.539078 ], [ 43.209729619000029, 8.599149080000075 ], [ 43.260414809000054, 8.675381762000029 ], [ 43.232628164000062, 8.793772915000034 ], [ 43.287581798000076, 8.796923309000022 ], [ 43.324672188000079, 8.800621781000075 ], [ 43.325043368000081, 8.818339719000051 ], [ 43.324352108000028, 8.840953789000025 ], [ 43.325438373000054, 8.858432786000037 ], [ 43.339729895000062, 8.878589044000023 ], [ 43.390115052000056, 8.899304892000032 ], [ 43.420135476000041, 8.897549312000024 ], [ 43.42975939400003, 8.898432212000046 ], [ 43.433003474000031, 8.880002707000074 ] ] ] } },
{ "type": "Feature", "properties": { "DISTRICTS": "Birkod", "Zone_Name": "Jarar", "Wor_PCode": "ET0506004" }, "geometry": { "type": "Polygon", "coordinates": [ [ [ 43.49665832200003, 7.813316057000065 ], [ 43.639326274000041, 7.812171067000065 ], [ 43.857424820000062, 7.813541273000055 ], [ 43.834664351000072, 7.651820172000043 ], [ 43.932918, 7.558652 ], [ 43.824949814000036, 7.441101662000051 ], [ 43.759562974000062, 7.380985609000049 ], [ 43.708389818000057, 7.333937484000046 ], [ 43.701276680000035, 7.288851201000057 ], [ 43.562121583000078, 7.335427826000057 ], [ 43.557602236000037, 7.338157620000061 ], [ 43.479301208000038, 7.385439549000068 ], [ 43.501668702000075, 7.456885796000051 ], [ 43.482448, 7.540479 ], [ 43.317873, 7.657317 ], [ 43.299263415000041, 7.86759762500003 ], [ 43.397197342000027, 7.850272203000031 ], [ 43.49665832200003, 7.813316057000065 ] ] ] } },
{ "type": "Feature", "properties": { "DISTRICTS": "Marsin", "Zone_Name": "Korahea", "Wor_PCode": "ET0507008" }, "geometry": { "type": "Polygon", "coordinates": [ [ [ 44.941135163000069, 7.555354728000054 ], [ 44.866936644000077, 7.490198819000057 ], [ 44.795771546000026, 7.37455553500007 ], [ 44.845211362000043, 7.241712630000052 ], [ 44.866771216000075, 7.232991845000072 ], [ 44.918408815000078, 7.212104858000032 ], [ 44.919484941000064, 7.194611313000053 ], [ 44.863882889000081, 7.191520326000045 ], [ 44.871618237000064, 7.170733171000052 ], [ 44.839791683000044, 7.068374268000071 ], [ 44.664812330000075, 7.086939762000043 ], [ 44.552501770000049, 7.085036193000064 ], [ 44.416657376000046, 7.068063575000053 ], [ 44.212214154000037, 7.192646855000021 ], [ 44.323904126000059, 7.339827681000031 ], [ 44.323909190000052, 7.339826463000065 ], [ 44.357923503000052, 7.307086168000069 ], [ 44.392508049000071, 7.299675194000031 ], [ 44.459206816000062, 7.326848766000069 ], [ 44.471558440000081, 7.400958507000041 ], [ 44.498732011000072, 7.487419872000032 ], [ 44.551850435000063, 7.486627600000077 ], [ 44.561877204000041, 7.488067484000055 ], [ 44.589809715000058, 7.491668890000028 ], [ 44.597689141000046, 7.491676160000054 ], [ 44.614878130000079, 7.494551148000028 ], [ 44.621316962000037, 7.503850493000073 ], [ 44.636359983000034, 7.503863194000076 ], [ 44.651401322000027, 7.506020099000068 ], [ 44.658559143000048, 7.513174789000061 ], [ 44.670000243000061, 7.540350014000069 ], [ 44.662102107000067, 7.563220976000025 ], [ 44.654209369000057, 7.578227790000028 ], [ 44.649897324000051, 7.594667134000076 ], [ 44.650603985000032, 7.606821062000051 ], [ 44.652023733000078, 7.62326497600003 ], [ 44.659174348000079, 7.641858145000072 ], [ 44.662033296000061, 7.65115412800003 ], [ 44.674488326000073, 7.685431221000044 ], [ 44.717668367000044, 7.750501383000028 ], [ 44.983095332000062, 7.763543063000043 ], [ 44.98074911100008, 7.736721139000053 ], [ 44.969304554000075, 7.71132811700005 ], [ 44.965204947000075, 7.702231967000046 ], [ 44.96103215100004, 7.692973427000027 ], [ 44.964347969000073, 7.673562651000054 ], [ 44.973865813000032, 7.646436796000046 ], [ 44.981004196000072, 7.613124342000049 ], [ 44.981480088000069, 7.595992222000064 ], [ 44.985119264000048, 7.58143552000007 ], [ 44.97529349000007, 7.573625289000063 ], [ 44.967679215000032, 7.567914583000061 ], [ 44.958108300000049, 7.558209956000042 ], [ 44.941135163000069, 7.555354728000054 ] ] ] } },
{ "type": "Feature", "properties": { "DISTRICTS": "Deka Suftu", "Zone_Name": "Liban", "Wor_PCode": "ET0508002" }, "geometry": { "type": "Polygon", "coordinates": [ [ [ 40.158615198000064, 5.353756412000052 ], [ 40.169406910000077, 5.35234590400006 ], [ 40.187759378000067, 5.345853376000036 ], [ 40.195796981000058, 5.345370292000041 ], [ 40.203628574000049, 5.353397878000067 ], [ 40.208457902000077, 5.356143860000032 ], [ 40.218101439000066, 5.356115887000044 ], [ 40.224521580000044, 5.352416969000046 ], [ 40.229572228000052, 5.351252539000029 ], [ 40.241026488000045, 5.356841759000076 ], [ 40.250027454000076, 5.361233869000046 ], [ 40.25856389300003, 5.365399309000054 ], [ 40.267520972000057, 5.369770004000031 ], [ 40.283809749000056, 5.363512025000034 ], [ 40.287483154000029, 5.36350163000003 ], [ 40.291851132000033, 5.365557761000048 ], [ 40.294849428000077, 5.370148571000072 ], [ 40.298763240000028, 5.372207159000027 ], [ 40.302665712000078, 5.371964861000038 ], [ 40.314132721000078, 5.366641109000057 ], [ 40.319870006000031, 5.365703102000055 ], [ 40.324932182000055, 5.368447382000056 ], [ 40.33253092700005, 5.375784363000037 ], [ 40.335304887000063, 5.375291486000037 ], [ 40.336913428000059, 5.375005681000061 ], [ 40.33928902100007, 5.37440306600007 ], [ 40.352372919000061, 5.375126152000064 ], [ 40.362617460000081, 5.375692320000041 ], [ 40.372489876000031, 5.374511637000069 ], [ 40.381919842000059, 5.378852400000028 ], [ 40.383304645000067, 5.380688156000076 ], [ 40.389282148000063, 5.382969765000041 ], [ 40.392951961000051, 5.381808360000036 ], [ 40.394542775000048, 5.376053310000032 ], [ 40.398452807000069, 5.377421292000065 ], [ 40.401354533000074, 5.380250381000053 ], [ 40.403362720000075, 5.373512552000022 ], [ 40.407291653000073, 5.357152897000049 ], [ 40.416021435000062, 5.243641737000075 ], [ 40.407591781000065, 5.136866122000072 ], [ 40.412452620000067, 4.77572649800004 ], [ 40.412334679000026, 4.775736703000064 ], [ 40.412321929000029, 4.775726882000072 ], [ 40.41231786700007, 4.77573815900007 ], [ 40.410785624000027, 4.775870743000041 ], [ 40.405592995000063, 4.773865152000042 ], [ 40.405485278000072, 4.773823549000042 ], [ 40.405464176000066, 4.773815397000021 ], [ 40.405454133000035, 4.773811518000059 ], [ 40.404962892000071, 4.773621783000067 ], [ 40.404962782000041, 4.773619880000069 ], [ 40.404959438000049, 4.77362044900002 ], [ 40.404959394000059, 4.77362043100004 ], [ 40.402515362000031, 4.77267645400002 ], [ 40.399028958000031, 4.774468503000037 ], [ 40.399022569000067, 4.774471787000039 ], [ 40.398626644000046, 4.774675297000044 ], [ 40.398624592000033, 4.774683793000065 ], [ 40.398603096000045, 4.774687401000051 ], [ 40.385936659000038, 4.781198087000064 ], [ 40.363334715000065, 4.792811948000065 ], [ 40.358070309000027, 4.79765941900007 ], [ 40.352596302000052, 4.808718755000029 ], [ 40.349391996000065, 4.811488551000025 ], [ 40.328994737000073, 4.820522751000055 ], [ 40.314533212000072, 4.819876749000059 ], [ 40.302833545000055, 4.821522750000042 ], [ 40.275547046000042, 4.829655609000042 ], [ 40.231220307000058, 4.830948748000026 ], [ 40.225063254000077, 4.833024913000031 ], [ 40.217060049000054, 4.842939853000075 ], [ 40.211792052000078, 4.846866139000042 ], [ 40.201480779000065, 4.851727030000063 ], [ 40.19551083500005, 4.851513838000074 ], [ 40.188606286000038, 4.845092374000046 ], [ 40.182571288000076, 4.833471259000021 ], [ 40.177989968000077, 4.824649377000071 ], [ 40.174896226000044, 4.785780958000032 ], [ 40.169357392000052, 4.775444548000053 ], [ 40.154190142000061, 4.767896643000029 ], [ 40.131217947000039, 4.760139517000027 ], [ 40.112827301000038, 4.748458371000027 ], [ 40.105480114000045, 4.747559109000065 ], [ 40.097690668000041, 4.752411306000056 ], [ 40.095638317000066, 4.757017615000052 ], [ 40.094520571000032, 4.767373114000065 ], [ 40.090629628000045, 4.771064284000033 ], [ 40.083743980000065, 4.771313575000022 ], [ 40.065303816000039, 4.76689475400002 ], [ 40.049991602000034, 4.765424334000045 ], [ 40.036212934000048, 4.761090186000047 ], [ 40.013939099000027, 4.74731442500007 ], [ 39.994380996000075, 4.737046740000039 ], [ 39.961624886000038, 4.735541411000042 ], [ 39.942283710000027, 4.734652109000024 ], [ 39.938140830000066, 4.730982296000036 ], [ 39.934452117000035, 4.724550248000071 ], [ 39.925945226000067, 4.717900661000044 ], [ 39.914463898000065, 4.711506326000062 ], [ 39.859063554000045, 4.727762060000032 ], [ 39.851551043000029, 4.73095564700003 ], [ 39.837642722000055, 4.736065451000059 ], [ 39.810802453000065, 4.740501471000073 ], [ 39.808521223000071, 4.745567805000064 ], [ 39.805770894000034, 4.746954875000029 ], [ 39.79658889600006, 4.746746975000065 ], [ 39.790615173000049, 4.744230819000052 ], [ 39.785339427000054, 4.743783456000074 ], [ 39.775474571000075, 4.745416605000059 ], [ 39.759590065000054, 4.725440060000039 ], [ 39.76027292200007, 4.72244743400006 ], [ 39.745065926000052, 4.710860715000024 ], [ 39.739132430000041, 4.703760273000057 ], [ 39.73426444200004, 4.689151302000027 ], [ 39.723695991000056, 4.679620723000028 ], [ 39.721130389000052, 4.676633711000022 ], [ 39.717010443000049, 4.670557103000021 ], [ 39.714462345000072, 4.660440878000031 ], [ 39.711704268000062, 4.657686203000026 ], [ 39.698146730000076, 4.650125446000061 ], [ 39.688282064000077, 4.650378140000043 ], [ 39.680942627000036, 4.652925104000076 ], [ 39.673599220000028, 4.652711912000029 ], [ 39.668315914000061, 4.648582451000038 ], [ 39.665328958000032, 4.648129417000064 ], [ 39.660530058000063, 4.655731187000072 ], [ 39.649074579000057, 4.663578467000036 ], [ 39.632564483000067, 4.669826429000068 ], [ 39.624782597000035, 4.67766520400005 ], [ 39.619968389000064, 4.679976486000044 ], [ 39.610103533000029, 4.680687882000029 ], [ 39.602527657000053, 4.679094234000047 ], [ 39.597255691000043, 4.682556147000071 ], [ 39.582607245000077, 4.700301169000056 ], [ 39.577335279000067, 4.703073042000028 ], [ 39.565174073000037, 4.703789164000057 ], [ 39.556449833000045, 4.700356546000023 ], [ 39.551671910000039, 4.700366700000075 ], [ 39.697295002000033, 4.966134 ], [ 39.707222001000048, 5.137893999000028 ], [ 39.745304899000075, 5.18906589300002 ], [ 39.788012227000024, 5.246451621000062 ], [ 39.790576707000071, 5.248873629000059 ], [ 39.939745996000056, 5.389755735000051 ], [ 39.959152150000079, 5.394776784000044 ], [ 39.974700895000069, 5.394509198000037 ], [ 39.984456685000055, 5.394985090000034 ], [ 39.997067829000059, 5.395460982000031 ], [ 40.021854415000064, 5.395302204000075 ], [ 40.029438040000059, 5.398042137000061 ], [ 40.036789006000049, 5.397791901000062 ], [ 40.058236242000078, 5.385996912000053 ], [ 40.064550797000038, 5.380358916000034 ], [ 40.070480337000049, 5.372401263000029 ], [ 40.081729806000055, 5.371680794000042 ], [ 40.088149947000034, 5.368213211000068 ], [ 40.09845725200006, 5.358295058000067 ], [ 40.106483516000026, 5.354361968000035 ], [ 40.119823514000075, 5.361225691000072 ], [ 40.123493138000072, 5.359375571000044 ], [ 40.13681404700003, 5.358878123000068 ], [ 40.143684387000064, 5.353108897000027 ], [ 40.156771925000044, 5.353676473000064 ], [ 40.158615198000064, 5.353756412000052 ] ] ] } },
{ "type": "Feature", "properties": { "DISTRICTS": "Qarsadula", "Zone_Name": "Liban", "Wor_PCode": "ET0508007" }, "geometry": { "type": "Polygon", "coordinates": [ [ [ 40.098915344000034, 5.956254167000054 ], [ 40.40677028600004, 5.745394617000045 ], [ 40.512200062000034, 5.749611808000054 ], [ 40.585747725000033, 5.828326490000052 ], [ 40.699367198000061, 5.724308662000055 ], [ 40.767885154000055, 5.597909481000045 ], [ 40.764621801000033, 5.594219610000039 ], [ 40.759788503000038, 5.591017193000027 ], [ 40.751281802000051, 5.589438477000044 ], [ 40.741851835000034, 5.586251747000063 ], [ 40.732414309000035, 5.580766211000025 ], [ 40.728717846000052, 5.574800048000043 ], [ 40.728923857000041, 5.568359873000077 ], [ 40.727302615000042, 5.564456077000045 ], [ 40.712341375000051, 5.555999272000065 ], [ 40.704277121000075, 5.548667962000025 ], [ 40.703105888000039, 5.542693104000023 ], [ 40.703591666000079, 5.54144799200003 ], [ 40.706520174000048, 5.533941838000032 ], [ 40.703052591000073, 5.527514514000075 ], [ 40.696834490000072, 5.522936367000057 ], [ 40.690631888000041, 5.522957724000037 ], [ 40.686142307000068, 5.52696691400007 ], [ 40.682188798000027, 5.530497392000029 ], [ 40.674602419000053, 5.537272017000021 ], [ 40.667251642000053, 5.537298288000045 ], [ 40.648399270000027, 5.532763989000046 ], [ 40.644946995000055, 5.53024537500005 ], [ 40.64604943300003, 5.517132743000047 ], [ 40.643043576000025, 5.511393569000063 ], [ 40.63659659700005, 5.507276015000059 ], [ 40.634269629000073, 5.498084566000045 ], [ 40.62851325500003, 5.494194569000058 ], [ 40.628269257000056, 5.489135227000077 ], [ 40.625492091000069, 5.483625499000027 ], [ 40.621448435000048, 5.480739091000032 ], [ 40.616512322000062, 5.477216320000025 ], [ 40.608688289000042, 5.473563139000021 ], [ 40.59949873000005, 5.47221462300007 ], [ 40.589832325000032, 5.466496995000057 ], [ 40.590263434000065, 5.458216149000066 ], [ 40.581998674000033, 5.449165310000069 ], [ 40.577354356000058, 5.444690742000034 ], [ 40.56746682000005, 5.440813595000066 ], [ 40.565128323000067, 5.429321260000052 ], [ 40.561660740000036, 5.421742927000025 ], [ 40.554519564000032, 5.415327133000062 ], [ 40.547389917000032, 5.412131332000058 ], [ 40.538196578000054, 5.410781305000057 ], [ 40.53427879700007, 5.407113949000063 ], [ 40.535873390000063, 5.40227932800002 ], [ 40.533645647000071, 5.399479860000042 ], [ 40.527130061000037, 5.397477594000065 ], [ 40.509441361000029, 5.397076158000061 ], [ 40.480243294000047, 5.391938141000026 ], [ 40.456817710000053, 5.387815914000043 ], [ 40.44787215100007, 5.391524850000053 ], [ 40.429721913000037, 5.389052352000022 ], [ 40.411579046000043, 5.389569834000042 ], [ 40.40974045400003, 5.38842638400007 ], [ 40.401670565000074, 5.380558502000042 ], [ 40.401354533000074, 5.380250381000053 ], [ 40.398452807000069, 5.377421292000065 ], [ 40.394542775000048, 5.376053310000032 ], [ 40.392951961000051, 5.381808360000036 ], [ 40.389282148000063, 5.382969765000041 ], [ 40.383304645000067, 5.380688156000076 ], [ 40.381919842000059, 5.378852400000028 ], [ 40.372489876000031, 5.374511637000069 ], [ 40.362617460000081, 5.375692320000041 ], [ 40.352372919000061, 5.375126152000064 ], [ 40.33928902100007, 5.37440306600007 ], [ 40.336913428000059, 5.375005681000061 ], [ 40.335276233000059, 5.375420986000051 ], [ 40.335304887000063, 5.375291486000037 ], [ 40.33253092700005, 5.375784363000037 ], [ 40.324932182000055, 5.368447382000056 ], [ 40.319870006000031, 5.365703102000055 ], [ 40.314132721000078, 5.366641109000057 ], [ 40.302665712000078, 5.371964861000038 ], [ 40.298763240000028, 5.372207159000027 ], [ 40.294849428000077, 5.370148571000072 ], [ 40.291851132000033, 5.365557761000048 ], [ 40.287483154000029, 5.36350163000003 ], [ 40.283809749000056, 5.363512025000034 ], [ 40.267520972000057, 5.369770004000031 ], [ 40.25856389300003, 5.365399309000054 ], [ 40.250027454000076, 5.361233869000046 ], [ 40.241026488000045, 5.356841759000076 ], [ 40.229572228000052, 5.351252539000029 ], [ 40.224521580000044, 5.352416969000046 ], [ 40.218101439000066, 5.356115887000044 ], [ 40.208457902000077, 5.356143860000032 ], [ 40.203628574000049, 5.353397878000067 ], [ 40.195796981000058, 5.345370292000041 ], [ 40.187759378000067, 5.345853376000036 ], [ 40.169406910000077, 5.35234590400006 ], [ 40.158615198000064, 5.353756412000052 ], [ 40.156771925000044, 5.353676473000064 ], [ 40.143684387000064, 5.353108897000027 ], [ 40.13681404700003, 5.358878123000068 ], [ 40.123493138000072, 5.359375571000044 ], [ 40.119823514000075, 5.361225691000072 ], [ 40.106483516000026, 5.354361968000035 ], [ 40.09845725200006, 5.358295058000067 ], [ 40.088149947000034, 5.368213211000068 ], [ 40.081729806000055, 5.371680794000042 ], [ 40.070480337000049, 5.372401263000029 ], [ 40.064550797000038, 5.380358916000034 ], [ 40.058236242000078, 5.385996912000053 ], [ 40.036789006000049, 5.397791901000062 ], [ 40.029438040000059, 5.398042137000061 ], [ 40.021854415000064, 5.395302204000075 ], [ 39.997067829000059, 5.395460982000031 ], [ 39.984456685000055, 5.394985090000034 ], [ 39.974700895000069, 5.394509198000037 ], [ 39.959152150000079, 5.394776784000044 ], [ 39.939745996000056, 5.389755735000051 ], [ 39.933628999000064, 5.404492688000062 ], [ 39.896376492000059, 5.494240724000065 ], [ 39.847930415000064, 5.610956095000063 ], [ 39.812338543000067, 5.867592221000052 ], [ 39.874577587000033, 5.965139953000062 ], [ 39.896923362000052, 6.000162659000068 ], [ 39.898012724000068, 6.000180011000054 ], [ 40.098915344000034, 5.956254167000054 ] ] ] } },
{ "type": "Feature", "properties": { "DISTRICTS": "Mubarak", "Zone_Name": "Dawa", "Wor_PCode": "ET0502004" }, "geometry": { "type": "Polygon", "coordinates": [ [ [ 40.302833545000055, 4.821522750000042 ], [ 40.314533212000072, 4.819876749000059 ], [ 40.328994737000073, 4.820522751000055 ], [ 40.349391996000065, 4.811488551000025 ], [ 40.352596302000052, 4.808718755000029 ], [ 40.358070309000027, 4.79765941900007 ], [ 40.363334715000065, 4.792811948000065 ], [ 40.385936659000038, 4.781198087000064 ], [ 40.398603096000045, 4.774687401000051 ], [ 40.398626644000046, 4.774675297000044 ], [ 40.399022569000067, 4.774471787000039 ], [ 40.399028958000031, 4.774468503000037 ], [ 40.402515362000031, 4.77267645400002 ], [ 40.404959394000059, 4.77362043100004 ], [ 40.404962782000041, 4.773619880000069 ], [ 40.404962892000071, 4.773621783000067 ], [ 40.405454133000035, 4.773811518000059 ], [ 40.405464176000066, 4.773815397000021 ], [ 40.405485278000072, 4.773823549000042 ], [ 40.405592995000063, 4.773865152000042 ], [ 40.410785624000027, 4.775870743000041 ], [ 40.41231786700007, 4.77573815900007 ], [ 40.412321929000029, 4.775726882000072 ], [ 40.412334679000026, 4.775736703000064 ], [ 40.412452620000067, 4.77572649800004 ], [ 40.412529957000061, 4.775719806000041 ], [ 40.412549009000031, 4.775718158000075 ], [ 40.413539921000051, 4.775632414000029 ], [ 40.41811750100004, 4.771707073000073 ], [ 40.421178176000069, 4.767272668000032 ], [ 40.421100663000061, 4.767076038000027 ], [ 40.421470560000046, 4.766849054000033 ], [ 40.427028663000044, 4.758796293000046 ], [ 40.430690728000059, 4.755794028000025 ], [ 40.442863713000065, 4.753721300000052 ], [ 40.443147533000058, 4.753547135000076 ], [ 40.446495097000025, 4.747002126000041 ], [ 40.454742490000058, 4.742144636000035 ], [ 40.461376201000064, 4.735452146000057 ], [ 40.472835461000045, 4.731274112000051 ], [ 40.477426222000076, 4.726090672000055 ], [ 40.48815542300008, 4.713971161000075 ], [ 40.496304657000053, 4.707871558000022 ], [ 40.508529625000051, 4.698721318000025 ], [ 40.519313776000047, 4.698455773000035 ], [ 40.526106393000077, 4.695985926000048 ], [ 40.526187724000067, 4.696081279000055 ], [ 40.526355010000032, 4.695895527000062 ], [ 40.537189397000077, 4.691956062000031 ], [ 40.546100558000035, 4.680424226000071 ], [ 40.559139291000065, 4.667267748000029 ], [ 40.577243790000068, 4.660765580000032 ], [ 40.58105474000007, 4.65000715900004 ], [ 40.580975444000046, 4.649799359000042 ], [ 40.581174377000025, 4.649669287000052 ], [ 40.586788102000071, 4.633817581000073 ], [ 40.621749890000046, 4.591138922000027 ], [ 40.640220672000055, 4.557487470000069 ], [ 40.648223877000078, 4.55032777200006 ], [ 40.650032041000031, 4.541810109000039 ], [ 40.65346900600008, 4.540647570000033 ], [ 40.658065864000037, 4.542472365000037 ], [ 40.664032027000076, 4.54383222000007 ], [ 40.671359935000055, 4.538975676000064 ], [ 40.67982108800004, 4.531124049000027 ], [ 40.69238656400006, 4.516126142000076 ], [ 40.706089065000072, 4.498133719000066 ], [ 40.708583865000037, 4.489612654000041 ], [ 40.710575169000037, 4.469360358000074 ], [ 40.714458552000053, 4.464515153000036 ], [ 40.739627872000028, 4.445791679000024 ], [ 40.74168022300006, 4.442793383000037 ], [ 40.742557561000069, 4.431746899000075 ], [ 40.745754307000027, 4.426904719000049 ], [ 40.767572139000038, 4.417105652000032 ], [ 40.767621957000074, 4.417142648000038 ], [ 40.767643403000079, 4.41701665100004 ], [ 40.767691254000056, 4.417052154000032 ], [ 40.77415458300004, 4.414149298000041 ], [ 40.774826099000052, 4.410006039000052 ], [ 40.77297597900008, 4.405641462000062 ], [ 40.772030698000037, 4.391906942000048 ], [ 40.771937720000039, 4.391787541000042 ], [ 40.772190419000026, 4.390302935000022 ], [ 40.771922060000065, 4.39032848100004 ], [ 40.771282161000045, 4.381031015000076 ], [ 40.767543740000065, 4.362868871000046 ], [ 40.764762795000024, 4.354596529000048 ], [ 40.763077827000075, 4.353071044000046 ], [ 40.759700808000048, 4.350013657000034 ], [ 40.757765608000057, 4.349165626000058 ], [ 40.751888303000044, 4.346590111000069 ], [ 40.748436029000061, 4.342691419000062 ], [ 40.744731818000048, 4.333961886000054 ], [ 40.745178236000072, 4.329589371000054 ], [ 40.747921004000034, 4.327048833000049 ], [ 40.755718199000057, 4.326791226000068 ], [ 40.762565669000026, 4.31802370500003 ], [ 40.76391985500004, 4.311807116000068 ], [ 40.76183310600004, 4.304912585000068 ], [ 40.762966160000076, 4.301227652000023 ], [ 40.767990158000032, 4.294767820000061 ], [ 40.768879026000036, 4.286942086000067 ], [ 40.774341629000048, 4.28149813400006 ], [ 40.747100830000079, 4.261768818000064 ], [ 40.724300385000049, 4.249158859000033 ], [ 40.714851380000027, 4.247681141000044 ], [ 40.709213256000055, 4.246799946000067 ], [ 40.690326690000063, 4.234930039000062 ], [ 40.675930023000035, 4.233425140000065 ], [ 40.673591614000031, 4.233181 ], [ 40.652160644000048, 4.224946976000069 ], [ 40.559055329000046, 4.186255932000051 ], [ 40.44258880600006, 4.13783216500002 ], [ 40.417671204000044, 4.127468109000063 ], [ 40.403018952000025, 4.119733810000071 ], [ 40.387771606000058, 4.104847908000067 ], [ 40.375789642000029, 4.106327057000044 ], [ 40.330371857000046, 4.087368965000053 ], [ 40.324180603000059, 4.084782124000071 ], [ 40.234050751000041, 4.050077916000021 ], [ 40.212196350000056, 4.043508053000039 ], [ 40.191978455000026, 4.043933869000057 ], [ 40.172241211000028, 4.02748107900004 ], [ 40.150711060000049, 4.016765118000023 ], [ 40.129585266000049, 4.006254196000043 ], [ 40.122230530000024, 4.000173092000068 ], [ 40.106109619000051, 3.994299888000057 ], [ 40.038410187000068, 3.960092067000062 ], [ 40.002803802000074, 3.942090035000035 ], [ 40.0, 3.940671921000046 ], [ 39.957957478000026, 3.919418283000027 ], [ 39.878698902000053, 3.946089079000046 ], [ 39.815069881000056, 4.050016480000068 ], [ 39.807533804000059, 4.06232540600007 ], [ 39.750444, 4.163128 ], [ 39.831774415000041, 4.302507612000056 ], [ 39.905163423000033, 4.482644266000023 ], [ 39.885148239000046, 4.564039347000062 ], [ 39.714462345000072, 4.660440878000031 ], [ 39.717010443000049, 4.670557103000021 ], [ 39.721130389000052, 4.676633711000022 ], [ 39.723695991000056, 4.679620723000028 ], [ 39.73426444200004, 4.689151302000027 ], [ 39.739132430000041, 4.703760273000057 ], [ 39.745065926000052, 4.710860715000024 ], [ 39.76027292200007, 4.72244743400006 ], [ 39.759590065000054, 4.725440060000039 ], [ 39.775474571000075, 4.745416605000059 ], [ 39.785339427000054, 4.743783456000074 ], [ 39.790615173000049, 4.744230819000052 ], [ 39.79658889600006, 4.746746975000065 ], [ 39.805770894000034, 4.746954875000029 ], [ 39.808521223000071, 4.745567805000064 ], [ 39.810802453000065, 4.740501471000073 ], [ 39.837642722000055, 4.736065451000059 ], [ 39.851551043000029, 4.73095564700003 ], [ 39.859063554000045, 4.727762060000032 ], [ 39.914463898000065, 4.711506326000062 ], [ 39.925945226000067, 4.717900661000044 ], [ 39.934452117000035, 4.724550248000071 ], [ 39.938140830000066, 4.730982296000036 ], [ 39.942283710000027, 4.734652109000024 ], [ 39.961624886000038, 4.735541411000042 ], [ 39.994380996000075, 4.737046740000039 ], [ 40.013939099000027, 4.74731442500007 ], [ 40.036212934000048, 4.761090186000047 ], [ 40.049991602000034, 4.765424334000045 ], [ 40.065303816000039, 4.76689475400002 ], [ 40.083743980000065, 4.771313575000022 ], [ 40.090629628000045, 4.771064284000033 ], [ 40.094520571000032, 4.767373114000065 ], [ 40.095638317000066, 4.757017615000052 ], [ 40.097690668000041, 4.752411306000056 ], [ 40.105480114000045, 4.747559109000065 ], [ 40.112827301000038, 4.748458371000027 ], [ 40.131217947000039, 4.760139517000027 ], [ 40.154190142000061, 4.767896643000029 ], [ 40.169357392000052, 4.775444548000053 ], [ 40.174896226000044, 4.785780958000032 ], [ 40.177989968000077, 4.824649377000071 ], [ 40.182571288000076, 4.833471259000021 ], [ 40.188606286000038, 4.845092374000046 ], [ 40.19551083500005, 4.851513838000074 ], [ 40.201480779000065, 4.851727030000063 ], [ 40.211792052000078, 4.846866139000042 ], [ 40.217060049000054, 4.842939853000075 ], [ 40.225063254000077, 4.833024913000031 ], [ 40.231220307000058, 4.830948748000026 ], [ 40.275547046000042, 4.829655609000042 ], [ 40.302833545000055, 4.821522750000042 ] ] ] } },
{ "type": "Feature", "properties": { "DISTRICTS": "Bercano", "Zone_Name": "Shabelle", "Wor_PCode": "ET0510003" }, "geometry": { "type": "Polygon", "coordinates": [ [ [ 42.945061, 6.309813 ], [ 42.995399095000039, 6.313301841000055 ], [ 43.04678317500003, 6.326702061000049 ], [ 43.096156991000043, 6.344548019000058 ], [ 43.138392424000074, 6.366558033000047 ], [ 43.182412452000051, 6.376075877000062 ], [ 43.21096598400004, 6.390947508000068 ], [ 43.247252765000042, 6.404034544000069 ], [ 43.26390899200004, 6.41057806200007 ], [ 43.279970353000067, 6.414742119000039 ], [ 43.302575233000027, 6.420095906000029 ], [ 43.334044107000068, 6.429801306000059 ], [ 43.376482916000043, 6.336203601000022 ], [ 43.425988979000067, 6.343145237000044 ], [ 43.444727991000036, 6.345772781000051 ], [ 43.511194750000072, 6.355093036000028 ], [ 43.493325688000027, 6.309448922000058 ], [ 43.413890503000061, 5.957596626000054 ], [ 43.412174170000071, 5.951811405000058 ], [ 43.39847185800005, 5.945209445000046 ], [ 43.398959158000025, 5.947747668000034 ], [ 43.397638632000053, 5.949948544000051 ], [ 43.394410679000032, 5.947454217000029 ], [ 43.394802045000063, 5.944706894000035 ], [ 43.387180242000056, 5.948065235000058 ], [ 43.372349932000077, 5.945231974000023 ], [ 43.370934661000035, 5.947747668000034 ], [ 43.36785343400004, 5.947014042000035 ], [ 43.365877963000059, 5.943995535000056 ], [ 43.361514986000032, 5.943162008000058 ], [ 43.35191340700004, 5.939368779000063 ], [ 43.344306913000025, 5.94157743300002 ], [ 43.338361687000031, 5.941731938000032 ], [ 43.331123567000077, 5.937951831000021 ], [ 43.322967489000064, 5.939483690000031 ], [ 43.319950104000043, 5.942206425000052 ], [ 43.311845589000029, 5.94522682500002 ], [ 43.307530002000078, 5.946879545000058 ], [ 43.30168714000007, 5.947037460000047 ], [ 43.297749268000075, 5.945458496000072 ], [ 43.290641377000043, 5.942739236000023 ], [ 43.288257637000072, 5.941827290000049 ], [ 43.275878893000026, 5.939609565000069 ], [ 43.268943727000078, 5.943435114000067 ], [ 43.262962254000058, 5.944053710000048 ], [ 43.256477286000063, 5.948344200000065 ], [ 43.251907266000046, 5.946450231000028 ], [ 43.244777619000047, 5.947054464000075 ], [ 43.240947723000033, 5.941029521000075 ], [ 43.240047516000061, 5.939408846000049 ], [ 43.235462187000053, 5.938893255000039 ], [ 43.232852852000065, 5.94553036800005 ], [ 43.225471457000026, 5.948200749000023 ], [ 43.227695420000032, 5.953977156000064 ], [ 43.22535711200004, 5.957397489000073 ], [ 43.218215935000046, 5.959151220000024 ], [ 43.205951725000034, 5.966361003000031 ], [ 43.193958352000038, 5.970355519000066 ], [ 43.185012792000066, 5.969326414000022 ], [ 43.177078194000046, 5.979348706000053 ], [ 43.170675943000049, 5.984138273000042 ], [ 43.16827003800006, 5.985910409000041 ], [ 43.163595744000077, 5.990476436000051 ], [ 43.149436943000069, 6.004307291000032 ], [ 43.136467007000078, 6.012886947000027 ], [ 43.127258359000052, 6.014614595000069 ], [ 43.115238147000071, 6.014354154000046 ], [ 43.10280610500007, 6.02259398700005 ], [ 43.086565578000034, 6.018597802000045 ], [ 43.079883617000064, 6.018634815000041 ], [ 43.074771922000025, 6.023401773000046 ], [ 43.074718435000079, 6.027539739000076 ], [ 43.076786095000045, 6.027564498000061 ], [ 43.081428503000041, 6.023712678000038 ], [ 43.084167491000073, 6.025125453000044 ], [ 43.086189224000066, 6.029058922000047 ], [ 43.084308674000056, 6.032485492000035 ], [ 43.073974531000033, 6.032129226000052 ], [ 43.072345730000052, 6.033719094000048 ], [ 43.07733532900005, 6.03883834800007 ], [ 43.075473868000074, 6.040884462000065 ], [ 43.072712012000068, 6.041310846000044 ], [ 43.066753408000068, 6.040088205000075 ], [ 43.059745854000028, 6.031035483000039 ], [ 43.056949600000053, 6.034219756000027 ], [ 43.057277704000057, 6.044570908000026 ], [ 43.054935427000032, 6.048450511000055 ], [ 43.052181319000056, 6.048187234000068 ], [ 43.046714871000063, 6.04444163200003 ], [ 43.039356156000053, 6.045040573000051 ], [ 43.035478984000065, 6.040294657000061 ], [ 43.032112164000068, 6.036214272000052 ], [ 43.029808065000054, 6.03687577200003 ], [ 43.028400393000027, 6.039157948000025 ], [ 43.029958899000064, 6.042847604000031 ], [ 43.030932169000039, 6.044827887000054 ], [ 43.031524752000053, 6.046554652000054 ], [ 43.030345958000055, 6.048839095000062 ], [ 43.027566069000045, 6.048183929000061 ], [ 43.02439113500003, 6.047385685000052 ], [ 43.015380938000078, 6.051643855000066 ], [ 43.012126925000075, 6.054592633000027 ], [ 43.011712102000047, 6.056609205000029 ], [ 43.011360152000066, 6.060791456000061 ], [ 43.009964009000043, 6.062383591000071 ], [ 43.004203855000071, 6.063692038000056 ], [ 43.002555776000065, 6.066891242000054 ], [ 42.996318775000077, 6.069573341000023 ], [ 42.994861585000081, 6.075763280000047 ], [ 42.991409311000041, 6.076410794000026 ], [ 42.987312358000054, 6.073372430000063 ], [ 42.981128655000077, 6.071685227000046 ], [ 42.97150042800007, 6.070187024000063 ], [ 42.969853226000055, 6.070814155000051 ], [ 42.968207225000072, 6.07144082700006 ], [ 42.962726670000052, 6.073527410000054 ], [ 42.957015329000058, 6.072506372000021 ], [ 42.954444878000061, 6.074574470000073 ], [ 42.954799631000071, 6.082856261000074 ], [ 42.948226967000039, 6.093811080000023 ], [ 42.942009056000074, 6.095113668000067 ], [ 42.93827441600007, 6.099666111000033 ], [ 42.935291240000026, 6.099629446000051 ], [ 42.932147980000025, 6.093611685000042 ], [ 42.929401432000077, 6.092888760000051 ], [ 42.922683805000077, 6.097173201000032 ], [ 42.92126838400003, 6.100144470000032 ], [ 42.922584580000034, 6.104989485000033 ], [ 42.921405787000026, 6.107503374000032 ], [ 42.917972602000077, 6.106311352000034 ], [ 42.915744859000029, 6.100995537000074 ], [ 42.912521275000074, 6.101415117000045 ], [ 42.90551372200008, 6.110525106000068 ], [ 42.906612378000034, 6.114447990000031 ], [ 42.911140441000043, 6.120022357000039 ], [ 42.911552461000042, 6.123705778000044 ], [ 42.907402020000063, 6.124804057000063 ], [ 42.903148575000046, 6.116014423000024 ], [ 42.898582524000062, 6.113657971000066 ], [ 42.893760756000063, 6.113367478000043 ], [ 42.889137249000044, 6.115839976000075 ], [ 42.885871895000037, 6.119707672000061 ], [ 42.885131771000033, 6.12360674200005 ], [ 42.891033108000045, 6.129198496000072 ], [ 42.890785140000048, 6.130805563000024 ], [ 42.887100206000071, 6.131449298000064 ], [ 42.880691594000041, 6.12953000300007 ], [ 42.86367318200007, 6.133020330000022 ], [ 42.862724309000043, 6.133214936000059 ], [ 42.858783659000039, 6.135923305000063 ], [ 42.855011030000071, 6.143464028000039 ], [ 42.85110099700006, 6.143875103000028 ], [ 42.849521713000058, 6.141555695000022 ], [ 42.850727155000072, 6.137202647000038 ], [ 42.849365221000028, 6.135806504000072 ], [ 42.845458969000049, 6.135986810000077 ], [ 42.840370144000076, 6.138682895000045 ], [ 42.836467672000026, 6.138173540000025 ], [ 42.830314587000032, 6.134418488000051 ], [ 42.826168116000076, 6.135055607000027 ], [ 42.817955772000062, 6.138359300000047 ], [ 42.809703759000058, 6.147034616000042 ], [ 42.806892383000047, 6.151367630000038 ], [ 42.811473932000069, 6.152344761000052 ], [ 42.812816588000032, 6.15535118300005 ], [ 42.811420446000056, 6.156712929000037 ], [ 42.806152259000044, 6.155267645000038 ], [ 42.804469140000037, 6.15661736800007 ], [ 42.803833040000029, 6.157077320000042 ], [ 42.804320215000075, 6.157563153000069 ], [ 42.805704190000029, 6.158888269000045 ], [ 42.811775199000067, 6.164763951000054 ], [ 42.812885196000025, 6.167767539000067 ], [ 42.811012206000044, 6.170502181000074 ], [ 42.805244492000043, 6.172499154000036 ], [ 42.803154109000047, 6.175712029000067 ], [ 42.801343632000055, 6.178494693000061 ], [ 42.800944510000079, 6.179001483000036 ], [ 42.800882883000043, 6.179392863000032 ], [ 42.80100257600003, 6.180953502000023 ], [ 42.810462972000039, 6.177623700000026 ], [ 42.812286443000062, 6.178795311000044 ], [ 42.813163781000071, 6.182255713000075 ], [ 42.811744769000029, 6.185456806000047 ], [ 42.799514768000051, 6.189441682000052 ], [ 42.799181618000034, 6.190197214000023 ], [ 42.798568634000048, 6.191498758000023 ], [ 42.798875341000041, 6.192142305000061 ], [ 42.800357897000026, 6.195429769000043 ], [ 42.798511555000061, 6.196096372000056 ], [ 42.798260028000072, 6.196050021000076 ], [ 42.797545, 6.200591 ], [ 42.810769357000027, 6.213850684000022 ], [ 42.836239607000039, 6.231305820000046 ], [ 42.883268551000072, 6.261398162000035 ], [ 42.945061, 6.309813 ] ] ] } },
{ "type": "Feature", "properties": { "DISTRICTS": "Daratole", "Zone_Name": "Doollo", "Wor_PCode": "ET0503003" }, "geometry": { "type": "Polygon", "coordinates": [ [ [ 45.17109387000005, 7.371552895000036 ], [ 45.321911997000029, 7.455516325000076 ], [ 45.351713772000039, 7.487644041000067 ], [ 45.405394412000078, 7.496781171000066 ], [ 45.464214688000027, 7.48593082900004 ], [ 45.467070042000046, 7.462516932000028 ], [ 45.457932911000057, 7.426539482000067 ], [ 45.439151176000053, 7.386824873000023 ], [ 45.427142066000044, 7.363807412000028 ], [ 45.442153454000049, 7.354800579000027 ], [ 45.472202276000075, 7.341933435000044 ], [ 45.502244178000069, 7.321671280000032 ], [ 45.51125101100007, 7.319138108000061 ], [ 45.520274845000074, 7.316584645000034 ], [ 45.541972233000081, 7.290689444000066 ], [ 45.533966160000034, 7.26133384000002 ], [ 45.392525528000078, 7.094540642000027 ], [ 45.377478760000031, 7.082857269000044 ], [ 45.25732997700004, 7.084150880000038 ], [ 45.185307479000073, 7.341059844000029 ], [ 45.17109387000005, 7.371552895000036 ] ] ] } },
{ "type": "Feature", "properties": { "DISTRICTS": "Goljano", "Zone_Name": "Fafan", "Wor_PCode": "ET0505003" }, "geometry": { "type": "Polygon", "coordinates": [ [ [ 42.591718091000075, 9.122079188000043 ], [ 42.593667063000055, 9.12136487500004 ], [ 42.630990568000072, 9.125237558000038 ], [ 42.654355744000043, 9.072390855000037 ], [ 42.715525976000038, 8.985972067000034 ], [ 42.831066552000038, 8.849633793000066 ], [ 42.917916035000076, 8.765552257000024 ], [ 42.926541180000072, 8.659467144000075 ], [ 42.900927890000048, 8.65962881300004 ], [ 42.887127016000079, 8.653442215000041 ], [ 42.865711867000073, 8.639165449000075 ], [ 42.839537796000059, 8.60870834800005 ], [ 42.807177126000056, 8.593003905000046 ], [ 42.796231606000049, 8.579678923000074 ], [ 42.790520899000057, 8.56111912800003 ], [ 42.790996791000055, 8.541131655000072 ], [ 42.812887833000048, 8.522571859000038 ], [ 42.825261030000036, 8.509246878000056 ], [ 42.83335119700007, 8.498301357000059 ], [ 42.845724394000058, 8.492114758000071 ], [ 42.882478549000041, 8.473605333000023 ], [ 42.761003176000031, 8.321440693000056 ], [ 42.530081513000027, 8.538738712000054 ], [ 42.528764, 8.553774 ], [ 42.531249782000032, 8.573310495000044 ], [ 42.547804806000045, 8.697268448000045 ], [ 42.547927920000063, 8.697266032000073 ], [ 42.548552063000045, 8.701939373000073 ], [ 42.550539386000025, 8.716819681000061 ], [ 42.551545756000053, 8.724354993000077 ], [ 42.55230085900007, 8.730008916000031 ], [ 42.55392678100003, 8.742183185000044 ], [ 42.556513520000067, 8.761551694000048 ], [ 42.557541578000041, 8.769249392000063 ], [ 42.558263965000037, 8.774658346000024 ], [ 42.55895950300004, 8.779866268000035 ], [ 42.559594571000048, 8.784621410000057 ], [ 42.56033069700004, 8.790133241000035 ], [ 42.560981168000069, 8.79500371000006 ], [ 42.561711467000066, 8.800471908000077 ], [ 42.562472571000058, 8.806170760000043 ], [ 42.563190483000028, 8.811546209000028 ], [ 42.56418960700006, 8.819027264000056 ], [ 42.565011908000031, 8.825184341000067 ], [ 42.565690687000028, 8.830266770000037 ], [ 42.56638226900003, 8.835445070000048 ], [ 42.56723641800005, 8.841840607000051 ], [ 42.568355956000062, 8.850223281000069 ], [ 42.569019749000063, 8.855193504000056 ], [ 42.569712582000079, 8.860381171000029 ], [ 42.550896842000043, 8.920579333000035 ], [ 42.541599243000064, 9.016549212000029 ], [ 42.556990711000026, 9.078426463000028 ], [ 42.533065108000073, 9.146282393000035 ], [ 42.547551920000046, 9.13826253700006 ], [ 42.591718091000075, 9.122079188000043 ] ] ] } },
{ "type": "Feature", "properties": { "DISTRICTS": "Lagahida", "Zone_Name": "Erer", "Wor_PCode": "ET0504004" }, "geometry": { "type": "Polygon", "coordinates": [ [ [ 41.722175868000079, 7.628263300000071 ], [ 41.721140802000036, 7.627109261000044 ], [ 41.720438861000048, 7.625967120000041 ], [ 41.719998661000034, 7.624587033000068 ], [ 41.719915380000032, 7.623111767000069 ], [ 41.720177120000074, 7.621969626000066 ], [ 41.720617321000077, 7.621041636000029 ], [ 41.721140802000036, 7.620030365000048 ], [ 41.721909224000058, 7.619261943000026 ], [ 41.722616068000036, 7.618555099000048 ], [ 41.723853388000066, 7.618150591000074 ], [ 41.724924145000045, 7.617151217000071 ], [ 41.725840238000046, 7.61623512500006 ], [ 41.727410682000027, 7.615354724000042 ], [ 41.728755077000073, 7.614736064000056 ], [ 41.730325522000044, 7.614224480000075 ], [ 41.731205922000072, 7.614010329000052 ], [ 41.732895340000027, 7.614093610000054 ], [ 41.73458475700005, 7.614260172000058 ], [ 41.736928526000042, 7.614831243000026 ], [ 41.738677430000052, 7.615723541000023 ], [ 41.740402539000058, 7.616734811000072 ], [ 41.74168744800005, 7.617674699000077 ], [ 41.742663027000049, 7.618626483000071 ], [ 41.744245369000055, 7.619685343000071 ], [ 41.746517754000081, 7.621041636000029 ], [ 41.747564717000046, 7.621350966000023 ], [ 41.749492080000039, 7.621113020000053 ], [ 41.750408173000039, 7.620827484000074 ], [ 41.751145805000078, 7.619875700000023 ], [ 41.751752568000029, 7.619019094000066 ], [ 41.752347433000068, 7.617722288000039 ], [ 41.753001785000038, 7.615699746000075 ], [ 41.753263526000069, 7.614462426000046 ], [ 41.753501472000039, 7.613129928000035 ], [ 41.75363234200006, 7.611642765000056 ], [ 41.753787007000028, 7.610500624000053 ], [ 41.754132029000061, 7.608216341000059 ], [ 41.754369975000031, 7.606634 ], [ 41.754726894000044, 7.605408577000048 ], [ 41.755631089000076, 7.603707262000057 ], [ 41.756713744000081, 7.602434251000034 ], [ 41.757261020000044, 7.601696618000062 ], [ 41.757760707000045, 7.601518158000033 ], [ 41.758557826000072, 7.60133969900005 ], [ 41.759438227000032, 7.600685347000024 ], [ 41.760616060000075, 7.599793049000027 ], [ 41.761674920000075, 7.599388541000053 ], [ 41.763376235000067, 7.599043519000077 ], [ 41.766540918000032, 7.598674702000039 ], [ 41.768230335000055, 7.598698497000044 ], [ 41.770490823000046, 7.598472448000052 ], [ 41.773060641000029, 7.59787758300007 ], [ 41.774547804000065, 7.597294615000067 ], [ 41.776118249000035, 7.596342831000072 ], [ 41.777450747000046, 7.595200689000023 ], [ 41.779294829000037, 7.594141829000023 ], [ 41.781674290000069, 7.593416094000077 ], [ 41.786647364000032, 7.591881341000033 ], [ 41.788110732000064, 7.591357860000073 ], [ 41.79020465800005, 7.590001567000058 ], [ 41.790811420000068, 7.589335318000053 ], [ 41.792393762000074, 7.586515657000064 ], [ 41.793202779000069, 7.585599564000063 ], [ 41.793738157000064, 7.584409834000041 ], [ 41.794071282000061, 7.583148719000064 ], [ 41.794559071000037, 7.58216124300003 ], [ 41.79532049900007, 7.581423610000058 ], [ 41.796569716000079, 7.579876960000036 ], [ 41.79721217000008, 7.579436760000021 ], [ 41.798318620000032, 7.579044149000026 ], [ 41.799544042000036, 7.579079841000066 ], [ 41.800971719000074, 7.579389171000059 ], [ 41.802649239000061, 7.579722296000057 ], [ 41.806289814000024, 7.579793679000034 ], [ 41.807705594000026, 7.579329684000072 ], [ 41.80874065900008, 7.578532565000046 ], [ 41.809430703000032, 7.577759240000034 ], [ 41.809751930000061, 7.576474331000043 ], [ 41.810061260000055, 7.574487481000062 ], [ 41.810430076000046, 7.573166880000031 ], [ 41.810810790000062, 7.57187007400006 ], [ 41.811369963000061, 7.570823111000038 ], [ 41.812036213000056, 7.569942711000067 ], [ 41.812761948000059, 7.569145591000051 ], [ 41.813797014000045, 7.56822949900004 ], [ 41.814641722000033, 7.567813093000041 ], [ 41.815557815000034, 7.567420482000045 ], [ 41.816259756000079, 7.567360996000048 ], [ 41.816914108000049, 7.567313406000039 ], [ 41.818413168000063, 7.566623363000076 ], [ 41.819507720000047, 7.566076087000056 ], [ 41.820530888000064, 7.565683476000061 ], [ 41.821506467000063, 7.565457427000069 ], [ 41.822601019000047, 7.56527896700004 ], [ 41.823410036000041, 7.564945843000032 ], [ 41.824671151000075, 7.564624615000071 ], [ 41.826705590000074, 7.564374772000065 ], [ 41.828870899000037, 7.564160621000042 ], [ 41.830941030000076, 7.564303388000042 ], [ 41.83471247600005, 7.564517540000054 ], [ 41.836175844000024, 7.564577026000052 ], [ 41.838507716000038, 7.564779280000039 ], [ 41.840423182000052, 7.564898253000024 ], [ 41.842517108000038, 7.564993432000051 ], [ 41.843885298000032, 7.565088610000032 ], [ 41.844599136000056, 7.564922048000028 ], [ 41.846193375000041, 7.564517540000054 ], [ 41.847680538000077, 7.563815599000066 ], [ 41.848382479000065, 7.56342298800007 ], [ 41.849120112000037, 7.562840020000067 ], [ 41.850012410000033, 7.562280846000021 ], [ 41.851797006000027, 7.561448035000069 ], [ 41.854414413000029, 7.559592055000053 ], [ 41.855818295000063, 7.558319044000029 ], [ 41.857686172000058, 7.556260810000026 ], [ 41.858756929000037, 7.554690366000045 ], [ 41.859339897000041, 7.552953359000071 ], [ 41.859708714000078, 7.551049790000036 ], [ 41.859946660000048, 7.549622114000044 ], [ 41.859616913000025, 7.547413845000051 ], [ 41.859256616000039, 7.545553235000057 ], [ 41.858340524000027, 7.54300721200002 ], [ 41.857422340000028, 7.540945629000021 ], [ 41.85707940900005, 7.540175654000052 ], [ 41.856460750000053, 7.538581415000067 ], [ 41.856246598000041, 7.537593938000043 ], [ 41.856306085000028, 7.536820614000021 ], [ 41.856630858000074, 7.535700707000046 ], [ 41.856651106000072, 7.535630883000067 ], [ 41.85707940900005, 7.53442925500002 ], [ 41.858459497000069, 7.532965887000046 ], [ 41.859625433000076, 7.532335330000024 ], [ 41.860508022000033, 7.532005004000041 ], [ 41.861659872000075, 7.531573902000048 ], [ 41.863551543000028, 7.531169394000074 ], [ 41.866109464000033, 7.531276469000034 ], [ 41.867632319000052, 7.531193188000032 ], [ 41.869464504000064, 7.530800577000036 ], [ 41.87115392100003, 7.530146225000067 ], [ 41.872926620000044, 7.529313414000057 ], [ 41.877162060000046, 7.526208218000022 ], [ 41.87935116400007, 7.524495006000052 ], [ 41.880778841000051, 7.523614605000034 ], [ 41.883622297000045, 7.522579539000048 ], [ 41.885823298000048, 7.522127442000055 ], [ 41.887405640000054, 7.521960880000051 ], [ 41.889047468000058, 7.52253195000003 ], [ 41.890296685000067, 7.52307922600005 ], [ 41.891926616000035, 7.523804962000042 ], [ 41.892604762000076, 7.524875719000022 ], [ 41.892414405000068, 7.525827504000063 ], [ 41.891795745000024, 7.527457435000031 ], [ 41.891284161000044, 7.529004084000064 ], [ 41.89084396100003, 7.531966513000043 ], [ 41.891022421000059, 7.534655304000069 ], [ 41.891569697000079, 7.53677302400007 ], [ 41.892937887000073, 7.53875987400005 ], [ 41.894710585000041, 7.540223243000071 ], [ 41.895555294000076, 7.54078241600007 ], [ 41.896756922000066, 7.541056054000023 ], [ 41.898006139000074, 7.540865697000072 ], [ 41.899005512000031, 7.540354113000035 ], [ 41.900254729000039, 7.538843155000052 ], [ 41.900980465000032, 7.537855679000074 ], [ 41.901706201000025, 7.537296506000075 ], [ 41.903240953000079, 7.536511284000028 ], [ 41.905263495000042, 7.535511910000025 ], [ 41.90652460900003, 7.534726688000035 ], [ 41.907654853000054, 7.533739212000057 ], [ 41.908404383000061, 7.532680351000067 ], [ 41.908832686000039, 7.531478724000067 ], [ 41.908987351000064, 7.53045555500006 ], [ 41.909284784000079, 7.528449670000043 ], [ 41.909770194000032, 7.526251048000063 ], [ 41.91022705000006, 7.525151737000044 ], [ 41.910612523000054, 7.52428085400004 ], [ 41.911526236000043, 7.523452802000065 ], [ 41.912582717000078, 7.522953115000064 ], [ 41.914010393000069, 7.522225 ], [ 41.915352409000036, 7.52179669700007 ], [ 41.917679522000071, 7.521725313000047 ], [ 41.91937845700005, 7.521925188000068 ], [ 41.920477768000069, 7.522167893000073 ], [ 41.921691294000027, 7.522496258000047 ], [ 41.923133247000067, 7.522881731000041 ], [ 41.92443243300005, 7.523552739000024 ], [ 41.925317592000056, 7.524366515000054 ], [ 41.926274135000028, 7.525365888000067 ], [ 41.92695942000006, 7.526108280000074 ], [ 41.92774464200005, 7.52715048400006 ], [ 41.928644079000037, 7.528349732000038 ], [ 41.929529238000043, 7.53030564900007 ], [ 41.930685656000037, 7.532290120000027 ], [ 41.931556539000042, 7.534003332000054 ], [ 41.932256100000075, 7.535873588000072 ], [ 41.932941385000049, 7.537172774000055 ], [ 41.934083526000052, 7.53852906700007 ], [ 41.935068623000063, 7.539071584000055 ], [ 41.936624791000042, 7.539342842000053 ], [ 41.939094671000078, 7.538757495000027 ], [ 41.940665116000048, 7.537886612000023 ], [ 41.942535372000066, 7.535245410000073 ], [ 41.943920218000073, 7.533832011000072 ], [ 41.945219404000056, 7.532889744000045 ], [ 41.946118840000054, 7.532461441000066 ], [ 41.94778922200004, 7.533275217000039 ], [ 41.948931363000042, 7.533789180000042 ], [ 41.950958664000041, 7.534003332000054 ], [ 41.95220893700008, 7.534507532000021 ], [ 41.953257223000037, 7.536887239000066 ], [ 41.953399991000026, 7.539428503000067 ], [ 41.953085902000055, 7.542041151000035 ], [ 41.952814644000057, 7.544254050000063 ], [ 41.953100179000046, 7.54608147600004 ], [ 41.954242320000048, 7.547423492000064 ], [ 41.955612890000054, 7.548251544000038 ], [ 41.95678358400005, 7.54830865100007 ], [ 41.958225538000079, 7.548037393000072 ], [ 41.960067241000047, 7.547808965000058 ], [ 41.962365800000043, 7.547609090000037 ], [ 41.963165854000067, 7.547243010000045 ], [ 41.963594157000045, 7.546909885000048 ], [ 41.96416522800007, 7.546802809000042 ], [ 41.965057526000066, 7.546874193000065 ], [ 41.965771364000034, 7.547112139000035 ], [ 41.966378126000052, 7.547516648000055 ], [ 41.967068170000061, 7.548016335000057 ], [ 41.96753216500008, 7.548028232000036 ], [ 41.968472052000038, 7.547754594000025 ], [ 41.969578502000047, 7.54750475000003 ], [ 41.970946692000041, 7.546838501000025 ], [ 41.971922271000039, 7.54588671700003 ], [ 41.972838363000051, 7.545172879000063 ], [ 41.974051888000076, 7.544435246000035 ], [ 41.975194029000079, 7.543661921000023 ], [ 41.976288582000052, 7.543186029000026 ], [ 41.977026214000034, 7.542924288000052 ], [ 41.978299226000047, 7.541805941000064 ], [ 41.979500854000037, 7.54040205900003 ], [ 41.980666790000043, 7.538450901000033 ], [ 41.981666163000057, 7.536618716000021 ], [ 41.982606051000062, 7.535024477000036 ], [ 41.983462656000029, 7.53426305000005 ], [ 41.985485198000049, 7.533644390000063 ], [ 41.987817070000062, 7.533656287000042 ], [ 41.989589769000077, 7.534025104000023 ], [ 41.991457645000025, 7.534798429000034 ], [ 41.993420701000048, 7.535619343000064 ], [ 41.994027463000066, 7.535940570000037 ], [ 41.994217820000074, 7.536594922000063 ], [ 41.994681815000035, 7.537094609000064 ], [ 41.995728778000057, 7.537570501000062 ], [ 41.99723973600004, 7.538248647000046 ], [ 41.998322390000055, 7.53905766400004 ], [ 41.999464532000047, 7.540199805000043 ], [ 42.000927900000079, 7.542115271000057 ], [ 42.002664907000053, 7.543864175000067 ], [ 42.00424724800007, 7.545018214000038 ], [ 42.005889076000074, 7.54561307900002 ], [ 42.007649878000052, 7.545934306000049 ], [ 42.009624830000064, 7.546100868000053 ], [ 42.01171875600005, 7.54588671700003 ], [ 42.01306315100004, 7.545696360000022 ], [ 42.015014309000037, 7.545410825000033 ], [ 42.016180245000044, 7.544946830000072 ], [ 42.01752821000008, 7.544618464000052 ], [ 42.019127208000043, 7.544461420000061 ], [ 42.020602565000047, 7.544672185000024 ], [ 42.021125955000059, 7.544746955000051 ], [ 42.022467971000026, 7.545232365000061 ], [ 42.02348162100003, 7.546231739000063 ], [ 42.023681496000052, 7.547959227000035 ], [ 42.023710050000034, 7.549572502000046 ], [ 42.023281747000055, 7.550828857000056 ], [ 42.021796963000043, 7.552213704000053 ], [ 42.020212242000071, 7.553984023000055 ], [ 42.019312806000073, 7.555982770000071 ], [ 42.018638423000027, 7.557294070000069 ], [ 42.017328335000059, 7.55988032700003 ], [ 42.017035369000041, 7.560675522000054 ], [ 42.016628774000026, 7.56177913700003 ], [ 42.016400345000079, 7.563549456000032 ], [ 42.016471729000045, 7.564948579000031 ], [ 42.017057077000061, 7.566190658000039 ], [ 42.018413369000029, 7.567518397000072 ], [ 42.02005519800008, 7.568175128000064 ], [ 42.020968911000068, 7.568203682000046 ], [ 42.022596462000081, 7.567332799000042 ], [ 42.024124076000078, 7.566233488000023 ], [ 42.025580306000052, 7.564820088000033 ], [ 42.026451189000056, 7.56384926800007 ], [ 42.027721821000057, 7.562507252000046 ], [ 42.028290401000049, 7.562093101000073 ], [ 42.028878239000051, 7.561664923000023 ], [ 42.029416027000025, 7.561360178000029 ], [ 42.030705665000028, 7.559323533000054 ], [ 42.031533717000059, 7.558566865000046 ], [ 42.03247598400003, 7.557410447000052 ], [ 42.033047055000054, 7.556653778000054 ], [ 42.033161146000054, 7.556449487000066 ], [ 42.034537787000033, 7.553875757000071 ], [ 42.036346177000041, 7.55157243900004 ], [ 42.038801781000075, 7.548298301000045 ], [ 42.040305600000067, 7.545557162000023 ], [ 42.040933778000067, 7.543805878000057 ], [ 42.042266276000078, 7.541826167000067 ], [ 42.043655882000053, 7.54039849000003 ], [ 42.044988380000063, 7.539199242000052 ], [ 42.047520126000052, 7.53769542200007 ], [ 42.049480802000062, 7.536458103000029 ], [ 42.050832336000042, 7.535563425000021 ], [ 42.051860263000037, 7.534459355000024 ], [ 42.052773976000026, 7.53287939300003 ], [ 42.05324986800008, 7.531356538000068 ], [ 42.053421190000051, 7.530214397000066 ], [ 42.053497332000063, 7.526826045000064 ], [ 42.053078547000041, 7.524427548000062 ], [ 42.052431334000062, 7.521457981000026 ], [ 42.051717867000036, 7.519527423000056 ], [ 42.051460514000041, 7.518831056000067 ], [ 42.051270157000033, 7.516851344000031 ], [ 42.051441478000072, 7.515956667000069 ], [ 42.051693731000057, 7.515708549000067 ], [ 42.052602655000044, 7.514814525000077 ], [ 42.054525259000059, 7.51407213400006 ], [ 42.057456755000032, 7.513615277000042 ], [ 42.061416178000059, 7.513272635000021 ], [ 42.064956816000063, 7.513405884000065 ], [ 42.067355313000064, 7.513291670000058 ], [ 42.068973347000053, 7.512968064000063 ], [ 42.07080077300003, 7.511978208000073 ], [ 42.072513985000057, 7.510074639000038 ], [ 42.073770340000067, 7.507580964000056 ], [ 42.074512732000073, 7.505296681000061 ], [ 42.074741160000031, 7.503811898000038 ], [ 42.075159945000053, 7.501737008000021 ], [ 42.075692945000071, 7.500271260000034 ], [ 42.076225944000043, 7.499262368000075 ], [ 42.077291942000045, 7.498215405000053 ], [ 42.079119368000079, 7.496768693000035 ], [ 42.080585116000066, 7.495893051000053 ], [ 42.083154934000049, 7.494941267000058 ], [ 42.085953180000047, 7.49448441100003 ], [ 42.088618177000058, 7.493932376000032 ], [ 42.092196886000067, 7.492656985000053 ], [ 42.094595383000069, 7.491762307000045 ], [ 42.096898701000043, 7.490753416000075 ], [ 42.099049734000062, 7.489154418000055 ], [ 42.10057258900008, 7.48713663500007 ], [ 42.101391123000042, 7.484623924000061 ], [ 42.10121980200006, 7.482853605000059 ], [ 42.100496446000079, 7.48161628500003 ], [ 42.099563697000065, 7.481673393000051 ], [ 42.099106841000037, 7.481197500000064 ], [ 42.098935520000055, 7.480264752000039 ], [ 42.098821306000048, 7.478932253000039 ], [ 42.098897448000059, 7.478094683000052 ], [ 42.099525626000059, 7.476076900000066 ], [ 42.099563697000065, 7.474173331000031 ], [ 42.099593715000026, 7.472308645000055 ], [ 42.099937475000047, 7.467652706000024 ], [ 42.09944185300003, 7.464143377000028 ], [ 42.09899262700003, 7.460962564000056 ], [ 42.098688056000071, 7.458373710000046 ], [ 42.09893029400007, 7.457075131000067 ], [ 42.100115732000063, 7.454585608000059 ], [ 42.100915231000045, 7.453386360000025 ], [ 42.102209658000049, 7.452720111000076 ], [ 42.10451297600008, 7.452301326000054 ], [ 42.105750296000053, 7.452510718000042 ], [ 42.107292187000041, 7.452149040000052 ], [ 42.108662756000058, 7.45173025500003 ], [ 42.110128504000045, 7.451311470000064 ], [ 42.111898823000047, 7.450835578000067 ], [ 42.114487677000056, 7.449807651000071 ], [ 42.116315103000034, 7.449103330000071 ], [ 42.119703455000035, 7.447808903000066 ], [ 42.121892559000059, 7.447009405000074 ], [ 42.123662878000061, 7.446267013000067 ], [ 42.12493827000003, 7.446095692000029 ], [ 42.128022051000073, 7.446362191000048 ], [ 42.129963691000057, 7.446742905000065 ], [ 42.131943403000037, 7.446400263000044 ], [ 42.133885043000078, 7.446000513000058 ], [ 42.135864754000067, 7.445505585000035 ], [ 42.137083038000071, 7.445124871000075 ], [ 42.138834322000037, 7.44421115800003 ], [ 42.140223927000079, 7.443145160000029 ], [ 42.140737891000072, 7.442421804000048 ], [ 42.140128749000041, 7.441222555000024 ], [ 42.140376213000025, 7.440499199000044 ], [ 42.141061497000067, 7.439737772000058 ], [ 42.14201328200005, 7.438005524000062 ], [ 42.142470138000078, 7.43657784800007 ], [ 42.142413031000046, 7.435397635000072 ], [ 42.142317853000065, 7.434407779000026 ], [ 42.141499318000058, 7.433836708000058 ], [ 42.141067177000025, 7.433626811000067 ], [ 42.140166820000047, 7.433189495000022 ], [ 42.138529751000078, 7.432580353000048 ], [ 42.13773025200004, 7.431723747000035 ], [ 42.137216288000047, 7.430829070000073 ], [ 42.136702325000044, 7.429134894000072 ], [ 42.136435825000035, 7.427669146000028 ], [ 42.136550039000042, 7.426774468000076 ], [ 42.137292431000049, 7.426527004000036 ], [ 42.137806395000041, 7.425841719000061 ], [ 42.13797771600008, 7.425061256000049 ], [ 42.138286521000055, 7.422922640000024 ], [ 42.138838570000075, 7.421434686000055 ], [ 42.139462499000047, 7.420454620000044 ], [ 42.141156676000037, 7.419312478000052 ], [ 42.143117352000047, 7.41824648000005 ], [ 42.144811528000048, 7.417751552000027 ], [ 42.146619918000056, 7.41754215900005 ], [ 42.147762059000058, 7.418227444000024 ], [ 42.14880902200008, 7.418474908000064 ], [ 42.151340769000058, 7.41824648000005 ], [ 42.154576836000047, 7.417770588000053 ], [ 42.157603510000058, 7.417351803000031 ], [ 42.160649220000039, 7.417408910000063 ], [ 42.162990610000065, 7.417732516000058 ], [ 42.164856107000048, 7.418417801000032 ], [ 42.168168317000038, 7.417504088000044 ], [ 42.170509707000065, 7.415181734000043 ], [ 42.172127740000064, 7.413392379000072 ], [ 42.174392987000033, 7.412745166000036 ], [ 42.176505948000056, 7.412516738000022 ], [ 42.178771195000024, 7.412383488000046 ], [ 42.180617657000028, 7.41225023800007 ], [ 42.18238797600003, 7.411469775000057 ], [ 42.182978082000034, 7.411184240000068 ], [ 42.18335879600005, 7.410575098000038 ], [ 42.183301689000075, 7.409071278000056 ], [ 42.182806761000052, 7.407833959000072 ], [ 42.182711583000071, 7.40644435300004 ], [ 42.182844833000047, 7.405207034000057 ], [ 42.183073261000061, 7.404141035000066 ], [ 42.183073261000061, 7.403303465000022 ], [ 42.182446501000072, 7.402370369000039 ], [ 42.181417156000066, 7.401571217000026 ], [ 42.18076994300003, 7.401704467000059 ], [ 42.18038922900007, 7.401399896000044 ], [ 42.179627801000038, 7.400314862000073 ], [ 42.178934247000029, 7.399121303000072 ], [ 42.178809267000076, 7.398906221000061 ], [ 42.178580838000073, 7.397764080000059 ], [ 42.178637945000048, 7.396526760000029 ], [ 42.179342266000049, 7.393347800000072 ], [ 42.179894498000067, 7.391949406000037 ], [ 42.180522479000047, 7.390359197000066 ], [ 42.181188728000052, 7.388303343000075 ], [ 42.181835941000031, 7.385961953000049 ], [ 42.18210244100004, 7.384210670000073 ], [ 42.182649717000061, 7.382164333000048 ], [ 42.183910831000048, 7.379451748000065 ], [ 42.184624669000073, 7.377238849000037 ], [ 42.185338508000029, 7.374811799000042 ], [ 42.18574301600006, 7.373645863000036 ], [ 42.185980962000031, 7.371123634000071 ], [ 42.186123730000077, 7.368482432000064 ], [ 42.187051720000056, 7.365460517000031 ], [ 42.187813147000043, 7.364080430000058 ], [ 42.188431807000029, 7.362914494000051 ], [ 42.188717342000075, 7.361320255000066 ], [ 42.188384218000067, 7.358988383000053 ], [ 42.187503817000049, 7.356133030000024 ], [ 42.187099309000075, 7.355252629000063 ], [ 42.186669001000041, 7.355005202000029 ], [ 42.18519574000004, 7.354158077000022 ], [ 42.183339760000081, 7.353277677000051 ], [ 42.181959673000051, 7.352064152000025 ], [ 42.181531370000073, 7.350779243000034 ], [ 42.181721727000081, 7.348423576000073 ], [ 42.182031057000074, 7.347257640000066 ], [ 42.182054851000032, 7.346638980000023 ], [ 42.181079272000034, 7.344568849000041 ], [ 42.180294050000043, 7.342236978000074 ], [ 42.180365434000066, 7.340428587000076 ], [ 42.180936505000034, 7.338525018000041 ], [ 42.18200726200007, 7.336859396000023 ], [ 42.182840074000069, 7.335978995000062 ], [ 42.183078020000039, 7.335122389000048 ], [ 42.182530744000076, 7.33331399900004 ], [ 42.181578959000035, 7.331957706000026 ], [ 42.179413650000072, 7.330315878000022 ], [ 42.177588698000079, 7.329734718000054 ], [ 42.17608487900003, 7.32914461200005 ], [ 42.174809488000051, 7.328668720000053 ], [ 42.174219382000047, 7.327812114000039 ], [ 42.173629275000053, 7.326479616000029 ], [ 42.173457954000071, 7.324766404000059 ], [ 42.173876739000036, 7.323662334000062 ], [ 42.174562497000068, 7.323303432000046 ], [ 42.175913558000047, 7.322596335000071 ], [ 42.178464340000062, 7.321720694000021 ], [ 42.180310802000065, 7.321320944000036 ], [ 42.182157263000079, 7.321587444000045 ], [ 42.183470726000053, 7.321834908000028 ], [ 42.185050688000047, 7.320921195000039 ], [ 42.187106542000038, 7.318789198000047 ], [ 42.189162397000075, 7.315781559000072 ], [ 42.190247431000046, 7.313801847000036 ], [ 42.190875609000045, 7.311841172000072 ], [ 42.191541858000051, 7.310223138000026 ], [ 42.192093893000049, 7.308186320000061 ], [ 42.192817249000029, 7.306910928000036 ], [ 42.19342639100006, 7.306339858000058 ], [ 42.195444174000045, 7.304721824000069 ], [ 42.197005100000069, 7.303808111000023 ], [ 42.198870598000042, 7.302799220000054 ], [ 42.201250059000074, 7.301790328000038 ], [ 42.20423866200008, 7.301066972000058 ], [ 42.20559019500007, 7.300514937000059 ], [ 42.207151122000027, 7.299011118000067 ], [ 42.208997584000031, 7.297792834000063 ], [ 42.210539474000029, 7.296822014000043 ], [ 42.213318685000047, 7.295679872000051 ], [ 42.215336468000032, 7.294880374000059 ], [ 42.217525572000056, 7.29335751900004 ], [ 42.218553499000052, 7.291606235000074 ], [ 42.219067463000044, 7.289893023000047 ], [ 42.219314927000028, 7.288198847000046 ], [ 42.219638533000079, 7.286542742000051 ], [ 42.219916126000044, 7.284806416000038 ], [ 42.221446924000077, 7.28317342500003 ], [ 42.222227387000032, 7.281422142000054 ], [ 42.222170280000057, 7.279670859000021 ], [ 42.221777551000059, 7.277203677000045 ], [ 42.221523066000032, 7.274150509000037 ], [ 42.221651307000059, 7.272339106000061 ], [ 42.221675352000034, 7.271999477000065 ], [ 42.22172082700007, 7.271696966000036 ], [ 42.222113173000025, 7.269087016000071 ], [ 42.22241774400004, 7.267697411000029 ], [ 42.222703279000029, 7.266441056000076 ], [ 42.22241774400004, 7.265489271000035 ], [ 42.221979923000049, 7.264784951000024 ], [ 42.22205606600005, 7.26409966600005 ], [ 42.222151244000031, 7.263395346000038 ], [ 42.222476500000027, 7.262705804000063 ], [ 42.222627136000028, 7.262386454000023 ], [ 42.223083993000046, 7.260996849000037 ], [ 42.224254687000041, 7.259154890000048 ], [ 42.224930455000049, 7.257951139000056 ], [ 42.225653811000029, 7.256542498000044 ], [ 42.226872095000033, 7.254772179000042 ], [ 42.228033272000062, 7.253420645000062 ], [ 42.22930866300004, 7.251954897000076 ], [ 42.229974912000046, 7.251440933000026 ], [ 42.230654909000066, 7.251408553000033 ], [ 42.231231267000055, 7.251383826000051 ], [ 42.23189751600006, 7.250336864000076 ], [ 42.232259194000051, 7.249404115000061 ], [ 42.232792194000069, 7.24664394000007 ], [ 42.232811229000049, 7.245121085000051 ], [ 42.232830265000075, 7.243541123000057 ], [ 42.232716051000068, 7.241561411000021 ], [ 42.232490201000076, 7.240305012000022 ], [ 42.23250586100005, 7.227563349000036 ], [ 42.229656308000074, 7.216959503000055 ], [ 42.23223441600004, 7.210369438000043 ], [ 41.835206490000076, 7.174129840000035 ], [ 41.731216397000026, 7.198193981000031 ], [ 41.541883351000081, 7.29077269000004 ], [ 41.404282064000029, 7.316028571000061 ], [ 41.405127184000037, 7.320524608000028 ], [ 41.407585155000049, 7.333601012000031 ], [ 41.408180633000029, 7.336768954000036 ], [ 41.410213803000033, 7.347585424000044 ], [ 41.411259040000061, 7.353146085000049 ], [ 41.412776534000045, 7.361219151000057 ], [ 41.414116851000074, 7.368349640000076 ], [ 41.416170057000045, 7.379272703000026 ], [ 41.417267280000033, 7.385109930000056 ], [ 41.419480925000073, 7.396886524000024 ], [ 41.420398068000054, 7.401765721000061 ], [ 41.422629731000029, 7.413638171000059 ], [ 41.423830482000028, 7.420026174000043 ], [ 41.425967182000079, 7.431393419000074 ], [ 41.428887219000046, 7.446928016000072 ], [ 41.431709436000062, 7.461942218000047 ], [ 41.432720705000065, 7.467322168000067 ], [ 41.435198317000072, 7.480503070000054 ], [ 41.435782325000048, 7.483609990000048 ], [ 41.438029938000057, 7.495567295000058 ], [ 41.439177080000036, 7.501670089000072 ], [ 41.441211481000039, 7.512493106000022 ], [ 41.443959609000046, 7.527113148000069 ], [ 41.443990959000075, 7.527113329000031 ], [ 41.443969849000041, 7.527167624000072 ], [ 41.446378738000078, 7.539982913000074 ], [ 41.449664203000054, 7.557461595000063 ], [ 41.452150825000047, 7.570690425000066 ], [ 41.452905067000074, 7.574702995000052 ], [ 41.455734669000037, 7.589756482000041 ], [ 41.456813037000074, 7.595493401000056 ], [ 41.459123271000067, 7.607783844000039 ], [ 41.46092974000004, 7.61739426400004 ], [ 41.465474498000049, 7.641572345000043 ], [ 41.488402587000053, 7.763549366000063 ], [ 41.489304140000058, 7.76834561000004 ], [ 41.496691100000078, 7.80764412000002 ], [ 41.496724115000063, 7.807819761000076 ], [ 41.508978396000032, 7.873011521000024 ], [ 41.513486410000041, 7.896993792000046 ], [ 41.517263252000078, 7.917086274000042 ], [ 41.519083262000038, 7.926768579000054 ], [ 41.519639121000068, 7.929725707000046 ], [ 41.521332999000037, 7.938737 ], [ 41.522733291000065, 7.946186452000063 ], [ 41.524369044000025, 7.954888546000063 ], [ 41.527857577000077, 7.973447306000025 ], [ 41.528403174000061, 7.976349844000026 ], [ 41.528606239000055, 7.97644649800003 ], [ 41.529034542000034, 7.975390017000052 ], [ 41.52991970100004, 7.974561965000021 ], [ 41.531147503000057, 7.973376993000045 ], [ 41.531989833000068, 7.972748815000045 ], [ 41.533645937000074, 7.97206353100006 ], [ 41.533994043000064, 7.971919487000036 ], [ 41.534888016000025, 7.971549567000068 ], [ 41.53657267400007, 7.971121264000033 ], [ 41.538385824000045, 7.970878559000028 ], [ 41.539356644000065, 7.970707238000045 ], [ 41.539613626000062, 7.970221828000035 ], [ 41.539527965000048, 7.968722767000031 ], [ 41.538914064000039, 7.966938172000027 ], [ 41.538200226000072, 7.965838861000066 ], [ 41.538024566000047, 7.963906606000023 ], [ 41.537971797000068, 7.963326150000057 ], [ 41.537724808000064, 7.961232104000032 ], [ 41.537698159000058, 7.961006175000023 ], [ 41.537495905000071, 7.959126401000049 ], [ 41.537531597000054, 7.958293590000039 ], [ 41.537186575000078, 7.956366226000057 ], [ 41.536972424000055, 7.955640491000054 ], [ 41.537007108000068, 7.954704032000052 ], [ 41.537020013000074, 7.954355582000062 ], [ 41.537036089000026, 7.954207975000031 ], [ 41.537293651000027, 7.951631099000053 ], [ 41.538090771000043, 7.95012014100007 ], [ 41.539078247000077, 7.94860918300003 ], [ 41.539661215000081, 7.947300480000024 ], [ 41.53991105800003, 7.946098852000034 ], [ 41.539863469000068, 7.944766354000024 ], [ 41.539574944000037, 7.944189305000066 ], [ 41.539232912000045, 7.943505240000036 ], [ 41.538714028000072, 7.942752493000057 ], [ 41.538388203000068, 7.942279817000042 ], [ 41.537876619000031, 7.940828346000046 ], [ 41.537793338000029, 7.939757589000067 ], [ 41.538078873000075, 7.938175247000061 ], [ 41.538352511000028, 7.936818954000046 ], [ 41.53870943000004, 7.935890964000066 ], [ 41.539518447000034, 7.934629850000022 ], [ 41.540160902000025, 7.933916012000054 ], [ 41.540743870000028, 7.933713758000067 ], [ 41.541743243000042, 7.933499606000055 ], [ 41.542457081000066, 7.933190276000062 ], [ 41.542730839000058, 7.933122959000059 ], [ 41.543182817000059, 7.933011817000022 ], [ 41.543801477000045, 7.932916638000052 ], [ 41.544110807000038, 7.932750076000048 ], [ 41.545050694000054, 7.931786394000028 ], [ 41.546169041000041, 7.930787021000071 ], [ 41.546811495000043, 7.930144566000024 ], [ 41.547430155000029, 7.928788273000066 ], [ 41.547810869000045, 7.927788900000053 ], [ 41.548387942000033, 7.927157988000033 ], [ 41.549107675000073, 7.92730111000003 ], [ 41.550428276000048, 7.928324278000048 ], [ 41.551189703000034, 7.929014322000057 ], [ 41.551808363000077, 7.930572869000059 ], [ 41.552522202000034, 7.931750702000045 ], [ 41.553093272000069, 7.932179005000023 ], [ 41.553664343000037, 7.931893470000034 ], [ 41.554223516000036, 7.931393783000033 ], [ 41.554628025000056, 7.930632356000046 ], [ 41.55544893900003, 7.929371241000069 ], [ 41.55586534400004, 7.928514635000056 ], [ 41.556436415000064, 7.927800797000032 ], [ 41.557471480000061, 7.927122651000047 ], [ 41.558994335000079, 7.926147072000049 ], [ 41.560088888000053, 7.925492720000022 ], [ 41.560731342000054, 7.92462421700003 ], [ 41.560945493000077, 7.923101362000068 ], [ 41.561135850000028, 7.921959220000076 ], [ 41.561231029000055, 7.921043128000065 ], [ 41.561123953000049, 7.920507749000024 ], [ 41.560671855000066, 7.919984268000064 ], [ 41.559815250000042, 7.919603554000048 ], [ 41.559227370000031, 7.919135352000069 ], [ 41.558601724000027, 7.918080699000029 ], [ 41.557994962000066, 7.916914763000023 ], [ 41.557697529000052, 7.915284832000054 ], [ 41.55737630200008, 7.913464544000021 ], [ 41.55737630200008, 7.911977381000042 ], [ 41.55815274400004, 7.91033473400006 ], [ 41.558780184000057, 7.909455153000067 ], [ 41.559529714000064, 7.908610444000033 ], [ 41.560350628000037, 7.908075065000048 ], [ 41.560778931000073, 7.90750399500007 ], [ 41.561421386000063, 7.906445134000023 ], [ 41.562218505000033, 7.905398172000048 ], [ 41.562979933000065, 7.904351209000026 ], [ 41.564050690000045, 7.902780765000045 ], [ 41.564895399000079, 7.901507753000033 ], [ 41.565097653000066, 7.900889093000046 ], [ 41.56484781000006, 7.900436995000064 ], [ 41.564740734000054, 7.900068179000073 ], [ 41.565157139000064, 7.899045011000055 ], [ 41.566061335000029, 7.897581642000034 ], [ 41.567262962000029, 7.89593981400003 ], [ 41.567703163000033, 7.894964235000032 ], [ 41.567822136000075, 7.894214705000024 ], [ 41.567643676000046, 7.893584148000059 ], [ 41.567051783000068, 7.892968890000077 ], [ 41.565835286000038, 7.891704374000028 ], [ 41.565490264000061, 7.89072879500003 ], [ 41.565823389000059, 7.889812702000029 ], [ 41.566037540000025, 7.889229734000025 ], [ 41.565692518000048, 7.888385025000048 ], [ 41.565180934000068, 7.887730674000068 ], [ 41.564645555000027, 7.886909760000037 ], [ 41.564431404000061, 7.885839002000068 ], [ 41.564408555000057, 7.884753687000057 ], [ 41.564383815000042, 7.883578514000021 ], [ 41.564217252000049, 7.882781395000052 ], [ 41.564705042000071, 7.880663674000061 ], [ 41.564796047000073, 7.880357897000067 ], [ 41.565002475000028, 7.879664301000048 ], [ 41.56499057700006, 7.879093230000024 ], [ 41.565359394000041, 7.877736937000066 ], [ 41.565050064000047, 7.87638064500004 ], [ 41.565478367000026, 7.875226606000069 ], [ 41.566097027000069, 7.874822098000038 ], [ 41.566727584000034, 7.87370375100005 ], [ 41.567084503000046, 7.872311766000053 ], [ 41.56941637500006, 7.869515900000067 ], [ 41.570689386000026, 7.86756474200007 ], [ 41.570403851000037, 7.866862801000025 ], [ 41.570451440000056, 7.86632742200004 ], [ 41.571141484000066, 7.864947335000068 ], [ 41.57236690600007, 7.862960485000031 ], [ 41.572735723000051, 7.86204439200003 ], [ 41.572807107000074, 7.861045018000027 ], [ 41.572807107000074, 7.860450153000045 ], [ 41.573140231000025, 7.859557855000048 ], [ 41.573116437000067, 7.858808325000041 ], [ 41.572890388000076, 7.858189665000054 ], [ 41.572533469000064, 7.857761362000076 ], [ 41.572247933000028, 7.85723788100006 ], [ 41.572212241000045, 7.855952972000068 ], [ 41.572414496000079, 7.854180273000054 ], [ 41.572346395000068, 7.852800995000052 ], [ 41.572866593000072, 7.85239567800005 ], [ 41.573342485000069, 7.851658045000022 ], [ 41.573413869000035, 7.850908515000071 ], [ 41.573300122000035, 7.85028853600005 ], [ 41.573554947000048, 7.849617235000039 ], [ 41.574008734000074, 7.849230995000028 ], [ 41.574460832000057, 7.848778897000045 ], [ 41.57531743800007, 7.84917150800004 ], [ 41.576495271000056, 7.849088227000038 ], [ 41.578160894000064, 7.849242892000063 ], [ 41.579517187000079, 7.849897244000033 ], [ 41.580231025000046, 7.851372509000043 ], [ 41.580897274000051, 7.852252910000061 ], [ 41.582027518000075, 7.853882841000029 ], [ 41.582848432000048, 7.855548464000037 ], [ 41.583395708000069, 7.857011832000069 ], [ 41.584668720000025, 7.858011206000072 ], [ 41.58698869400007, 7.859308012000042 ], [ 41.588571036000076, 7.859284217000038 ], [ 41.590367529000048, 7.858606071000054 ], [ 41.592033152000056, 7.857083216000035 ], [ 41.592330584000081, 7.856369378000068 ], [ 41.592520941000032, 7.855786410000064 ], [ 41.592497146000028, 7.855013085000053 ], [ 41.593008731000054, 7.853918533000069 ], [ 41.594567278000056, 7.852645521000056 ], [ 41.595197835000079, 7.851455791000035 ], [ 41.596197208000035, 7.850111395000056 ], [ 41.597422631000029, 7.848993048000068 ], [ 41.597958009000081, 7.847779523000042 ], [ 41.597791447000077, 7.846958609000069 ], [ 41.597910420000062, 7.846447025000032 ], [ 41.598826513000063, 7.845388165000031 ], [ 41.599480864000043, 7.844769505000045 ], [ 41.600515930000029, 7.844448278000073 ], [ 41.600932336000028, 7.844222229000025 ], [ 41.601741352000033, 7.84303249900006 ], [ 41.602360012000076, 7.841652411000041 ], [ 41.602586061000068, 7.840962368000021 ], [ 41.603383181000027, 7.840189043000066 ], [ 41.604311170000074, 7.83953469100004 ], [ 41.604965522000043, 7.838987415000076 ], [ 41.605072598000049, 7.838523420000058 ], [ 41.605013111000062, 7.83805942500004 ], [ 41.605370030000074, 7.837345587000073 ], [ 41.605929204000063, 7.836417597000036 ], [ 41.606083869000031, 7.835406326000054 ], [ 41.60667873400007, 7.833145838000064 ], [ 41.607095140000069, 7.83159918900003 ], [ 41.606880988000057, 7.830326177000074 ], [ 41.606253904000027, 7.828305574000069 ], [ 41.60613145800005, 7.827911024000059 ], [ 41.605917307000027, 7.825947969000026 ], [ 41.605179674000055, 7.823461432000045 ], [ 41.604941727000039, 7.822557237000069 ], [ 41.605381928000043, 7.822069447000047 ], [ 41.605286749000072, 7.821224739000058 ], [ 41.60492983000006, 7.819844651000039 ], [ 41.604049430000032, 7.818262310000023 ], [ 41.603787689000058, 7.816941709000048 ], [ 41.604120813000065, 7.815537827000071 ], [ 41.604049430000032, 7.814026869000031 ], [ 41.604453938000063, 7.812801447000027 ], [ 41.604763268000056, 7.811790176000045 ], [ 41.605679360000067, 7.810695624000061 ], [ 41.606345609000073, 7.810172142000056 ], [ 41.606641298000056, 7.810120267000059 ], [ 41.607023756000046, 7.810053169000071 ], [ 41.607404470000063, 7.809874710000031 ], [ 41.608725070000048, 7.807864065000047 ], [ 41.609831520000057, 7.806793308000067 ], [ 41.610985558000039, 7.805960496000068 ], [ 41.612092008000047, 7.804675587000077 ], [ 41.61360296600003, 7.803224116000024 ], [ 41.614281112000072, 7.802070077000053 ], [ 41.614673723000067, 7.801153985000042 ], [ 41.614804593000031, 7.800011844000039 ], [ 41.614721312000029, 7.799274211000068 ], [ 41.61429300900005, 7.79839381000005 ], [ 41.614840285000071, 7.797501512000053 ], [ 41.614602339000044, 7.795847787000071 ], [ 41.615054437000026, 7.794324932000052 ], [ 41.615708789000053, 7.792290493000053 ], [ 41.616053810000039, 7.791421989000071 ], [ 41.615966988000025, 7.791035630000067 ], [ 41.615815864000069, 7.79036312900007 ], [ 41.615399459000059, 7.789613599000063 ], [ 41.615280486000074, 7.787936079000076 ], [ 41.615113923000081, 7.787246035000067 ], [ 41.61470941500005, 7.786901014000023 ], [ 41.614114550000068, 7.785509029000025 ], [ 41.613150868000048, 7.783926687000076 ], [ 41.611425759000042, 7.782332448000034 ], [ 41.610426385000039, 7.781047539000042 ], [ 41.609605471000066, 7.780060063000064 ], [ 41.60893922200006, 7.778715668000075 ], [ 41.608403843000076, 7.777240402000075 ], [ 41.607594827000071, 7.775241655000059 ], [ 41.607761389000075, 7.774194692000037 ], [ 41.607582929000046, 7.77358792900003 ], [ 41.607452059000025, 7.77224353400004 ], [ 41.607309291000036, 7.771065701000055 ], [ 41.607666210000048, 7.769721305000076 ], [ 41.608565297000041, 7.768070098000067 ], [ 41.608903530000077, 7.767448920000049 ], [ 41.609021864000056, 7.767268132000027 ], [ 41.609331833000056, 7.766794568000023 ], [ 41.609807725000053, 7.766187805000072 ], [ 41.610021877000065, 7.765616735000037 ], [ 41.610807099000056, 7.764950486000032 ], [ 41.61230615900007, 7.763629885000057 ], [ 41.613793322000049, 7.763046917000054 ], [ 41.615339972000072, 7.762297387000046 ], [ 41.615920561000053, 7.761745352000048 ], [ 41.617562389000057, 7.760774532000028 ], [ 41.619090003000053, 7.760046417000069 ], [ 41.620103653000058, 7.759461069000054 ], [ 41.620988813000054, 7.758347481000044 ], [ 41.62157416000008, 7.757133956000075 ], [ 41.621973909000076, 7.756819867000047 ], [ 41.622644917000059, 7.756691377000038 ], [ 41.623173158000043, 7.755649173000052 ], [ 41.623787059000051, 7.753593318000071 ], [ 41.624143978000063, 7.75053809000002 ], [ 41.624315299000045, 7.749181798000052 ], [ 41.624800709000056, 7.748053933000051 ], [ 41.624857816000031, 7.745541222000043 ], [ 41.625000584000077, 7.744070715000021 ], [ 41.624809221000078, 7.742464009000059 ], [ 41.625314673000048, 7.739730579000025 ], [ 41.625957127000049, 7.73744629600003 ], [ 41.627246586000069, 7.73528747000006 ], [ 41.628569775000074, 7.733919935000074 ], [ 41.629883238000048, 7.733448801000065 ], [ 41.63072556700007, 7.733962765000058 ], [ 41.631853431000025, 7.733563016000062 ], [ 41.633652304000066, 7.732292383000072 ], [ 41.635237025000038, 7.731107412000028 ], [ 41.636793193000074, 7.730493511000077 ], [ 41.639063198000031, 7.729508414000065 ], [ 41.640690750000033, 7.729165772000044 ], [ 41.642446792000044, 7.728137845000049 ], [ 41.644031513000073, 7.727266962000044 ], [ 41.645630511000036, 7.726424633000022 ], [ 41.646430010000074, 7.725154 ], [ 41.648043284000039, 7.723012486000073 ], [ 41.649056935000033, 7.722355754000034 ], [ 41.650070585000037, 7.721584809000035 ], [ 41.65106995900004, 7.720685373000038 ], [ 41.651655306000066, 7.719900151000047 ], [ 41.652112162000037, 7.71885794700006 ], [ 41.652069332000053, 7.718201215000022 ], [ 41.65196418000005, 7.716981454000063 ], [ 41.651926565000053, 7.716545111000073 ], [ 41.651241280000079, 7.714346489000036 ], [ 41.65077014600007, 7.712576170000034 ], [ 41.650927191000051, 7.711119939000071 ], [ 41.651712413000041, 7.710220503000073 ], [ 41.652312037000058, 7.708921317000033 ], [ 41.653197197000054, 7.707979051000052 ], [ 41.654544950000059, 7.707284246000029 ], [ 41.65549575600005, 7.706794079000076 ], [ 41.657837146000077, 7.706865463000042 ], [ 41.659536081000056, 7.706922570000074 ], [ 41.661877470000036, 7.705866090000029 ], [ 41.666446036000025, 7.704424136000057 ], [ 41.667602454000075, 7.704124324000077 ], [ 41.669301389000054, 7.70275375500006 ], [ 41.670457807000048, 7.701411739000037 ], [ 41.670986047000042, 7.700455195000075 ], [ 41.671557118000067, 7.699327331000063 ], [ 41.67192831400007, 7.698870474000046 ], [ 41.672627875000046, 7.698570662000066 ], [ 41.672727813000051, 7.69754273500007 ], [ 41.672913411000025, 7.695815246000052 ], [ 41.673227499000063, 7.694544614000051 ], [ 41.673198469000056, 7.693628086000047 ], [ 41.673127562000047, 7.691389449000042 ], [ 41.672827750000067, 7.690604227000051 ], [ 41.672913411000025, 7.68917655000007 ], [ 41.672442277000073, 7.687420508000059 ], [ 41.672142465000036, 7.686064215000044 ], [ 41.671528564000027, 7.683722825000075 ], [ 41.671342966000054, 7.682537854000032 ], [ 41.671514288000026, 7.681081624000058 ], [ 41.671771269000033, 7.679896652000025 ], [ 41.672742089000053, 7.678326208000044 ], [ 41.673470204000068, 7.677469602000031 ], [ 41.673875791000057, 7.677262663000022 ], [ 41.674634237000078, 7.676875688000052 ], [ 41.676097605000052, 7.676459283000042 ], [ 41.67725164400008, 7.676090466000062 ], [ 41.678465169000049, 7.675935801000037 ], [ 41.68003561300003, 7.67610236400003 ], [ 41.682319896000081, 7.676090466000062 ], [ 41.683878443000026, 7.675983391000045 ], [ 41.685603552000032, 7.675900109000054 ], [ 41.687626094000052, 7.675876315000039 ], [ 41.689446382000028, 7.675995288000024 ], [ 41.691575999000065, 7.67624513100003 ], [ 41.69289660000004, 7.67651876900004 ], [ 41.694312379000053, 7.676459283000042 ], [ 41.695454521000045, 7.676340310000057 ], [ 41.696751327000072, 7.676316515000053 ], [ 41.698952328000075, 7.675424217000057 ], [ 41.700427594000075, 7.674650892000045 ], [ 41.701224714000034, 7.673282702000051 ], [ 41.701724400000046, 7.672414199000059 ], [ 41.70271187700007, 7.671093598000027 ], [ 41.703056898000057, 7.670308376000037 ], [ 41.703152077000027, 7.668440499000042 ], [ 41.70284233600006, 7.666826965000041 ], [ 41.702640493000047, 7.66577550300002 ], [ 41.702009936000024, 7.664443005000066 ], [ 41.701450762000036, 7.663574501000028 ], [ 41.700570362000065, 7.662349079000023 ], [ 41.69975153300004, 7.661469274000069 ], [ 41.699357016000079, 7.661056743000074 ], [ 41.698305017000052, 7.660051040000042 ], [ 41.697466431000066, 7.659249437000028 ], [ 41.697036918000038, 7.658832938000046 ], [ 41.696493944000053, 7.658306419000041 ], [ 41.696489705000033, 7.658308223000063 ], [ 41.696430100000043, 7.658244509000042 ], [ 41.695264164000037, 7.65723323800006 ], [ 41.69371751400007, 7.655686588000037 ], [ 41.692063789000031, 7.653509381000049 ], [ 41.691064415000028, 7.652057910000053 ], [ 41.690314885000078, 7.65040418500007 ], [ 41.690076939000051, 7.648881330000052 ], [ 41.690029349000042, 7.647727291000024 ], [ 41.690814572000079, 7.646180641000058 ], [ 41.691944816000046, 7.644622094000056 ], [ 41.692956087000027, 7.643325288000028 ], [ 41.693467671000064, 7.642504374000055 ], [ 41.69392356000003, 7.642134377000048 ], [ 41.694288585000038, 7.641838125000049 ], [ 41.696013694000044, 7.640826854000068 ], [ 41.698119517000066, 7.640303373000052 ], [ 41.700403799000071, 7.640517524000074 ], [ 41.701296097000068, 7.640612703000045 ], [ 41.702581006000059, 7.641159979000065 ], [ 41.704900981000037, 7.642064174000041 ], [ 41.708803297000031, 7.64353944000004 ], [ 41.71327668400005, 7.645514392000052 ], [ 41.716120139000054, 7.646525663000034 ], [ 41.717761968000048, 7.646834993000027 ], [ 41.719962969000051, 7.646597047000057 ], [ 41.722865911000042, 7.645776133000027 ], [ 41.723722517000056, 7.645097987000042 ], [ 41.724793275000025, 7.644241381000029 ], [ 41.725745059000076, 7.643396672000051 ], [ 41.72655407600007, 7.64220694200003 ], [ 41.72707755700003, 7.641171876000044 ], [ 41.72748206600005, 7.63856636600002 ], [ 41.727505860000065, 7.637210073000062 ], [ 41.727289711000026, 7.636313953000069 ], [ 41.72693479000003, 7.634842510000055 ], [ 41.726368645000036, 7.633595222000054 ], [ 41.726173362000054, 7.633164990000068 ], [ 41.725576298000078, 7.632152114000064 ], [ 41.725507113000049, 7.632034746000045 ], [ 41.723851161000027, 7.630206641000029 ], [ 41.722175868000079, 7.628263300000071 ] ] ] } },
{ "type": "Feature", "properties": { "DISTRICTS": "Raso", "Zone_Name": "Afder", "Wor_PCode": "ET0501008" }, "geometry": { "type": "Polygon", "coordinates": [ [ [ 42.167799908000063, 6.951950454000041 ], [ 42.167329650000056, 6.945443813000054 ], [ 42.165749383000048, 6.943329519000031 ], [ 42.16459267700003, 6.941781918000061 ], [ 42.15998466800005, 6.942409587000043 ], [ 42.151382521000073, 6.949418463000029 ], [ 42.145855027000039, 6.949803834000022 ], [ 42.132667552000044, 6.938598591000073 ], [ 42.124412598000049, 6.936879636000072 ], [ 42.120536775000062, 6.934299974000055 ], [ 42.119911185000035, 6.929696501000024 ], [ 42.122943879000047, 6.926520357000072 ], [ 42.13515082300006, 6.925074506000044 ], [ 42.137245132000032, 6.923265020000031 ], [ 42.137752597000031, 6.919825031000073 ], [ 42.134845776000077, 6.91381124000003 ], [ 42.126705168000058, 6.903592199000059 ], [ 42.123050664000061, 6.901705222000032 ], [ 42.11936195100003, 6.90234517600004 ], [ 42.116069760000073, 6.907586146000028 ], [ 42.111011552000036, 6.907748686000048 ], [ 42.108039905000055, 6.906329675000052 ], [ 42.103752062000069, 6.900297550000062 ], [ 42.100559285000031, 6.898417001000041 ], [ 42.093193009000061, 6.898777990000042 ], [ 42.090934838000067, 6.895760038000049 ], [ 42.090087928000059, 6.890463880000027 ], [ 42.092414897000026, 6.871652520000055 ], [ 42.089893258000075, 6.854155088000027 ], [ 42.087436637000053, 6.848606048000022 ], [ 42.081516211000064, 6.844390403000034 ], [ 42.073501666000027, 6.841984811000032 ], [ 42.070774018000066, 6.839651039000046 ], [ 42.070156176000069, 6.834357337000029 ], [ 42.073551184000053, 6.821533120000026 ], [ 42.078018199000041, 6.814239988000054 ], [ 42.078459211000052, 6.812345657000037 ], [ 42.079411161000053, 6.808602858000029 ], [ 42.081410678000054, 6.800511078000056 ], [ 42.082885705000081, 6.794541840000022 ], [ 42.08022307300007, 6.787611966000043 ], [ 42.076443402000052, 6.783613802000048 ], [ 42.072742453000046, 6.779698913000061 ], [ 42.070037863000039, 6.775525982000033 ], [ 42.063896119000049, 6.770617085000026 ], [ 42.06326296800006, 6.766702139000074 ], [ 42.064681981000035, 6.763733893000051 ], [ 42.066399876000048, 6.762455003000071 ], [ 42.06748131300003, 6.761649926000075 ], [ 42.068492182000057, 6.760897383000042 ], [ 42.075599755000042, 6.755606137000029 ], [ 42.078411130000063, 6.751737685000023 ], [ 42.078922186000057, 6.748067871000046 ], [ 42.076923322000027, 6.74275489300004 ], [ 42.073511307000047, 6.740022768000074 ], [ 42.06624184900005, 6.734201849000044 ], [ 42.057365412000081, 6.727094163000061 ], [ 42.05633933200005, 6.717887973000074 ], [ 42.053588814000079, 6.717390524000052 ], [ 42.051425898000048, 6.724256517000072 ], [ 42.049358427000072, 6.723999099000025 ], [ 42.048006830000077, 6.716437631000076 ], [ 42.045940362000067, 6.704876834000061 ], [ 42.046897665000074, 6.701662589000023 ], [ 42.048888091000038, 6.694999399000039 ], [ 42.049076061000051, 6.694348400000024 ], [ 42.047378925000032, 6.693256921000057 ], [ 42.045429306000074, 6.69200083000004 ], [ 42.032115956000041, 6.690442148000045 ], [ 42.030063606000056, 6.689035420000039 ], [ 42.02826697100005, 6.686023327000044 ], [ 42.029846255000052, 6.671336136000036 ], [ 42.032192313000053, 6.667920150000043 ], [ 42.037483179000048, 6.667761390000067 ], [ 42.039176459000032, 6.665430981000043 ], [ 42.040636601000074, 6.66398386700007 ], [ 42.038028633000067, 6.661563324000042 ], [ 42.032073999000033, 6.659874042000069 ], [ 42.024360718000025, 6.652185522000025 ], [ 42.021831521000081, 6.652151124000056 ], [ 42.018119750000039, 6.654629292000038 ], [ 42.014469215000076, 6.652511547000074 ], [ 42.018020714000045, 6.645204617000047 ], [ 42.030540452000025, 6.637559 ], [ 42.033111609000059, 6.634376618000033 ], [ 42.031101215000035, 6.629982935000044 ], [ 42.024673513000039, 6.629435968000053 ], [ 42.022209143000055, 6.624576022000042 ], [ 42.022720387000049, 6.620905831000073 ], [ 42.02878180700003, 6.614781853000068 ], [ 42.034317050000027, 6.613477753000041 ], [ 42.043563378000044, 6.616185479000023 ], [ 42.043819407000058, 6.615199774000075 ], [ 42.046268466000072, 6.613638403000039 ], [ 42.045619946000045, 6.608267742000066 ], [ 42.041187200000024, 6.598629912000035 ], [ 42.043087029000048, 6.594059514000037 ], [ 42.048328357000059, 6.597840426000062 ], [ 42.051742473000047, 6.600151551000067 ], [ 42.055190967000044, 6.59996897700006 ], [ 42.058681419000038, 6.597027381000032 ], [ 42.06765740700007, 6.579219800000033 ], [ 42.075328918000025, 6.573116801000026 ], [ 42.029287159000035, 6.576469426000074 ], [ 41.998572452000076, 6.558737224000026 ], [ 41.946959078000077, 6.556204053000044 ], [ 41.915927725000074, 6.513773426000057 ], [ 41.857664776000036, 6.475142558000073 ], [ 41.81840061500003, 6.47039286100005 ], [ 41.797029050000049, 6.453756937000037 ], [ 41.762674698000069, 6.446083693000048 ], [ 41.731093481000073, 6.45333781100004 ], [ 41.694124482000063, 6.49553766300005 ], [ 41.684886849000065, 6.505226511000046 ], [ 41.67618064100003, 6.521226831000035 ], [ 41.663471381000079, 6.535479731000066 ], [ 41.630992669000079, 6.542723009000042 ], [ 41.504586826000036, 6.827873495000063 ], [ 41.567487399000072, 6.852231176000032 ], [ 41.614199433000067, 6.901101995000033 ], [ 41.604453225000043, 6.955257158000052 ], [ 41.750076238000077, 6.968820086000051 ], [ 41.858579660000032, 7.030210179000051 ], [ 41.944954095000071, 7.101594010000042 ], [ 42.186634047000041, 7.063848518000043 ], [ 42.181888635000064, 7.057582412000045 ], [ 42.174835155000039, 7.051744391000057 ], [ 42.172145873000034, 7.046424418000072 ], [ 42.171680366000032, 7.036360735000073 ], [ 42.172115255000051, 7.031719273000022 ], [ 42.17636114000004, 7.023964792000072 ], [ 42.179351950000068, 7.020186193000029 ], [ 42.183380033000049, 7.015097100000048 ], [ 42.18608577100008, 7.007487627000046 ], [ 42.183647, 6.999627 ], [ 42.17792511500005, 6.993427304000022 ], [ 42.163562816000081, 6.983816087000037 ], [ 42.161559983000075, 6.978964268000027 ], [ 42.167877119000025, 6.954003792000037 ], [ 42.168037240000046, 6.952071058000058 ], [ 42.167799908000063, 6.951950454000041 ] ] ] } },
{ "type": "Feature", "properties": { "DISTRICTS": "Elweyne", "Zone_Name": "Nogob", "Wor_PCode": "ET0509003" }, "geometry": { "type": "Polygon", "coordinates": [ [ [ 43.192307350000078, 6.811090114000024 ], [ 43.218994262000081, 6.709679849000054 ], [ 43.24834986500008, 6.629619114000036 ], [ 43.287045887000033, 6.537549268000021 ], [ 43.319070181000029, 6.462825915000053 ], [ 43.334044107000068, 6.429801306000059 ], [ 43.302575233000027, 6.420095906000029 ], [ 43.279970353000067, 6.414742119000039 ], [ 43.26390899200004, 6.41057806200007 ], [ 43.247252765000042, 6.404034544000069 ], [ 43.21096598400004, 6.390947508000068 ], [ 43.182412452000051, 6.376075877000062 ], [ 43.138392424000074, 6.366558033000047 ], [ 43.096156991000043, 6.344548019000058 ], [ 43.04678317500003, 6.326702061000049 ], [ 42.995399095000039, 6.313301841000055 ], [ 42.945061, 6.309813 ], [ 42.92891703600003, 6.401564549000057 ], [ 42.809747325000046, 6.47984282300007 ], [ 42.841870048000033, 6.672579164000069 ], [ 42.844203926000034, 6.761854102000029 ], [ 42.88920904400004, 6.749159572000053 ], [ 42.913479547000065, 6.744876542000043 ], [ 42.966303581000034, 6.756297955000036 ], [ 43.026265998000042, 6.777713104000043 ], [ 43.054819530000032, 6.787706840000055 ], [ 43.073379326000065, 6.794845223000038 ], [ 43.192307350000078, 6.811090114000024 ] ] ] } },
{ "type": "Feature", "properties": { "DISTRICTS": "Daroor", "Zone_Name": "Jarar", "Wor_PCode": "ET0506005" }, "geometry": { "type": "Polygon", "coordinates": [ [ [ 44.252838135000047, 8.91575431800004 ], [ 44.262329562000048, 8.913193927000066 ], [ 44.261651126000061, 8.913650299000039 ], [ 44.263327401000026, 8.913250104000042 ], [ 44.26539796000003, 8.912755777000029 ], [ 44.267507929000033, 8.912252042000034 ], [ 44.268881330000056, 8.911924155000065 ], [ 44.270112254000026, 8.911630284000069 ], [ 44.270113980000076, 8.911633388000041 ], [ 44.270228026000041, 8.911596737000025 ], [ 44.270234623000078, 8.911601069000028 ], [ 44.270709991000047, 8.911487579000038 ], [ 44.271289284000034, 8.911282629000027 ], [ 44.272023937000029, 8.911022712000033 ], [ 44.272020255000029, 8.911020766000036 ], [ 44.272235250000051, 8.910951673000056 ], [ 44.272231146000081, 8.910949403000075 ], [ 44.273812495000072, 8.910389929000075 ], [ 44.274432095000066, 8.910170718000074 ], [ 44.276057319000074, 8.909595722000063 ], [ 44.277490991000036, 8.909088497000027 ], [ 44.278993920000062, 8.908556768000039 ], [ 44.281328798000061, 8.907730701000048 ], [ 44.283194304000062, 8.907070694000026 ], [ 44.284394435000081, 8.906646095000042 ], [ 44.286024392000058, 8.906069424000066 ], [ 44.286023317000058, 8.906067786000051 ], [ 44.28609534900005, 8.906044319000046 ], [ 44.320720673000039, 8.893794059000072 ], [ 44.34092232900008, 8.887792313000034 ], [ 44.343024165000031, 8.887167874000056 ], [ 44.345590086000072, 8.886405560000071 ], [ 44.349237865000077, 8.885321693000037 ], [ 44.354645461000075, 8.883714854000061 ], [ 44.360240388000079, 8.882052350000038 ], [ 44.364705978000075, 8.880725423000058 ], [ 44.368366947000027, 8.879637585000069 ], [ 44.373290338000061, 8.878174624000053 ], [ 44.37823764400008, 8.876704557000039 ], [ 44.379396415000031, 8.876339014000052 ], [ 44.38593959800005, 8.874017539000022 ], [ 44.390982216000054, 8.872228453000048 ], [ 44.395670798000026, 8.870564977000072 ], [ 44.400337605000061, 8.868899796000051 ], [ 44.400588651000078, 8.868820157000073 ], [ 44.411640100000056, 8.864899179000076 ], [ 44.432352937000076, 8.857550410000044 ], [ 44.444370269000046, 8.853286743000069 ], [ 44.466911316000051, 8.846018792000052 ], [ 44.50244903600003, 8.834555626000054 ], [ 44.520080566000047, 8.830498696000063 ], [ 44.52568817100007, 8.826692581000032 ], [ 44.556838989000028, 8.815749168000025 ], [ 44.586910248000038, 8.805898666000076 ], [ 44.619527232000053, 8.795203956000023 ], [ 44.620971822000058, 8.794728880000036 ], [ 44.638910837000026, 8.788848309000059 ], [ 44.678974492000066, 8.775711925000053 ], [ 44.673369653000066, 8.76630228700003 ], [ 44.650290979000033, 8.727556851000031 ], [ 44.814683528000046, 8.670204789000024 ], [ 44.814976637000029, 8.668837828000051 ], [ 44.814685, 8.667201 ], [ 44.821438542000067, 8.635727211000074 ], [ 44.82891716000006, 8.60086773300003 ], [ 44.838196323000034, 8.557605946000024 ], [ 44.843382985000062, 8.53341983100006 ], [ 44.85865909000006, 8.37821741700003 ], [ 44.784313373000032, 8.239229848000036 ], [ 44.753229055000077, 8.218757520000054 ], [ 44.759730191000074, 8.193632192000052 ], [ 44.766947300000027, 8.174968943000067 ], [ 44.810382665000077, 8.108099722000077 ], [ 44.813447284000063, 8.093036355000038 ], [ 44.819473663000053, 8.063415777000046 ], [ 44.824300049000044, 8.039693352000029 ], [ 44.828812249000066, 8.017515195000044 ], [ 44.832633643000065, 7.998732457000074 ], [ 44.838555428000063, 7.969625977000021 ], [ 44.84430248700005, 7.941378300000054 ], [ 44.847698640000033, 7.924685686000032 ], [ 44.860701047000077, 7.910437150000064 ], [ 44.649393862000068, 7.83110027400005 ], [ 44.616468533000045, 7.85627624600005 ], [ 44.610519787000044, 7.854406007000023 ], [ 44.547302198000068, 7.866447452000045 ], [ 44.520952067000053, 7.905972648000045 ], [ 44.471545573000071, 7.925735246000045 ], [ 44.474839339000027, 7.994904337000037 ], [ 44.432020378000061, 8.034429532000047 ], [ 44.425432845000046, 8.133242520000067 ], [ 44.36341632400007, 8.185467071000062 ], [ 44.356290706000038, 8.184731208000073 ], [ 44.328032337000025, 8.22999500700007 ], [ 44.298517584000081, 8.257385504000069 ], [ 44.249797268000066, 8.275165515000026 ], [ 44.221599278000042, 8.280216783000071 ], [ 44.196567689000062, 8.303140455000062 ], [ 44.162572806000071, 8.321576487000073 ], [ 44.128606021000053, 8.325970404000032 ], [ 44.092762451000056, 8.334162263000053 ], [ 44.019752777000065, 8.39418343400007 ], [ 44.003078085000027, 8.424406313000077 ], [ 44.007246758000065, 8.442123173000027 ], [ 44.007246758000065, 8.465050874000042 ], [ 44.003078085000027, 8.487978575000056 ], [ 43.978476416000035, 8.50364423700006 ], [ 44.161961078000047, 8.746558632000074 ], [ 44.122467208000046, 8.840897588000075 ], [ 44.105755272000067, 8.91174838400002 ], [ 44.111862780000081, 8.961155978000022 ], [ 44.124948882000069, 8.956739957000025 ], [ 44.149018409000064, 8.948616569000023 ], [ 44.179622650000056, 8.938287735000074 ], [ 44.19087888200005, 8.935054458000025 ], [ 44.234458923000034, 8.922535896000056 ], [ 44.252838135000047, 8.91575431800004 ] ] ] } },
{ "type": "Feature", "properties": { "DISTRICTS": "Yocale", "Zone_Name": "Jarar", "Wor_PCode": "ET0506011" }, "geometry": { "type": "Polygon", "coordinates": [ [ [ 44.003078085000027, 8.424406313000077 ], [ 44.019752777000065, 8.39418343400007 ], [ 44.014541935000068, 8.378550911000048 ], [ 44.019752777000065, 8.339990686000021 ], [ 44.010373263000076, 8.324358162000067 ], [ 43.997867244000076, 8.282671433000075 ], [ 43.983543112000064, 8.226993354000058 ], [ 43.966338397000072, 8.192491609000058 ], [ 43.946262102000048, 8.155110498000056 ], [ 43.85964296700007, 8.122675479000065 ], [ 43.838072728000043, 8.254647136000074 ], [ 43.81090830200003, 8.282638195000061 ], [ 43.797620657000039, 8.288891204000038 ], [ 43.778080003000071, 8.315466494000077 ], [ 43.761665853000068, 8.320937878000052 ], [ 43.751504713000031, 8.34282341100004 ], [ 43.73821706800004, 8.352984551000077 ], [ 43.734256579000032, 8.371834715000034 ], [ 43.71943463100007, 8.394067638000024 ], [ 43.687937991000069, 8.392214894000062 ], [ 43.67867427300007, 8.408889586000043 ], [ 43.634208428000079, 8.408889586000043 ], [ 43.624944711000069, 8.451502687000072 ], [ 43.60085904400006, 8.471882866000044 ], [ 43.593448070000079, 8.533023403000072 ], [ 43.565656917000069, 8.571931016000065 ], [ 43.557008121000081, 8.619424928000058 ], [ 43.555362578000029, 8.623242855000058 ], [ 43.542665201000034, 8.652699401000064 ], [ 43.554059705000043, 8.690783293000038 ], [ 43.56624008600005, 8.713129910000021 ], [ 43.628280559000075, 8.653175318000024 ], [ 43.634457544000043, 8.647208794000051 ], [ 43.66856075100003, 8.633708708000029 ], [ 43.707438972000034, 8.604722238000022 ], [ 43.781452093000041, 8.57715027100005 ], [ 43.978476416000035, 8.50364423700006 ], [ 44.003078085000027, 8.487978575000056 ], [ 44.007246758000065, 8.465050874000042 ], [ 44.007246758000065, 8.442123173000027 ], [ 44.003078085000027, 8.424406313000077 ] ] ] } },
{ "type": "Feature", "properties": { "DISTRICTS": "Gashamo", "Zone_Name": "Jarar", "Wor_PCode": "ET0506009" }, "geometry": { "type": "Polygon", "coordinates": [ [ [ 45.615392818000032, 8.465884032000076 ], [ 45.615726916000028, 8.465747610000051 ], [ 45.615723073000026, 8.465764776000071 ], [ 45.618164189000026, 8.464883279000048 ], [ 45.622554802000082, 8.463297811000075 ], [ 45.625873176000027, 8.462099533000071 ], [ 45.62989174900008, 8.460648409000044 ], [ 45.632663498000056, 8.459647520000033 ], [ 45.63769559900004, 8.457830408000063 ], [ 45.640799834000063, 8.456709455000066 ], [ 45.642921752000063, 8.45594322200003 ], [ 45.642918339000062, 8.455929107000031 ], [ 45.645320983000033, 8.455076850000069 ], [ 45.656150818000071, 8.451166153000031 ], [ 45.657084644000065, 8.451016634000041 ], [ 45.657082829000046, 8.451036149000061 ], [ 45.665168762000064, 8.449908257000061 ], [ 45.666102353000042, 8.449586364000027 ], [ 45.666098194000028, 8.449573431000033 ], [ 45.666173306000076, 8.449561405000054 ], [ 45.68819760100007, 8.441956786000048 ], [ 45.755644382000071, 8.418668323000077 ], [ 45.757157175000032, 8.418185352000023 ], [ 45.757128413000032, 8.418155863000038 ], [ 45.76573181100008, 8.415184975000045 ], [ 45.777389689000074, 8.411525038000036 ], [ 45.787580387000048, 8.408325715000046 ], [ 45.794228598000075, 8.406238039000073 ], [ 45.801180521000049, 8.404054624000025 ], [ 45.807340279000073, 8.402120007000065 ], [ 45.811540581000031, 8.400800804000028 ], [ 45.81155048200003, 8.400819898000066 ], [ 45.815833764000047, 8.399452429000064 ], [ 45.830881402000045, 8.394616163000023 ], [ 45.859314077000079, 8.384064743000067 ], [ 45.859170506000055, 8.383980628000074 ], [ 45.861024239000074, 8.383430099000066 ], [ 45.894760132000044, 8.370910645000038 ], [ 45.910282135000045, 8.367093086000068 ], [ 45.91164016700003, 8.36675834600004 ], [ 45.926940918000071, 8.36006164500003 ], [ 45.977190857000039, 8.344123508000052 ], [ 46.014980729000058, 8.332138276000023 ], [ 46.051708222000059, 8.320485115000054 ], [ 46.060718536000081, 8.318984986000032 ], [ 46.069068909000066, 8.314723015000027 ], [ 46.088508606000062, 8.308066368000027 ], [ 46.021233616000075, 8.232295025000042 ], [ 46.008589855000025, 8.113945320000028 ], [ 46.010658489000036, 8.098775420000038 ], [ 46.010296414000038, 8.098371438000072 ], [ 45.98008774200008, 8.064666380000062 ], [ 45.917993714000033, 7.995385518000035 ], [ 45.81869894700003, 7.942152605000047 ], [ 45.77544720800006, 7.892570548000037 ], [ 45.757982458000072, 7.872549659000072 ], [ 45.752561717000049, 7.866864819000057 ], [ 45.743864138000049, 7.857743493000044 ], [ 45.681846859000075, 7.792704721000064 ], [ 45.665351643000065, 7.75890630300006 ], [ 45.63605147800007, 7.69887076200007 ], [ 45.61482120200003, 7.651511440000036 ], [ 45.460023800000045, 7.663412176000065 ], [ 45.354529269000068, 7.656731530000059 ], [ 44.98074911100008, 7.736721139000053 ], [ 44.983095332000062, 7.763543063000043 ], [ 44.717668367000044, 7.750501383000028 ], [ 44.67246297500003, 7.813457308000068 ], [ 44.649393862000068, 7.83110027400005 ], [ 44.860701047000077, 7.910437150000064 ], [ 44.847698640000033, 7.924685686000032 ], [ 44.84430248700005, 7.941378300000054 ], [ 44.838555428000063, 7.969625977000021 ], [ 44.832633643000065, 7.998732457000074 ], [ 44.828812249000066, 8.017515195000044 ], [ 44.824300049000044, 8.039693352000029 ], [ 44.819473663000053, 8.063415777000046 ], [ 44.813447284000063, 8.093036355000038 ], [ 44.810382665000077, 8.108099722000077 ], [ 44.766947300000027, 8.174968943000067 ], [ 44.759730191000074, 8.193632192000052 ], [ 44.753229055000077, 8.218757520000054 ], [ 44.784313373000032, 8.239229848000036 ], [ 44.85865909000006, 8.37821741700003 ], [ 44.843382985000062, 8.53341983100006 ], [ 44.838196323000034, 8.557605946000024 ], [ 44.82891716000006, 8.60086773300003 ], [ 44.821438542000067, 8.635727211000074 ], [ 44.814685, 8.667201 ], [ 44.814976637000029, 8.668837828000051 ], [ 44.814683528000046, 8.670204789000024 ], [ 44.650290979000033, 8.727556851000031 ], [ 44.673369653000066, 8.76630228700003 ], [ 44.678974492000066, 8.775711925000053 ], [ 44.690177917000028, 8.772038460000033 ], [ 44.692031861000032, 8.771430016000068 ], [ 44.707344055000078, 8.766075134000062 ], [ 44.78099823000008, 8.740300178000041 ], [ 44.792869568000071, 8.734983444000022 ], [ 44.804908752000074, 8.732884407000029 ], [ 44.830780030000028, 8.719887733000064 ], [ 44.866928100000052, 8.710700035000059 ], [ 44.948059082000043, 8.684393883000041 ], [ 44.991100311000025, 8.670425415000068 ], [ 45.0, 8.666075706000072 ], [ 45.001571655000077, 8.665308952000032 ], [ 45.068244934000063, 8.644347191000065 ], [ 45.101089477000073, 8.634014130000025 ], [ 45.123149872000056, 8.625396729000045 ], [ 45.188278198000035, 8.603647232000071 ], [ 45.238910675000056, 8.586724282000034 ], [ 45.25767898600003, 8.582180024000024 ], [ 45.269432067000025, 8.578292847000057 ], [ 45.309020996000072, 8.565198898000062 ], [ 45.429340362000062, 8.525360108000029 ], [ 45.481658936000031, 8.508019447000038 ], [ 45.494148254000038, 8.505667686000038 ], [ 45.513401032000047, 8.498128891000022 ], [ 45.529140472000051, 8.494672775000026 ], [ 45.55017852800006, 8.487819671000068 ], [ 45.595996857000046, 8.472887993000029 ], [ 45.615392818000032, 8.465884032000076 ] ] ] } },
{ "type": "Feature", "properties": { "DISTRICTS": "Awbare", "Zone_Name": "Fafan", "Wor_PCode": "ET0505001" }, "geometry": { "type": "Polygon", "coordinates": [ [ [ 43.283315293000044, 9.712604247000058 ], [ 43.297706441000059, 9.619363660000033 ], [ 43.299190521000071, 9.611091614000031 ], [ 43.284370114000069, 9.590636220000022 ], [ 43.254901474000064, 9.556043454000076 ], [ 43.248066416000029, 9.549550545000045 ], [ 43.24811224900003, 9.540580595000051 ], [ 43.248880941000039, 9.531614275000038 ], [ 43.262645207000048, 9.525942211000029 ], [ 43.34400751700008, 9.519161656000051 ], [ 43.376264110000079, 9.517941171000075 ], [ 43.407316111000057, 9.536670140000069 ], [ 43.420652226000072, 9.49810678800003 ], [ 43.428765436000049, 9.481077586000026 ], [ 43.427588918000026, 9.481281205000073 ], [ 43.428081668000061, 9.480166254000039 ], [ 43.424496805000047, 9.475388308000049 ], [ 43.40134015600006, 9.452727874000061 ], [ 43.366935994000073, 9.433540937000032 ], [ 43.339644230000033, 9.407903220000037 ], [ 43.312848680000059, 9.38408495300007 ], [ 43.27149752300005, 9.349846196000044 ], [ 43.241393880000032, 9.31593824600003 ], [ 43.218990933000043, 9.287783192000063 ], [ 43.215391855000064, 9.290417282000021 ], [ 43.213492311000039, 9.292234306000068 ], [ 43.213494533000073, 9.292237746000069 ], [ 43.213486734000071, 9.292239641000037 ], [ 43.21346836500004, 9.292255817000068 ], [ 43.212351484000067, 9.293239362000065 ], [ 43.212079580000079, 9.294078944000034 ], [ 43.211736938000058, 9.294578631000036 ], [ 43.211322911000025, 9.294721399000025 ], [ 43.210934727000051, 9.294892985000047 ], [ 43.210275175000049, 9.295682449000026 ], [ 43.196794126000043, 9.308114241000055 ], [ 43.19031534800007, 9.31408876200004 ], [ 43.179336616000057, 9.329533419000029 ], [ 43.176452372000028, 9.339116550000028 ], [ 43.17009980000006, 9.359099496000056 ], [ 43.161167950000049, 9.387052878000077 ], [ 43.158686881000051, 9.402104700000052 ], [ 43.153890147000027, 9.425426753000067 ], [ 43.145556323000051, 9.442982501000074 ], [ 43.145463567000036, 9.443177898000044 ], [ 43.148005057000034, 9.44620145500005 ], [ 43.149147199000026, 9.449342344000058 ], [ 43.149861037000051, 9.451769394000053 ], [ 43.151431481000031, 9.457908404000023 ], [ 43.146862916000032, 9.463904645000071 ], [ 43.14115221000003, 9.467188301000022 ], [ 43.133585524000068, 9.468187675000024 ], [ 43.125162232000037, 9.469615352000062 ], [ 43.115311263000081, 9.469329816000027 ], [ 43.106745204000049, 9.471043028000054 ], [ 43.101034497000057, 9.473184543000059 ], [ 43.096323164000069, 9.474183917000062 ], [ 43.090897993000056, 9.476753735000045 ], [ 43.083045772000048, 9.478038644000037 ], [ 43.075764621000076, 9.482178906000058 ], [ 43.069625612000038, 9.485034259000031 ], [ 43.063914905000047, 9.488746218000074 ], [ 43.05420670500007, 9.491030501000068 ], [ 43.048924301000056, 9.49245817700006 ], [ 43.044212968000068, 9.495884601000057 ], [ 43.037217353000074, 9.498026116000062 ], [ 43.03022173800008, 9.500024863000021 ], [ 43.021512910000069, 9.50587833700007 ], [ 43.013660689000062, 9.508448155000053 ], [ 43.004523559000063, 9.511731811000061 ], [ 42.996385802000077, 9.513016720000053 ], [ 42.985504123000055, 9.513148661000059 ], [ 42.981678, 9.553717 ], [ 42.770412, 9.640133 ], [ 42.755889694000075, 9.673670409000067 ], [ 42.744241478000049, 9.684605469000076 ], [ 42.730145937000032, 9.68769525700003 ], [ 42.728156487000035, 9.711890338000046 ], [ 42.725854714000036, 9.739873251000063 ], [ 42.730028, 9.753115 ], [ 42.783773891000067, 9.770363967000037 ], [ 42.79386319300005, 9.80994507500003 ], [ 42.827045626000029, 9.791687130000071 ], [ 42.856075050000072, 9.771699658000045 ], [ 42.876538415000027, 9.756946999000036 ], [ 42.915085683000029, 9.730297036000024 ], [ 42.969813286000033, 9.712689025000032 ], [ 43.006932878000043, 9.707454210000037 ], [ 43.037389979000068, 9.717923839000036 ], [ 43.059281020000071, 9.738863096000046 ], [ 43.071178325000062, 9.764561275000062 ], [ 43.098780072000068, 9.792638914000065 ], [ 43.114484515000072, 9.815005848000055 ], [ 43.129475119000062, 9.820716554000057 ], [ 43.143275993000032, 9.829044668000051 ], [ 43.147083131000045, 9.845225003000053 ], [ 43.158266598000068, 9.856646415000057 ], [ 43.163501412000073, 9.868543720000048 ], [ 43.172781310000062, 9.875206211000034 ], [ 43.174128839000048, 9.885822468000072 ], [ 43.181808471000068, 9.882671357000049 ], [ 43.256870270000036, 9.842637062000051 ], [ 43.262989044000051, 9.815099716000077 ], [ 43.264798005000046, 9.806836597000029 ], [ 43.265952770000069, 9.801561769000045 ], [ 43.269000652000045, 9.778626469000073 ], [ 43.270968649000054, 9.766935071000034 ], [ 43.278381066000065, 9.722899666000046 ], [ 43.279451014000074, 9.721116752000057 ], [ 43.282884506000073, 9.715395331000025 ], [ 43.284164588000067, 9.713262258000043 ], [ 43.283315293000044, 9.712604247000058 ] ] ] } },
{ "type": "Feature", "properties": { "DISTRICTS": "Gunagado", "Zone_Name": "Jarar", "Wor_PCode": "ET0506010" }, "geometry": { "type": "Polygon", "coordinates": [ [ [ 44.277118338000037, 7.568837631000065 ], [ 44.330656211000075, 7.515299759000072 ], [ 44.424644920000048, 7.499833262000038 ], [ 44.498732011000072, 7.487419872000032 ], [ 44.471558440000081, 7.400958507000041 ], [ 44.459206816000062, 7.326848766000069 ], [ 44.392508049000071, 7.299675194000031 ], [ 44.357923503000052, 7.307086168000069 ], [ 44.323909190000052, 7.339826463000065 ], [ 44.323904126000059, 7.339827681000031 ], [ 44.292961683000044, 7.347267544000033 ], [ 44.279992478000054, 7.382469671000024 ], [ 44.250348582000072, 7.395438876000071 ], [ 44.239232120000054, 7.441757464000034 ], [ 44.207735481000043, 7.458432156000072 ], [ 44.194766276000053, 7.488076052000054 ], [ 44.159564149000062, 7.504750744000035 ], [ 44.139183970000033, 7.534394640000073 ], [ 44.102883102000078, 7.567593746000057 ], [ 44.096081, 7.565763 ], [ 43.932918, 7.558652 ], [ 43.834664351000072, 7.651820172000043 ], [ 43.857424820000062, 7.813541273000055 ], [ 43.891674, 7.926507 ], [ 44.090731685000037, 7.890924432000077 ], [ 44.260962931000051, 7.850217843000053 ], [ 44.33255924000008, 7.791862459000072 ], [ 44.366042640000046, 7.764571432000025 ], [ 44.30210267800004, 7.641411192000021 ], [ 44.277118338000037, 7.568837631000065 ] ] ] } },
{ "type": "Feature", "properties": { "DISTRICTS": "Shilabo", "Zone_Name": "Korahea", "Wor_PCode": "ET0507010" }, "geometry": { "type": "Polygon", "coordinates": [ [ [ 45.569650861000071, 5.520519216000025 ], [ 45.532863617000032, 5.482773781000049 ], [ 45.494839898000066, 5.44375941900006 ], [ 45.40856900600005, 5.355240889000072 ], [ 45.407812995000029, 5.356893964000051 ], [ 45.40618061400005, 5.360463290000041 ], [ 45.359623, 5.37543 ], [ 45.274521, 5.402786 ], [ 45.196024, 5.419733 ], [ 45.057271, 5.449688 ], [ 44.956365178000055, 5.507303307000029 ], [ 44.895693318000042, 5.505660635000027 ], [ 44.873344699000029, 5.505053994000036 ], [ 44.873341569000047, 5.505051432000073 ], [ 44.813376, 5.523101 ], [ 44.86300165800003, 5.618536517000052 ], [ 44.821874360000038, 5.729585068000063 ], [ 44.718249611000033, 5.836927064000065 ], [ 44.72517132400003, 5.862350155000058 ], [ 44.740875767000034, 5.916125974000067 ], [ 44.744682904000058, 5.933258093000063 ], [ 44.744682904000058, 5.94848664400007 ], [ 44.73230970700007, 5.973233038000046 ], [ 44.716605264000066, 5.993220510000071 ], [ 44.69661779200004, 5.998931217000063 ], [ 44.678761306000069, 6.002595190000022 ], [ 44.69674763300003, 6.150743070000033 ], [ 44.579395608000027, 6.283781156000032 ], [ 44.616182945000048, 6.348222726000074 ], [ 44.781292436000058, 6.502557739000054 ], [ 44.829206361000047, 6.541897770000048 ], [ 45.027914636000048, 6.473836755000036 ], [ 45.113287859000081, 6.370872329000065 ], [ 45.318764983000051, 6.305394790000037 ], [ 45.408316514000035, 6.302353830000072 ], [ 45.542771194000068, 6.29778806500002 ], [ 45.845194608000043, 6.113624457000071 ], [ 46.042170007000038, 6.005345985000076 ], [ 45.963061371000038, 5.92417682100006 ], [ 45.81520942800006, 5.772473804000072 ], [ 45.73185258400008, 5.686945779000041 ], [ 45.680060281000067, 5.63380445100006 ], [ 45.569650882000076, 5.52051923700003 ], [ 45.569650861000071, 5.520519216000025 ] ] ] } },
{ "type": "Feature", "properties": { "DISTRICTS": "Dhobaweyn", "Zone_Name": "Korahea", "Wor_PCode": "ET0507002" }, "geometry": { "type": "Polygon", "coordinates": [ [ [ 44.69674763300003, 6.150743070000033 ], [ 44.678761306000069, 6.002595190000022 ], [ 44.491747911000061, 6.011706324000045 ], [ 44.488159867000036, 6.012628953000046 ], [ 44.467595994000078, 5.987046892000023 ], [ 44.461171449000062, 5.971342449000076 ], [ 44.468189535000079, 5.951341997000043 ], [ 44.379673586000081, 5.871392107000077 ], [ 44.274977302000025, 5.78002080400006 ], [ 44.195622277000041, 5.687602539000068 ], [ 44.152856271000076, 5.925247797000054 ], [ 44.200916174000042, 5.983492315000035 ], [ 44.213408344000072, 6.012640713000053 ], [ 44.232444032000046, 6.043573706000075 ], [ 44.262782160000029, 6.08699886900007 ], [ 44.258023238000078, 6.107819153000037 ], [ 44.219951862000073, 6.11674213200007 ], [ 44.202700770000035, 6.134588089000033 ], [ 44.197941848000028, 6.164926217000072 ], [ 44.207459692000043, 6.183367040000064 ], [ 44.226495380000074, 6.196454075000077 ], [ 44.226495380000074, 6.210135976000061 ], [ 44.20567509600005, 6.221438416000069 ], [ 44.153326954000079, 6.235715182000035 ], [ 44.117040174000067, 6.245827891000033 ], [ 44.121265502000028, 6.27229542200007 ], [ 44.163459896000063, 6.286370106000049 ], [ 44.579395608000027, 6.283781156000032 ], [ 44.69674763300003, 6.150743070000033 ] ] ] } },
{ "type": "Feature", "properties": { "DISTRICTS": "Bodaley", "Zone_Name": "Korahea", "Wor_PCode": "ET0507001" }, "geometry": { "type": "Polygon", "coordinates": [ [ [ 44.041393546000052, 7.164986083000031 ], [ 44.121909865000077, 7.132983231000026 ], [ 44.141832091000026, 7.144763081000065 ], [ 44.171186831000057, 7.168909488000054 ], [ 44.212214154000037, 7.192646855000021 ], [ 44.416657376000046, 7.068063575000053 ], [ 44.26553877300006, 7.019838961000062 ], [ 44.130504361000078, 7.010321117000046 ], [ 44.111468673000047, 6.971654876000059 ], [ 44.13645301400004, 6.924065656000039 ], [ 44.211406035000039, 6.812230989000057 ], [ 44.109089212000072, 6.778323669000031 ], [ 43.991900757000053, 6.75036500300007 ], [ 43.899458697000057, 6.731805207000036 ], [ 43.852821262000077, 6.778442642000073 ], [ 43.82712308300006, 6.816514018000021 ], [ 43.591777, 6.81952 ], [ 43.654673, 6.993456 ], [ 43.67301089800003, 7.109689889000038 ], [ 43.69632789700006, 7.257483577000073 ], [ 43.701276680000035, 7.288851201000057 ], [ 43.708389818000057, 7.333937484000046 ], [ 43.759562974000062, 7.380985609000049 ], [ 43.856747372000029, 7.310609096000064 ], [ 43.928131202000031, 7.260164523000071 ], [ 44.041393546000052, 7.164986083000031 ] ] ] } },
{ "type": "Feature", "properties": { "DISTRICTS": "Horashagah", "Zone_Name": "Nogob", "Wor_PCode": "ET0509006" }, "geometry": { "type": "Polygon", "coordinates": [ [ [ 43.471165720000045, 6.75272876300005 ], [ 43.403470054000024, 6.743210919000035 ], [ 43.192307350000078, 6.811090114000024 ], [ 43.194731838000052, 6.846241581000072 ], [ 43.186165778000031, 6.864801377000049 ], [ 43.185130013000048, 6.868944438000028 ], [ 43.18045507100004, 6.887644202000047 ], [ 43.18045507100004, 6.904776321000043 ], [ 43.177599718000067, 6.919053087000066 ], [ 43.171889012000065, 6.937612883000043 ], [ 43.169033659000036, 6.959028032000049 ], [ 43.163322952000044, 6.979015505000064 ], [ 43.161895276000052, 7.00043065400007 ], [ 43.228401211000062, 7.026723698000069 ], [ 43.302997313000049, 7.04581887300003 ], [ 43.378010808000056, 7.068872462000058 ], [ 43.472621147000041, 7.213425215000029 ], [ 43.492376599000067, 7.243232670000054 ], [ 43.516384835000053, 7.274469991000046 ], [ 43.533804359000044, 7.297187500000064 ], [ 43.557602236000037, 7.338157619000071 ], [ 43.562121583000078, 7.335427825000068 ], [ 43.701276680000035, 7.288851201000057 ], [ 43.69632789700006, 7.257483577000073 ], [ 43.67301089800003, 7.109689889000038 ], [ 43.654673, 6.993456 ], [ 43.591777, 6.81952 ], [ 43.56218010300006, 6.796272900000076 ], [ 43.54968793300003, 6.784494568000071 ], [ 43.542906469000059, 6.776285427000062 ], [ 43.527915865000068, 6.770217802000047 ], [ 43.517208290000042, 6.764864014000068 ], [ 43.486156324000035, 6.755227197000067 ], [ 43.471165720000045, 6.75272876300005 ] ] ] } },
{ "type": "Feature", "properties": { "DISTRICTS": "Garbo", "Zone_Name": "Nogob", "Wor_PCode": "ET0509004" }, "geometry": { "type": "Polygon", "coordinates": [ [ [ 43.501668702000075, 7.456885796000051 ], [ 43.479301208000038, 7.385439549000068 ], [ 43.557602236000037, 7.338157620000061 ], [ 43.533804359000044, 7.297187500000064 ], [ 43.516384835000053, 7.274469991000046 ], [ 43.492376599000067, 7.243232670000054 ], [ 43.472621147000041, 7.213425215000029 ], [ 43.378010808000056, 7.068872462000058 ], [ 43.302997313000049, 7.04581887300003 ], [ 43.228401211000062, 7.026723698000069 ], [ 43.161895276000052, 7.00043065400007 ], [ 43.147618510000029, 7.034694892000061 ], [ 43.141907803000038, 7.063248424000051 ], [ 43.130486390000044, 7.080380544000036 ], [ 43.120492654000032, 7.113217106000036 ], [ 43.069096296000055, 7.113217106000036 ], [ 43.033404381000025, 7.117500135000057 ], [ 42.974869641000055, 7.113217106000036 ], [ 42.92918398900008, 7.110361752000074 ], [ 42.90018, 7.1055 ], [ 42.856277, 7.310995 ], [ 42.789161333000038, 7.36426138500002 ], [ 42.824961938000058, 7.411107155000025 ], [ 42.891857917000038, 7.433856390000074 ], [ 43.008065485000031, 7.428686455000047 ], [ 43.317873, 7.657317 ], [ 43.482448, 7.540479 ], [ 43.501668702000075, 7.456885796000051 ] ] ] } },
{ "type": "Feature", "properties": { "DISTRICTS": "Hadhagala", "Zone_Name": "Siti", "Wor_PCode": "ET0511007" }, "geometry": { "type": "Polygon", "coordinates": [ [ [ 42.287083, 10.092239 ], [ 42.160005244000047, 10.081531520000055 ], [ 42.079170575000035, 10.126540507000072 ], [ 42.038580446000026, 10.156841640000039 ], [ 41.979206257000044, 10.182150087000025 ], [ 41.861293874000069, 10.229315040000074 ], [ 41.801406562000068, 10.237726180000038 ], [ 41.826851470000065, 10.307768332000023 ], [ 41.876820151000061, 10.391049468000062 ], [ 41.876820151000061, 10.479089525000063 ], [ 41.893476378000059, 10.510022518000028 ], [ 41.950583442000038, 10.574267965000047 ], [ 41.950583442000038, 10.605200958000069 ], [ 42.000552123000034, 10.662308022000047 ], [ 42.024346733000073, 10.740830235000033 ], [ 42.046574693000025, 10.823018800000057 ], [ 42.401103826000053, 10.635822587000064 ], [ 42.421664797000062, 10.574802929000043 ], [ 42.432940169000062, 10.477967384000067 ], [ 42.465439769000056, 10.335367096000027 ], [ 42.457480684000075, 10.277663724000035 ], [ 42.446205312000075, 10.18878726500003 ], [ 42.436817476000044, 10.115170036000052 ], [ 42.396293468000067, 10.108964001000061 ], [ 42.337273517000028, 10.099925410000026 ], [ 42.287083, 10.092239 ] ] ] } },
{ "type": "Feature", "properties": { "DISTRICTS": "Gota-Biki", "Zone_Name": "Siti", "Wor_PCode": "ET0511006" }, "geometry": { "type": "Polygon", "coordinates": [ [ [ 41.15142918500004, 9.918512402000033 ], [ 41.168561305000026, 9.886389678000057 ], [ 41.213450712000053, 9.893667247000053 ], [ 41.243402497000034, 9.825377178000053 ], [ 41.264103807000026, 9.742571935000058 ], [ 41.295446063000043, 9.629883782000036 ], [ 41.30555877200004, 9.61828390900007 ], [ 41.316266346000077, 9.608766065000054 ], [ 41.316266346000077, 9.602222547000054 ], [ 41.322512432000053, 9.593299569000067 ], [ 41.33143541000004, 9.581997129000058 ], [ 41.340060957000048, 9.578725370000029 ], [ 41.348091637000039, 9.56801779500006 ], [ 41.353742857000043, 9.561474278000048 ], [ 41.365342730000066, 9.553443597000069 ], [ 41.363260701000058, 9.540356561000067 ], [ 41.37099395000007, 9.525782363000076 ], [ 41.373968276000028, 9.515372221000064 ], [ 41.381106659000068, 9.505259511000077 ], [ 41.385568148000061, 9.495444235000036 ], [ 41.384080985000026, 9.488305852000053 ], [ 41.399250049000045, 9.469865029000061 ], [ 41.399592690000077, 9.457224284000063 ], [ 41.348584297000059, 9.449266425000076 ], [ 41.347629073000064, 9.448926076000021 ], [ 41.347624565000046, 9.448924470000065 ], [ 41.328245404000029, 9.442019628000025 ], [ 41.318003089000058, 9.43837026500006 ], [ 41.304188424000074, 9.43344806500005 ], [ 41.284107005000067, 9.426293006000037 ], [ 41.267683193000039, 9.420441160000053 ], [ 41.260411194000028, 9.417850871000041 ], [ 41.201841492000028, 9.396981804000063 ], [ 41.196662937000042, 9.395136627000056 ], [ 41.177958387000047, 9.388471989000038 ], [ 41.166299157000026, 9.415029728000036 ], [ 41.157257206000054, 9.443107368000028 ], [ 41.147263469000052, 9.473564469000053 ], [ 41.137745625000036, 9.500690324000061 ], [ 41.129179566000062, 9.523057258000051 ], [ 41.118235704000028, 9.553384110000025 ], [ 41.104672777000076, 9.576226936000069 ], [ 41.087540657000034, 9.618343396000057 ], [ 41.07611924400004, 9.641186221000055 ], [ 41.066839347000041, 9.669739753000044 ], [ 41.056131772000072, 9.695437932000061 ], [ 41.043996521000054, 9.728988332000029 ], [ 41.041855006000048, 9.741123584000036 ], [ 41.040427329000067, 9.768963277000069 ], [ 41.027578240000025, 9.801086001000044 ], [ 41.03257510800006, 9.831067210000072 ], [ 41.024722887000053, 9.863903772000072 ], [ 41.083971466000037, 9.923152351000056 ], [ 41.120377219000034, 9.94956436800004 ], [ 41.15142918500004, 9.918512402000033 ] ] ] } },
{ "type": "Feature", "properties": { "DISTRICTS": "Harawa", "Zone_Name": "Fafan", "Wor_PCode": "ET0505005" }, "geometry": { "type": "Polygon", "coordinates": [ [ [ 42.896242123000036, 10.194424348000041 ], [ 42.896253282000032, 10.194413913000062 ], [ 42.896253294000076, 10.194413943000029 ], [ 42.896268457000076, 10.19439972400005 ], [ 42.896278748000043, 10.194390232000046 ], [ 42.896305244000075, 10.194365550000043 ], [ 42.896330850000027, 10.194341699000063 ], [ 42.896385151000061, 10.194291117000034 ], [ 42.896436425000047, 10.194243355000026 ], [ 42.896503726000049, 10.194180663000054 ], [ 42.896546378000039, 10.194140933000028 ], [ 42.896566770000049, 10.194121938000023 ], [ 42.896613014000025, 10.194078861000037 ], [ 42.896641791000036, 10.194052056000032 ], [ 42.896700592000059, 10.193997283000044 ], [ 42.896769482000025, 10.193933112000025 ], [ 42.896861161000061, 10.193847712000036 ], [ 42.896947606000026, 10.193767188000038 ], [ 42.89703847800007, 10.193682541000044 ], [ 42.897093450000057, 10.193631334000031 ], [ 42.897116898000036, 10.193609492000064 ], [ 42.897155114000043, 10.193573894000053 ], [ 42.897233879000055, 10.193500524000058 ], [ 42.897442372000057, 10.193306312000061 ], [ 42.897735840000053, 10.193032945000027 ], [ 42.897977119000075, 10.192808193000076 ], [ 42.898239069000056, 10.192564186000027 ], [ 42.89846970900004, 10.192349344000036 ], [ 42.898750905000043, 10.192087410000056 ], [ 42.89907359800003, 10.191786820000061 ], [ 42.899508988000036, 10.191381252000042 ], [ 42.899646064000081, 10.191253566000057 ], [ 42.900740207000069, 10.190234368000063 ], [ 42.902447601000063, 10.188643925000065 ], [ 42.903870647000076, 10.187318353000023 ], [ 42.905951236000078, 10.185380277000036 ], [ 42.906406161000064, 10.184956513000031 ], [ 42.909114503000069, 10.182433684000046 ], [ 42.911180328000057, 10.180509361000077 ], [ 42.914300087000072, 10.17760329500004 ], [ 42.916636280000034, 10.175427124000066 ], [ 42.919200538000041, 10.173038509000037 ], [ 42.921670907000077, 10.170718328000021 ], [ 42.924298110000052, 10.168250123000064 ], [ 42.926778692000028, 10.165919665000047 ], [ 42.930143128000054, 10.162758845000042 ], [ 42.931670110000027, 10.161324276000073 ], [ 42.934191942000041, 10.158955065000043 ], [ 42.935525472000052, 10.15769296600007 ], [ 42.937612611000077, 10.155741415000023 ], [ 42.978977920000034, 10.116879529000073 ], [ 43.017398834000062, 10.080783844000052 ], [ 43.020863774000077, 10.071899984000027 ], [ 43.02924347000004, 10.050415039000029 ], [ 43.048900604000039, 10.0 ], [ 43.061820983000075, 9.966868400000067 ], [ 43.065181732000042, 9.961888313000031 ], [ 43.076381684000069, 9.933191300000033 ], [ 43.083549500000061, 9.914817810000045 ], [ 43.085895539000035, 9.908803940000041 ], [ 43.089473724000072, 9.904517173000045 ], [ 43.10169982900004, 9.895564080000042 ], [ 43.115348816000051, 9.88877868700007 ], [ 43.128849029000037, 9.886322021000069 ], [ 43.138130188000048, 9.886299134000069 ], [ 43.144481659000064, 9.892645835000053 ], [ 43.145259857000042, 9.898867607000057 ], [ 43.149890900000059, 9.899430275000043 ], [ 43.162151337000068, 9.890739441000051 ], [ 43.168483734000063, 9.888138771000058 ], [ 43.174128839000048, 9.885822468000072 ], [ 43.172781310000062, 9.875206211000034 ], [ 43.163501412000073, 9.868543720000048 ], [ 43.158266598000068, 9.856646415000057 ], [ 43.147083131000045, 9.845225003000053 ], [ 43.143275993000032, 9.829044668000051 ], [ 43.129475119000062, 9.820716554000057 ], [ 43.114484515000072, 9.815005848000055 ], [ 43.098780072000068, 9.792638914000065 ], [ 43.071178325000062, 9.764561275000062 ], [ 43.059281020000071, 9.738863096000046 ], [ 43.037389979000068, 9.717923839000036 ], [ 43.006932878000043, 9.707454210000037 ], [ 42.969813286000033, 9.712689025000032 ], [ 42.915085683000029, 9.730297036000024 ], [ 42.876538415000027, 9.756946999000036 ], [ 42.856075050000072, 9.771699658000045 ], [ 42.827045626000029, 9.791687130000071 ], [ 42.79386319300005, 9.80994507500003 ], [ 42.82025059800003, 9.837884680000059 ], [ 42.880010309000056, 9.879017988000044 ], [ 42.884666911000068, 9.908509793000064 ], [ 42.844201, 9.942541 ], [ 42.785326091000059, 9.976806606000025 ], [ 42.733327381000038, 10.042775118000066 ], [ 42.706989, 10.119554 ], [ 42.770228776000067, 10.221180199000059 ], [ 42.812832168000057, 10.300610253000059 ], [ 42.820295670000064, 10.310695342000031 ], [ 42.832630158000029, 10.27787971500004 ], [ 42.851884845000029, 10.245049853000069 ], [ 42.869359391000046, 10.220684541000026 ], [ 42.871992851000073, 10.217012625000052 ], [ 42.896242123000036, 10.194424348000041 ] ] ] } },
{ "type": "Feature", "properties": { "DISTRICTS": "Mula", "Zone_Name": "Fafan", "Wor_PCode": "ET0505008" }, "geometry": { "type": "Polygon", "coordinates": [ [ [ 43.260414809000054, 8.675381762000029 ], [ 43.209729619000029, 8.599149080000075 ], [ 43.232181, 8.539078 ], [ 43.10067699800004, 8.462797203000036 ], [ 42.882478549000041, 8.473605333000023 ], [ 42.845724394000058, 8.492114758000071 ], [ 42.83335119700007, 8.498301357000059 ], [ 42.825261030000036, 8.509246878000056 ], [ 42.812887833000048, 8.522571859000038 ], [ 42.790996791000055, 8.541131655000072 ], [ 42.790520899000057, 8.56111912800003 ], [ 42.796231606000049, 8.579678923000074 ], [ 42.807177126000056, 8.593003905000046 ], [ 42.839537796000059, 8.60870834800005 ], [ 42.865711867000073, 8.639165449000075 ], [ 42.887127016000079, 8.653442215000041 ], [ 42.900927890000048, 8.65962881300004 ], [ 42.926541180000072, 8.659467144000075 ], [ 42.917916035000076, 8.765552257000024 ], [ 42.903957823000042, 8.955561921000026 ], [ 42.949111975000051, 8.941713915000037 ], [ 42.951253490000056, 8.934218613000041 ], [ 42.986945405000029, 8.932434018000038 ], [ 43.002649848000033, 8.926723311000046 ], [ 43.037627925000038, 8.921012605000044 ], [ 43.06118458900005, 8.910305030000075 ], [ 43.070464486000049, 8.897812860000045 ], [ 43.076889031000064, 8.881394579000073 ], [ 43.103301048000048, 8.859622511000055 ], [ 43.125786955000081, 8.854268723000075 ], [ 43.136494529000061, 8.846059583000056 ], [ 43.152198972000065, 8.832853574000069 ], [ 43.155054325000037, 8.822502919000044 ], [ 43.160408113000074, 8.808583072000033 ], [ 43.176826393000056, 8.796804740000027 ], [ 43.201453815000036, 8.796447821000072 ], [ 43.232628164000062, 8.793772915000034 ], [ 43.260414809000054, 8.675381762000029 ] ] ] } },
{ "type": "Feature", "properties": { "DISTRICTS": "Yahob", "Zone_Name": "Erer", "Wor_PCode": "ET0504008" }, "geometry": { "type": "Polygon", "coordinates": [ [ [ 42.681556650000061, 7.621966865000047 ], [ 42.67789080600005, 7.620542939000075 ], [ 42.674892510000063, 7.621193855000058 ], [ 42.67146688400004, 7.618854602000056 ], [ 42.65627676500003, 7.601210128000048 ], [ 42.648998185000039, 7.594459615000062 ], [ 42.63299177500005, 7.586218269000028 ], [ 42.612827364000054, 7.579532583000059 ], [ 42.597915641000043, 7.575667911000039 ], [ 42.578903185000058, 7.568536374000075 ], [ 42.568099945000029, 7.567479675000072 ], [ 42.562786021000079, 7.569248148000042 ], [ 42.552532203000055, 7.561309769000047 ], [ 42.552007542000069, 7.561109286000033 ], [ 42.550968662000059, 7.56222139700003 ], [ 42.53740573500005, 7.575784325000029 ], [ 42.529553513000053, 7.59505795900003 ], [ 42.507424526000079, 7.607193210000048 ], [ 42.508138364000047, 7.626466844000049 ], [ 42.50456917300005, 7.642885125000021 ], [ 42.485295539000049, 7.658589568000025 ], [ 42.45388665300004, 7.689284615000076 ], [ 42.452458977000049, 7.704989058000024 ], [ 42.434613019000039, 7.745677841000031 ], [ 42.424619283000027, 7.770662181000034 ], [ 42.416053223000063, 7.790649654000049 ], [ 42.398668341000075, 7.821268072000066 ], [ 42.426760798000032, 7.847756718000028 ], [ 42.423191606000046, 7.887017825000044 ], [ 42.414625547000071, 7.921995901000059 ], [ 42.403204134000077, 7.971250744000031 ], [ 42.411770194000042, 8.005514983000069 ], [ 42.411770194000042, 8.033354676000044 ], [ 42.429616151000062, 8.03977922100006 ], [ 42.472446449000074, 8.070474268000055 ], [ 42.499572305000072, 8.09046174100007 ], [ 42.54811330900003, 8.109735375000071 ], [ 42.589515931000051, 8.117587596000021 ], [ 42.613072595000062, 8.122584464000056 ], [ 42.640198450000071, 8.128295171000048 ], [ 42.66875198200006, 8.126867494000066 ], [ 42.686720716000025, 8.121641932000045 ], [ 42.674669820000076, 8.089228438000021 ], [ 42.680618265000078, 8.077865691000056 ], [ 42.686523381000029, 8.072047326000074 ], [ 42.694999653000025, 8.068716957000049 ], [ 42.697948432000032, 8.065463133000037 ], [ 42.702861865000045, 8.054151482000066 ], [ 42.704368573000067, 8.04655840700002 ], [ 42.70354995100007, 8.042363219000038 ], [ 42.701644894000026, 8.032600378000041 ], [ 42.691917441000044, 8.011857060000068 ], [ 42.693885876000024, 8.004258126000025 ], [ 42.693325113000071, 7.999999956000067 ], [ 42.68920907100005, 7.99165447200005 ], [ 42.691596897000068, 7.967356253000048 ], [ 42.70412549100007, 7.945339448000027 ], [ 42.708324343000072, 7.937960703000044 ], [ 42.710472139000046, 7.932019677000028 ], [ 42.709175032000076, 7.92557666700003 ], [ 42.701778328000046, 7.910104748000037 ], [ 42.699863380000068, 7.897914815000036 ], [ 42.695808384000031, 7.890747934000046 ], [ 42.699127225000041, 7.883445352000024 ], [ 42.708686845000045, 7.874155057000053 ], [ 42.711986596000031, 7.868228394000027 ], [ 42.712558699000056, 7.859513226000047 ], [ 42.70925894800007, 7.82985969200007 ], [ 42.711429613000064, 7.822081963000073 ], [ 42.713546791000056, 7.818665977000023 ], [ 42.715858450000042, 7.818005611000046 ], [ 42.72377774000006, 7.81076048500006 ], [ 42.72642525200007, 7.801841197000044 ], [ 42.733069140000055, 7.792476621000048 ], [ 42.733071599000027, 7.792462921000038 ], [ 42.734165180000048, 7.790919831000053 ], [ 42.738655064000056, 7.781794155000057 ], [ 42.739681334000068, 7.773542414000076 ], [ 42.739383659000055, 7.760911544000066 ], [ 42.732025133000036, 7.742452669000045 ], [ 42.735874118000027, 7.71173808900005 ], [ 42.734146091000071, 7.702762667000059 ], [ 42.730304666000052, 7.697203610000031 ], [ 42.721335102000069, 7.68985570600006 ], [ 42.71871953200008, 7.685118761000069 ], [ 42.711292210000067, 7.672167724000076 ], [ 42.711090169000045, 7.669868917000031 ], [ 42.71463391900005, 7.662796537000077 ], [ 42.713134771000057, 7.65405226200005 ], [ 42.709293346000038, 7.648722651000071 ], [ 42.704086396000037, 7.641998787000034 ], [ 42.691547379000042, 7.632426314000043 ], [ 42.681556650000061, 7.621966865000047 ] ] ] } },
{ "type": "Feature", "properties": { "DISTRICTS": "Wangey", "Zone_Name": "Erer", "Wor_PCode": "ET0504007" }, "geometry": { "type": "Polygon", "coordinates": [ [ [ 42.221648079000033, 7.272384697000064 ], [ 42.221523066000032, 7.274150509000037 ], [ 42.221777551000059, 7.277203677000045 ], [ 42.222170280000057, 7.279670859000021 ], [ 42.222227387000032, 7.281422142000054 ], [ 42.221446924000077, 7.28317342500003 ], [ 42.219916126000044, 7.284806416000038 ], [ 42.219638533000079, 7.286542742000051 ], [ 42.219314927000028, 7.288198847000046 ], [ 42.219067463000044, 7.289893023000047 ], [ 42.218553499000052, 7.291606235000074 ], [ 42.217525572000056, 7.29335751900004 ], [ 42.215336468000032, 7.294880374000059 ], [ 42.213318685000047, 7.295679872000051 ], [ 42.210539474000029, 7.296822014000043 ], [ 42.208997584000031, 7.297792834000063 ], [ 42.207151122000027, 7.299011118000067 ], [ 42.20559019500007, 7.300514937000059 ], [ 42.20423866200008, 7.301066972000058 ], [ 42.201250059000074, 7.301790328000038 ], [ 42.198870598000042, 7.302799220000054 ], [ 42.197005100000069, 7.303808111000023 ], [ 42.195444174000045, 7.304721824000069 ], [ 42.19342639100006, 7.306339858000058 ], [ 42.192817249000029, 7.306910928000036 ], [ 42.192093893000049, 7.308186320000061 ], [ 42.191541858000051, 7.310223138000026 ], [ 42.190875609000045, 7.311841172000072 ], [ 42.190247431000046, 7.313801847000036 ], [ 42.189162397000075, 7.315781559000072 ], [ 42.187106542000038, 7.318789198000047 ], [ 42.185050688000047, 7.320921195000039 ], [ 42.183470726000053, 7.321834908000028 ], [ 42.182157263000079, 7.321587444000045 ], [ 42.180310802000065, 7.321320944000036 ], [ 42.178464340000062, 7.321720694000021 ], [ 42.175913558000047, 7.322596335000071 ], [ 42.174562497000068, 7.323303432000046 ], [ 42.173876739000036, 7.323662334000062 ], [ 42.173457954000071, 7.324766404000059 ], [ 42.173629275000053, 7.326479616000029 ], [ 42.174219382000047, 7.327812114000039 ], [ 42.174809488000051, 7.328668720000053 ], [ 42.17608487900003, 7.32914461200005 ], [ 42.177588698000079, 7.329734718000054 ], [ 42.179413650000072, 7.330315878000022 ], [ 42.181578959000035, 7.331957706000026 ], [ 42.182530744000076, 7.33331399900004 ], [ 42.183078020000039, 7.335122389000048 ], [ 42.182840074000069, 7.335978995000062 ], [ 42.18200726200007, 7.336859396000023 ], [ 42.180936505000034, 7.338525018000041 ], [ 42.180365434000066, 7.340428587000076 ], [ 42.180294050000043, 7.342236978000074 ], [ 42.181079272000034, 7.344568849000041 ], [ 42.182054851000032, 7.346638980000023 ], [ 42.182031057000074, 7.347257640000066 ], [ 42.181721727000081, 7.348423576000073 ], [ 42.181531370000073, 7.350779243000034 ], [ 42.181959673000051, 7.352064152000025 ], [ 42.183339760000081, 7.353277677000051 ], [ 42.18519574000004, 7.354158077000022 ], [ 42.186669001000041, 7.355005202000029 ], [ 42.187099309000075, 7.355252629000063 ], [ 42.187503817000049, 7.356133030000024 ], [ 42.188384218000067, 7.358988383000053 ], [ 42.188717342000075, 7.361320255000066 ], [ 42.188431807000029, 7.362914494000051 ], [ 42.187813147000043, 7.364080430000058 ], [ 42.187051720000056, 7.365460517000031 ], [ 42.186123730000077, 7.368482432000064 ], [ 42.185980962000031, 7.371123634000071 ], [ 42.18574301600006, 7.373645863000036 ], [ 42.185338508000029, 7.374811799000042 ], [ 42.184624669000073, 7.377238849000037 ], [ 42.183910831000048, 7.379451748000065 ], [ 42.182649717000061, 7.382164333000048 ], [ 42.18210244100004, 7.384210670000073 ], [ 42.181835941000031, 7.385961953000049 ], [ 42.181188728000052, 7.388303343000075 ], [ 42.180522479000047, 7.390359197000066 ], [ 42.179894498000067, 7.391949406000037 ], [ 42.179342266000049, 7.393347800000072 ], [ 42.178637945000048, 7.396526760000029 ], [ 42.178580838000073, 7.397764080000059 ], [ 42.178809267000076, 7.398906221000061 ], [ 42.178934247000029, 7.399121303000072 ], [ 42.179627801000038, 7.400314862000073 ], [ 42.18038922900007, 7.401399896000044 ], [ 42.18076994300003, 7.401704467000059 ], [ 42.181417156000066, 7.401571217000026 ], [ 42.182446501000072, 7.402370369000039 ], [ 42.183073261000061, 7.403303465000022 ], [ 42.183073261000061, 7.404141035000066 ], [ 42.182844833000047, 7.405207034000057 ], [ 42.182711583000071, 7.40644435300004 ], [ 42.182806761000052, 7.407833959000072 ], [ 42.183301689000075, 7.409071278000056 ], [ 42.18335879600005, 7.410575098000038 ], [ 42.182978082000034, 7.411184240000068 ], [ 42.18238797600003, 7.411469775000057 ], [ 42.180617657000028, 7.41225023800007 ], [ 42.178771195000024, 7.412383488000046 ], [ 42.176505948000056, 7.412516738000022 ], [ 42.174392987000033, 7.412745166000036 ], [ 42.172127740000064, 7.413392379000072 ], [ 42.170509707000065, 7.415181734000043 ], [ 42.168168317000038, 7.417504088000044 ], [ 42.164856107000048, 7.418417801000032 ], [ 42.162990610000065, 7.417732516000058 ], [ 42.160649220000039, 7.417408910000063 ], [ 42.157603510000058, 7.417351803000031 ], [ 42.154576836000047, 7.417770588000053 ], [ 42.151340769000058, 7.41824648000005 ], [ 42.14880902200008, 7.418474908000064 ], [ 42.147762059000058, 7.418227444000024 ], [ 42.146619918000056, 7.41754215900005 ], [ 42.144811528000048, 7.417751552000027 ], [ 42.143117352000047, 7.41824648000005 ], [ 42.141156676000037, 7.419312478000052 ], [ 42.139462499000047, 7.420454620000044 ], [ 42.138838570000075, 7.421434686000055 ], [ 42.138286521000055, 7.422922640000024 ], [ 42.13797771600008, 7.425061256000049 ], [ 42.137806395000041, 7.425841719000061 ], [ 42.137292431000049, 7.426527004000036 ], [ 42.136550039000042, 7.426774468000076 ], [ 42.136435825000035, 7.427669146000028 ], [ 42.136702325000044, 7.429134894000072 ], [ 42.137216288000047, 7.430829070000073 ], [ 42.13773025200004, 7.431723747000035 ], [ 42.138529751000078, 7.432580353000048 ], [ 42.140166820000047, 7.433189495000022 ], [ 42.141067177000025, 7.433626811000067 ], [ 42.141499318000058, 7.433836708000058 ], [ 42.142317853000065, 7.434407779000026 ], [ 42.142413031000046, 7.435397635000072 ], [ 42.142470138000078, 7.43657784800007 ], [ 42.14201328200005, 7.438005524000062 ], [ 42.141061497000067, 7.439737772000058 ], [ 42.140376213000025, 7.440499199000044 ], [ 42.140128749000041, 7.441222555000024 ], [ 42.140737891000072, 7.442421804000048 ], [ 42.140223927000079, 7.443145160000029 ], [ 42.138834322000037, 7.44421115800003 ], [ 42.137083038000071, 7.445124871000075 ], [ 42.135864754000067, 7.445505585000035 ], [ 42.133885043000078, 7.446000513000058 ], [ 42.131943403000037, 7.446400263000044 ], [ 42.129963691000057, 7.446742905000065 ], [ 42.128022051000073, 7.446362191000048 ], [ 42.12493827000003, 7.446095692000029 ], [ 42.123662878000061, 7.446267013000067 ], [ 42.121892559000059, 7.447009405000074 ], [ 42.119703455000035, 7.447808903000066 ], [ 42.116315103000034, 7.449103330000071 ], [ 42.114487677000056, 7.449807651000071 ], [ 42.111898823000047, 7.450835578000067 ], [ 42.110128504000045, 7.451311470000064 ], [ 42.108662756000058, 7.45173025500003 ], [ 42.107292187000041, 7.452149040000052 ], [ 42.105750296000053, 7.452510718000042 ], [ 42.10451297600008, 7.452301326000054 ], [ 42.102209658000049, 7.452720111000076 ], [ 42.100915231000045, 7.453386360000025 ], [ 42.100115732000063, 7.454585608000059 ], [ 42.09893029400007, 7.457075131000067 ], [ 42.098688056000071, 7.458373710000046 ], [ 42.09899262700003, 7.460962564000056 ], [ 42.09944185300003, 7.464143377000028 ], [ 42.099937475000047, 7.467652706000024 ], [ 42.099593715000026, 7.472308645000055 ], [ 42.099563697000065, 7.474173331000031 ], [ 42.099525626000059, 7.476076900000066 ], [ 42.098897448000059, 7.478094683000052 ], [ 42.098821306000048, 7.478932253000039 ], [ 42.098935520000055, 7.480264752000039 ], [ 42.099106841000037, 7.481197500000064 ], [ 42.099563697000065, 7.481673393000051 ], [ 42.100496446000079, 7.48161628500003 ], [ 42.10121980200006, 7.482853605000059 ], [ 42.101391123000042, 7.484623924000061 ], [ 42.10057258900008, 7.48713663500007 ], [ 42.099049734000062, 7.489154418000055 ], [ 42.096898701000043, 7.490753416000075 ], [ 42.094595383000069, 7.491762307000045 ], [ 42.092196886000067, 7.492656985000053 ], [ 42.088618177000058, 7.493932376000032 ], [ 42.085953180000047, 7.49448441100003 ], [ 42.083154934000049, 7.494941267000058 ], [ 42.080585116000066, 7.495893051000053 ], [ 42.079119368000079, 7.496768693000035 ], [ 42.077291942000045, 7.498215405000053 ], [ 42.076225944000043, 7.499262368000075 ], [ 42.075692945000071, 7.500271260000034 ], [ 42.075159945000053, 7.501737008000021 ], [ 42.074741160000031, 7.503811898000038 ], [ 42.074512732000073, 7.505296681000061 ], [ 42.073770340000067, 7.507580964000056 ], [ 42.072513985000057, 7.510074639000038 ], [ 42.07080077300003, 7.511978208000073 ], [ 42.068973347000053, 7.512968064000063 ], [ 42.067355313000064, 7.513291670000058 ], [ 42.064956816000063, 7.513405884000065 ], [ 42.061416178000059, 7.513272635000021 ], [ 42.057456755000032, 7.513615277000042 ], [ 42.054525259000059, 7.51407213400006 ], [ 42.052602655000044, 7.514814525000077 ], [ 42.051693731000057, 7.515708549000067 ], [ 42.051441478000072, 7.515956667000069 ], [ 42.051270157000033, 7.516851344000031 ], [ 42.051460514000041, 7.518831056000067 ], [ 42.051717867000036, 7.519527423000056 ], [ 42.052431334000062, 7.521457981000026 ], [ 42.053078547000041, 7.524427548000062 ], [ 42.053497332000063, 7.526826045000064 ], [ 42.053421190000051, 7.530214397000066 ], [ 42.05324986800008, 7.531356538000068 ], [ 42.052773976000026, 7.53287939300003 ], [ 42.051860263000037, 7.534459355000024 ], [ 42.050832336000042, 7.535563425000021 ], [ 42.049480802000062, 7.536458103000029 ], [ 42.047520126000052, 7.53769542200007 ], [ 42.044988380000063, 7.539199242000052 ], [ 42.043655882000053, 7.54039849000003 ], [ 42.042266276000078, 7.541826167000067 ], [ 42.040933778000067, 7.543805878000057 ], [ 42.040305600000067, 7.545557162000023 ], [ 42.038801781000075, 7.548298301000045 ], [ 42.036346177000041, 7.55157243900004 ], [ 42.034537787000033, 7.553875757000071 ], [ 42.033161146000054, 7.556449487000066 ], [ 42.065201698000067, 7.555558907000034 ], [ 42.118739571000049, 7.555558907000034 ], [ 42.147293103000038, 7.555558907000034 ], [ 42.170135928000036, 7.555558907000034 ], [ 42.202972490000036, 7.552703553000072 ], [ 42.215107741000054, 7.550562038000066 ], [ 42.242947435000076, 7.550562038000066 ], [ 42.266504099000031, 7.536999111000057 ], [ 42.267931776000069, 7.501307196000027 ], [ 42.287919248000037, 7.472039825000024 ], [ 42.290060763000042, 7.452766191000023 ], [ 42.292916116000072, 7.437775587000033 ], [ 42.311475912000049, 7.417788114000075 ], [ 42.304337529000065, 7.407080540000038 ], [ 42.304337529000065, 7.38281003700007 ], [ 42.318614295000032, 7.365677918000074 ], [ 42.347889981000037, 7.352073332000032 ], [ 42.352743302000079, 7.349817965000057 ], [ 42.352774325000041, 7.349716255000033 ], [ 42.351845678000075, 7.349379268000064 ], [ 42.350049893000062, 7.348727616000076 ], [ 42.349848544000054, 7.348654550000049 ], [ 42.349712160000081, 7.348605059000022 ], [ 42.347081345000049, 7.347650391000059 ], [ 42.347019015000058, 7.347627773000056 ], [ 42.309131, 7.333879 ], [ 42.292976125000052, 7.330989180000074 ], [ 42.262281064000035, 7.325498379000067 ], [ 42.257321551000075, 7.324505782000074 ], [ 42.246776495000063, 7.312511860000029 ], [ 42.239932994000071, 7.291059414000074 ], [ 42.239631728000063, 7.279111778000072 ], [ 42.235294367000051, 7.276757216000021 ], [ 42.22988121800006, 7.268645336000077 ], [ 42.223281904000032, 7.263275656000076 ], [ 42.222476500000027, 7.262705804000063 ], [ 42.222151244000031, 7.263395346000038 ], [ 42.22205606600005, 7.26409966600005 ], [ 42.221979923000049, 7.264784951000024 ], [ 42.22241774400004, 7.265489271000035 ], [ 42.222703279000029, 7.266441056000076 ], [ 42.22241774400004, 7.267697411000029 ], [ 42.222113173000025, 7.269087016000071 ], [ 42.221994966000068, 7.269873346000054 ], [ 42.221913570000027, 7.27041480500003 ], [ 42.221830178000062, 7.270969548000039 ], [ 42.221795463000035, 7.271173499000042 ], [ 42.221799596000039, 7.271172982000053 ], [ 42.221732698000039, 7.271617997000021 ], [ 42.221729537000044, 7.271619380000061 ], [ 42.22172082700007, 7.271696966000036 ], [ 42.221716833000073, 7.271733855000036 ], [ 42.221715264000068, 7.271733970000071 ], [ 42.221675352000034, 7.271999477000065 ], [ 42.221659312000043, 7.272226037000053 ], [ 42.221656130000042, 7.272270979000041 ], [ 42.221651307000059, 7.272339106000061 ], [ 42.221648079000033, 7.272384697000064 ] ] ] } },
{ "type": "Feature", "properties": { "DISTRICTS": "Ayun", "Zone_Name": "Nogob", "Wor_PCode": "ET0509001" }, "geometry": { "type": "Polygon", "coordinates": [ [ [ 42.44525965400004, 6.90411914200007 ], [ 42.315646579000031, 6.892887023000071 ], [ 42.196893214000056, 6.909416978000024 ], [ 42.162809, 6.927355 ], [ 42.165255461000072, 6.935840010000049 ], [ 42.16459267700003, 6.941781918000061 ], [ 42.165749384000037, 6.943329518000041 ], [ 42.167329650000056, 6.945443813000054 ], [ 42.167799908000063, 6.951950454000041 ], [ 42.168037240000046, 6.952071058000058 ], [ 42.167877119000025, 6.954003792000037 ], [ 42.161559983000075, 6.978964268000027 ], [ 42.163562816000081, 6.983816087000037 ], [ 42.17792511500005, 6.993427304000022 ], [ 42.183647, 6.999627 ], [ 42.18608577100008, 7.007487627000046 ], [ 42.183380033000049, 7.015097100000048 ], [ 42.179351950000068, 7.020186193000029 ], [ 42.17636114000004, 7.023964792000072 ], [ 42.172115255000051, 7.031719273000022 ], [ 42.171680366000032, 7.036360735000073 ], [ 42.172145873000034, 7.046424418000072 ], [ 42.174835155000039, 7.051744391000057 ], [ 42.181888635000064, 7.057582412000045 ], [ 42.186634047000041, 7.063848518000043 ], [ 42.188289687000065, 7.077425523000045 ], [ 42.193965924000054, 7.083015009000064 ], [ 42.206809987000042, 7.085712984000054 ], [ 42.210958337000079, 7.090549241000076 ], [ 42.212711323000065, 7.091534185000057 ], [ 42.214729276000071, 7.095466140000042 ], [ 42.216285691000053, 7.099392426000065 ], [ 42.21688055900006, 7.105061142000068 ], [ 42.21812050300008, 7.116877006000038 ], [ 42.225689009000064, 7.135815563000051 ], [ 42.223111466000034, 7.144996594000077 ], [ 42.222316681000052, 7.147027422000065 ], [ 42.223436789000061, 7.153273455000033 ], [ 42.224670488000072, 7.160152905000075 ], [ 42.219779923000033, 7.181452828000033 ], [ 42.220638361000056, 7.186288393000041 ], [ 42.227214806000063, 7.193266841000025 ], [ 42.23418815000008, 7.205074239000055 ], [ 42.23223441600004, 7.210369438000043 ], [ 42.229656308000074, 7.216959503000055 ], [ 42.23250586100005, 7.227563349000036 ], [ 42.232490201000076, 7.240305012000022 ], [ 42.232716051000068, 7.241561411000021 ], [ 42.232830265000075, 7.243541123000057 ], [ 42.232811229000049, 7.245121085000051 ], [ 42.232792194000069, 7.24664394000007 ], [ 42.232259194000051, 7.249404115000061 ], [ 42.23189751600006, 7.250336864000076 ], [ 42.231231267000055, 7.251383826000051 ], [ 42.230654909000066, 7.251408553000033 ], [ 42.229974912000046, 7.251440933000026 ], [ 42.22930866300004, 7.251954897000076 ], [ 42.228033272000062, 7.253420645000062 ], [ 42.226872095000033, 7.254772179000042 ], [ 42.225653811000029, 7.256542498000044 ], [ 42.224930455000049, 7.257951139000056 ], [ 42.224254687000041, 7.259154890000048 ], [ 42.223083993000046, 7.260996849000037 ], [ 42.222627136000028, 7.262386454000023 ], [ 42.222476500000027, 7.262705804000063 ], [ 42.223281904000032, 7.263275656000076 ], [ 42.22988121800006, 7.268645336000077 ], [ 42.235294367000051, 7.276757216000021 ], [ 42.239631728000063, 7.279111778000072 ], [ 42.239932994000071, 7.291059414000074 ], [ 42.246776495000063, 7.312511860000029 ], [ 42.257321551000075, 7.324505782000074 ], [ 42.262281064000035, 7.325498379000067 ], [ 42.292976125000052, 7.330989180000074 ], [ 42.309131, 7.333879 ], [ 42.347081345000049, 7.347650391000059 ], [ 42.352774325000041, 7.349716255000033 ], [ 42.357461873000034, 7.351417269000024 ], [ 42.361408099000073, 7.352849272000071 ], [ 42.364790529000061, 7.354076686000042 ], [ 42.368923949000077, 7.355576618000043 ], [ 42.371280187000025, 7.356431648000068 ], [ 42.375727132000065, 7.358045352000033 ], [ 42.37709346500003, 7.358541166000066 ], [ 42.388140789000033, 7.362550010000064 ], [ 42.392094645000043, 7.363984782000045 ], [ 42.398051202000033, 7.366146292000053 ], [ 42.407055097000068, 7.369413619000056 ], [ 42.41572622700005, 7.372537789000035 ], [ 42.487324822000062, 7.397030574000041 ], [ 42.481244997000033, 7.369053825000037 ], [ 42.489795836000042, 7.339212618000033 ], [ 42.522255071000075, 7.307419155000048 ], [ 42.546328713000037, 7.282872675000021 ], [ 42.56488850900007, 7.265026718000058 ], [ 42.577023760000031, 7.243611569000052 ], [ 42.587731335000058, 7.220768743000065 ], [ 42.598438909000038, 7.211488845000076 ], [ 42.598438909000038, 7.195784402000072 ], [ 42.61557102900008, 7.173655415000042 ], [ 42.620567897000058, 7.137963500000069 ], [ 42.605577292000078, 7.12011754200006 ], [ 42.599866586000076, 7.072290376000069 ], [ 42.602008101000081, 7.044450682000047 ], [ 42.594869718000041, 7.020894018000035 ], [ 42.582020629000056, 7.004475738000053 ], [ 42.562746994000065, 6.995909678000032 ], [ 42.567030024000076, 6.968069984000067 ], [ 42.554180935000034, 6.958076248000054 ], [ 42.515290121000078, 6.928048529000023 ], [ 42.44525965400004, 6.90411914200007 ] ] ] } },
{ "type": "Feature", "properties": { "DISTRICTS": "Hararey", "Zone_Name": "Nogob", "Wor_PCode": "ET0509005" }, "geometry": { "type": "Polygon", "coordinates": [ [ [ 43.033404381000025, 7.117500135000057 ], [ 43.069096296000055, 7.113217106000036 ], [ 43.120492654000032, 7.113217106000036 ], [ 43.130486390000044, 7.080380544000036 ], [ 43.141907803000038, 7.063248424000051 ], [ 43.147618510000029, 7.034694892000061 ], [ 43.161895276000052, 7.00043065400007 ], [ 43.163322952000044, 6.979015505000064 ], [ 43.169033659000036, 6.959028032000049 ], [ 43.171889012000065, 6.937612883000043 ], [ 43.177599718000067, 6.919053087000066 ], [ 43.18045507100004, 6.904776321000043 ], [ 43.18045507100004, 6.887644202000047 ], [ 43.185130013000048, 6.868944438000028 ], [ 43.186165778000031, 6.864801377000049 ], [ 43.194731838000052, 6.846241581000072 ], [ 43.192307350000078, 6.811090114000024 ], [ 43.073379326000065, 6.794845223000038 ], [ 43.054819530000032, 6.787706840000055 ], [ 43.026265998000042, 6.777713104000043 ], [ 42.966303581000034, 6.756297955000036 ], [ 42.913479547000065, 6.744876542000043 ], [ 42.88920904400004, 6.749159572000053 ], [ 42.844203926000034, 6.761854102000029 ], [ 42.777612323000028, 6.748921626000026 ], [ 42.802832951000028, 6.847412843000029 ], [ 42.812350795000043, 6.885484219000034 ], [ 42.814254363000032, 6.925459164000074 ], [ 42.840668040000025, 7.028984186000059 ], [ 42.87273024600006, 7.08398032100007 ], [ 42.90018, 7.1055 ], [ 42.92918398900008, 7.110361752000074 ], [ 42.974869641000055, 7.113217106000036 ], [ 43.033404381000025, 7.117500135000057 ] ] ] } },
{ "type": "Feature", "properties": { "DISTRICTS": "Dhanan", "Zone_Name": "Shabelle", "Wor_PCode": "ET0510004" }, "geometry": { "type": "Polygon", "coordinates": [ [ [ 43.591777, 6.81952 ], [ 43.761017535000065, 6.614007445000027 ], [ 43.75300775200003, 6.600049813000055 ], [ 43.745056921000071, 6.586137650000069 ], [ 43.742880219000028, 6.582539362000034 ], [ 43.714709443000061, 6.541767965000076 ], [ 43.71477662500007, 6.515428225000051 ], [ 43.725083487000063, 6.475825606000058 ], [ 43.682498964000047, 6.43709459300004 ], [ 43.617517, 6.370002 ], [ 43.511194750000072, 6.355093036000028 ], [ 43.444727991000036, 6.345772781000051 ], [ 43.425988979000067, 6.343145237000044 ], [ 43.376482916000043, 6.336203601000022 ], [ 43.334044107000068, 6.429801306000059 ], [ 43.319070181000029, 6.462825915000053 ], [ 43.287045887000033, 6.537549268000021 ], [ 43.24834986500008, 6.629619114000036 ], [ 43.218994262000081, 6.709679849000054 ], [ 43.192307350000078, 6.811090114000024 ], [ 43.403470054000024, 6.743210919000035 ], [ 43.471165720000045, 6.75272876300005 ], [ 43.486156324000035, 6.755227197000067 ], [ 43.517208290000042, 6.764864014000068 ], [ 43.527915865000068, 6.770217802000047 ], [ 43.542906469000059, 6.776285427000062 ], [ 43.54968793300003, 6.784494568000071 ], [ 43.56218010300006, 6.796272900000076 ], [ 43.591777, 6.81952 ] ] ] } },
{ "type": "Feature", "properties": { "DISTRICTS": "Qadaduma", "Zone_Name": "Dawa", "Wor_PCode": "ET0502002" }, "geometry": { "type": "Polygon", "coordinates": [ [ [ 39.834880828000053, 3.819472075000022 ], [ 39.78295898500005, 3.706891060000032 ], [ 39.762840271000073, 3.663264036000044 ], [ 39.708229065000069, 3.607198 ], [ 39.706161499000075, 3.605076075000056 ], [ 39.620140075000052, 3.516755104000026 ], [ 39.619720459000064, 3.516320944000029 ], [ 39.612136841000051, 3.506445885000062 ], [ 39.585071564000032, 3.481983900000046 ], [ 39.58180999800004, 3.47643494600004 ], [ 39.567916870000033, 3.429982900000027 ], [ 39.567322133000062, 3.428590453000027 ], [ 39.562076569000055, 3.416309119000061 ], [ 39.557014466000055, 3.411483050000072 ], [ 39.547069549000071, 3.405368090000024 ], [ 39.539481153000054, 3.403791808000051 ], [ 39.532886505000079, 3.402421951000065 ], [ 39.528297424000073, 3.402976036000041 ], [ 39.519268036000028, 3.408283949000065 ], [ 39.514831543000071, 3.414258003000043 ], [ 39.507751465000069, 3.440705061000074 ], [ 39.501590728000053, 3.457662106000043 ], [ 39.496875763000048, 3.461333036000042 ], [ 39.48918533300008, 3.46338391300003 ], [ 39.471282959000064, 3.460541963000026 ], [ 39.47061745600007, 3.460544170000048 ], [ 39.446350306000056, 3.491977478000024 ], [ 39.414665626000044, 3.552506313000038 ], [ 39.396576693000043, 3.560919770000055 ], [ 39.358981210000024, 3.580431350000026 ], [ 39.309012528000039, 3.60946077400007 ], [ 39.274272398000051, 3.652766965000069 ], [ 39.245242974000064, 3.696073155000022 ], [ 39.240959944000053, 3.720343657000058 ], [ 39.245718866000061, 3.734144531000027 ], [ 39.259043847000044, 3.74556594400002 ], [ 39.291404517000046, 3.744614160000026 ], [ 39.316626804000066, 3.749373082000034 ], [ 39.347083905000034, 3.745090052000023 ], [ 39.395030044000066, 3.75579762600006 ], [ 39.411924217000035, 3.77816456000005 ], [ 39.423583576000055, 3.798152032000075 ], [ 39.485687508000069, 3.853355528000066 ], [ 39.560045665000075, 3.91998043600006 ], [ 39.605850289000045, 3.961026138000022 ], [ 39.660577892000049, 3.98898480500003 ], [ 39.735530914000037, 4.01337428000005 ], [ 39.815069881000056, 4.050016480000068 ], [ 39.878698902000053, 3.946089079000046 ], [ 39.957957478000026, 3.919418283000027 ], [ 39.925849915000072, 3.903187037000066 ], [ 39.869567871000072, 3.874727010000072 ], [ 39.86507034300007, 3.867917061000071 ], [ 39.85752868700007, 3.850039005000042 ], [ 39.836330414000031, 3.821424007000076 ], [ 39.834880828000053, 3.819472075000022 ] ] ] } },
{ "type": "Feature", "properties": { "DISTRICTS": "Dolo Ado", "Zone_Name": "Liban", "Wor_PCode": "ET0508003" }, "geometry": { "type": "Polygon", "coordinates": [ [ [ 41.214550019000058, 3.953505993000022 ], [ 41.211531867000076, 3.962782847000028 ], [ 41.210627291000037, 3.971677843000066 ], [ 41.217614912000045, 4.011374867000029 ], [ 41.228322486000025, 4.03041055500006 ], [ 41.240219791000072, 4.054205165000042 ], [ 41.266393862000029, 4.105363576000059 ], [ 41.311603621000074, 4.138676030000056 ], [ 41.317552274000036, 4.160091180000052 ], [ 41.325880387000041, 4.195783095000024 ], [ 41.338967423000042, 4.235044201000051 ], [ 41.406782062000048, 4.273115577000056 ], [ 41.444853438000052, 4.294530726000062 ], [ 41.485304275000033, 4.317135606000022 ], [ 41.529324303000067, 4.346878869000022 ], [ 41.575723793000066, 4.380191323000076 ], [ 41.630689342000039, 4.393635277000044 ], [ 41.660194659000069, 4.399345984000036 ], [ 41.688272299000062, 4.406484367000076 ], [ 41.711115124000059, 4.413622750000059 ], [ 41.728247243000055, 4.418857564000064 ], [ 41.752041853000037, 4.42980308500006 ], [ 41.775360571000078, 4.44788698800005 ], [ 41.788326358000063, 4.465553331000024 ], [ 41.797042849000036, 4.465051157000062 ], [ 41.805042275000062, 4.459260953000069 ], [ 41.809558808000077, 4.444054579000067 ], [ 41.81110766300003, 4.432313900000054 ], [ 41.81408687000004, 4.432299536000073 ], [ 41.819850992000056, 4.437562429000025 ], [ 41.823295518000066, 4.438696429000061 ], [ 41.825569187000042, 4.434773923000023 ], [ 41.834735877000071, 4.432198609000068 ], [ 41.841121620000081, 4.424575294000022 ], [ 41.852542891000041, 4.415086737000024 ], [ 41.851833385000077, 4.410948771000051 ], [ 41.845390374000033, 4.406839344000048 ], [ 41.84491730700006, 4.403850498000054 ], [ 41.849719986000025, 4.400376300000062 ], [ 41.84898761200003, 4.391407493000031 ], [ 41.85170751000004, 4.384952010000063 ], [ 41.855140696000035, 4.383324530000039 ], [ 41.859275827000033, 4.384684952000043 ], [ 41.863685575000034, 4.395246462000046 ], [ 41.866436093000061, 4.395002841000064 ], [ 41.868694264000055, 4.387399182000024 ], [ 41.88246537200007, 4.388711975000035 ], [ 41.884956544000033, 4.385094564000042 ], [ 41.885635469000079, 4.380873768000072 ], [ 41.882350838000036, 4.365935395000065 ], [ 41.882976617000054, 4.353509401000053 ], [ 41.885250098000029, 4.349126868000042 ], [ 41.919136098000081, 4.336994581000056 ], [ 41.920963351000069, 4.335145026000021 ], [ 41.92162711900005, 4.330540230000054 ], [ 41.917484238000043, 4.327569906000065 ], [ 41.918395974000077, 4.325955468000075 ], [ 41.93123625700008, 4.325430804000064 ], [ 41.932395961000054, 4.328185479000069 ], [ 41.92946627200007, 4.338093237000066 ], [ 41.93177415100007, 4.340842243000054 ], [ 41.934978457000057, 4.340136138000048 ], [ 41.940452653000079, 4.333666857000026 ], [ 41.941581739000071, 4.330210236000028 ], [ 41.940647134000073, 4.326764199000024 ], [ 41.935802497000054, 4.320805973000063 ], [ 41.935783408000077, 4.317355589000044 ], [ 41.945369678000077, 4.308104984000067 ], [ 41.947628039000051, 4.300500947000046 ], [ 41.949680390000026, 4.298650258000066 ], [ 41.955192575000069, 4.299772730000029 ], [ 41.960502530000042, 4.306648172000052 ], [ 41.96441653200003, 4.30938905000005 ], [ 41.966243783000039, 4.30845935900004 ], [ 41.96620938600006, 4.30155802400003 ], [ 41.96804419700004, 4.301318560000027 ], [ 41.969890539000062, 4.303839632000063 ], [ 41.971538619000057, 4.311654026000042 ], [ 41.973834969000052, 4.312562549000063 ], [ 41.97399598100003, 4.311945653000066 ], [ 41.979907917000048, 4.289294759000029 ], [ 41.982883533000063, 4.287438778000023 ], [ 41.997566188000064, 4.288515134000022 ], [ 41.999361658000055, 4.298511655000027 ], [ 42.001929, 4.289982 ], [ 42.026878, 4.280844 ], [ 42.059083136000027, 4.27860266600004 ], [ 42.056246929000054, 4.234355982000068 ], [ 42.055798271000072, 4.214615019000064 ], [ 42.075090575000047, 4.18365760100005 ], [ 42.08454637300008, 4.17779770900006 ], [ 42.084406626000032, 4.177624005000041 ], [ 42.080158234000066, 4.175356865000026 ], [ 42.069023132000041, 4.168312073000038 ], [ 42.061088562000066, 4.161539078000033 ], [ 42.051139832000047, 4.151518822000071 ], [ 42.043159485000047, 4.141767979000065 ], [ 42.035346985000047, 4.132223129000067 ], [ 42.008708954000042, 4.101514816000076 ], [ 42.0, 4.093367100000023 ], [ 41.979049683000028, 4.095186234000039 ], [ 41.97422027600004, 4.080558777000022 ], [ 41.972679138000046, 4.079374790000031 ], [ 41.966911316000051, 4.080088138000065 ], [ 41.946220398000037, 4.055664063000052 ], [ 41.945991516000049, 4.04458999600007 ], [ 41.946090698000035, 4.044024944000057 ], [ 41.946910366000054, 4.039404215000047 ], [ 41.948955536000028, 4.027874947000043 ], [ 41.943458557000042, 4.016658783000025 ], [ 41.931462985000053, 4.006779268000059 ], [ 41.926399231000062, 4.002608776000045 ], [ 41.921424866000052, 3.994117021000022 ], [ 41.913089752000076, 3.990753889000075 ], [ 41.906898499000079, 3.978008032000048 ], [ 41.899078369000051, 3.975493908000033 ], [ 41.893829346000075, 3.978760004000037 ], [ 41.890090942000029, 3.978439092000031 ], [ 41.882437447000029, 3.971598934000042 ], [ 41.88144118200006, 3.970708542000068 ], [ 41.878150940000069, 3.967767954000067 ], [ 41.870424807000063, 3.965598267000075 ], [ 41.863864898000031, 3.963756084000067 ], [ 41.860458374000075, 3.961218118000033 ], [ 41.860094913000069, 3.960564049000027 ], [ 41.856681824000077, 3.954421997000054 ], [ 41.852069855000025, 3.950186968000025 ], [ 41.84545135500008, 3.950052023000069 ], [ 41.84055709900008, 3.955019951000054 ], [ 41.838115692000031, 3.952358007000043 ], [ 41.835556030000077, 3.947025061000033 ], [ 41.833488464000027, 3.945880889000023 ], [ 41.829360962000067, 3.946814060000065 ], [ 41.824310303000061, 3.944529056000022 ], [ 41.820648193000068, 3.94615006500004 ], [ 41.819969177000075, 3.948223114000029 ], [ 41.822509766000053, 3.953737021000052 ], [ 41.822153271000047, 3.954142030000071 ], [ 41.820682526000041, 3.955812931000025 ], [ 41.80990982000003, 3.956074953000041 ], [ 41.805778503000056, 3.957468033000055 ], [ 41.802108765000071, 3.955409050000071 ], [ 41.798213958000076, 3.956800938000072 ], [ 41.79478836100003, 3.960262060000048 ], [ 41.792980194000052, 3.969010114000071 ], [ 41.794139862000065, 3.975447893000023 ], [ 41.79254913300008, 3.979363918000047 ], [ 41.78726959200003, 3.97707891400006 ], [ 41.784290314000032, 3.977318049000075 ], [ 41.782234192000033, 3.979393959000049 ], [ 41.77808761600005, 3.973886013000026 ], [ 41.77257919300007, 3.972290993000058 ], [ 41.754024506000064, 3.976717949000033 ], [ 41.753768920000027, 3.978400946000022 ], [ 41.753570557000046, 3.97971010200007 ], [ 41.755420685000047, 3.984766006000029 ], [ 41.751525879000042, 3.985466957000028 ], [ 41.746932983000079, 3.983409882000046 ], [ 41.74419021600005, 3.985949039000047 ], [ 41.740749359000063, 3.984579086000053 ], [ 41.735710144000052, 3.986893892000069 ], [ 41.734119415000066, 3.991499901000054 ], [ 41.730205536000028, 3.986680031000049 ], [ 41.72356033300008, 3.987159967000025 ], [ 41.720588685000052, 3.992460012000038 ], [ 41.71369171200007, 3.983278036000058 ], [ 41.692581177000079, 3.978048086000058 ], [ 41.687511444000052, 3.969779968000068 ], [ 41.684070587000065, 3.970710039000039 ], [ 41.680629730000078, 3.969340086000045 ], [ 41.674411774000077, 3.95992493600005 ], [ 41.663879394000048, 3.965707064000071 ], [ 41.655166626000039, 3.965502024000045 ], [ 41.631599426000037, 3.982362032000026 ], [ 41.627700806000064, 3.983294010000066 ], [ 41.61782074000007, 3.973889113000041 ], [ 41.608184814000026, 3.972995997000055 ], [ 41.602230072000054, 3.974852085000066 ], [ 41.593273163000049, 3.970046043000025 ], [ 41.588001251000037, 3.969369888000074 ], [ 41.582038879000038, 3.971226931000047 ], [ 41.57630920400004, 3.970782996000025 ], [ 41.569774627000072, 3.967925071000025 ], [ 41.566898346000073, 3.96666693700007 ], [ 41.560260772000049, 3.970827103000033 ], [ 41.557064057000048, 3.975897074000045 ], [ 41.554450988000042, 3.978252888000043 ], [ 41.550659179000036, 3.981666088000054 ], [ 41.545158386000026, 3.982140064000021 ], [ 41.524032593000072, 3.97115397500005 ], [ 41.518268585000044, 3.959666968000022 ], [ 41.509769440000071, 3.954627991000052 ], [ 41.505191803000059, 3.954870939000045 ], [ 41.506809235000048, 3.961997986000029 ], [ 41.505668640000067, 3.964761972000076 ], [ 41.499710083000025, 3.963627100000053 ], [ 41.489379882000037, 3.957902908000051 ], [ 41.484329223000032, 3.958606958000075 ], [ 41.482040406000067, 3.957462073000045 ], [ 41.480358356000067, 3.953610213000047 ], [ 41.479732513000044, 3.952177048000067 ], [ 41.477175804000069, 3.952525512000022 ], [ 41.476291657000047, 3.952646017000063 ], [ 41.472858429000041, 3.955185891000042 ], [ 41.46930268400007, 3.953590535000046 ], [ 41.468269348000035, 3.953126907000069 ], [ 41.466438640000035, 3.95392 ], [ 41.460254669000051, 3.956598997000071 ], [ 41.458957672000054, 3.956342936000055 ], [ 41.446718719000046, 3.95392 ], [ 41.44533920300006, 3.953646899000034 ], [ 41.443417491000048, 3.95392 ], [ 41.437091827000074, 3.954818964000026 ], [ 41.435466766000047, 3.947460890000059 ], [ 41.430187226000044, 3.944943905000059 ], [ 41.427660130000049, 3.945288891000075 ], [ 41.426750183000024, 3.945413113000029 ], [ 41.425914773000045, 3.946063956000046 ], [ 41.421714783000027, 3.949336052000035 ], [ 41.419189453000058, 3.947962999000026 ], [ 41.413688660000048, 3.948896885000067 ], [ 41.405448913000043, 3.953289032000043 ], [ 41.394695282000043, 3.96228790300006 ], [ 41.391254425000056, 3.962757110000041 ], [ 41.378616333000025, 3.951745987000038 ], [ 41.375400114000058, 3.951607724000041 ], [ 41.373569488000044, 3.95152902600006 ], [ 41.369920785000033, 3.952831815000025 ], [ 41.365783691000047, 3.954308987000047 ], [ 41.359603882000044, 3.958925009000041 ], [ 41.359382630000027, 3.960995913000033 ], [ 41.354564667000034, 3.960318089000054 ], [ 41.354190827000025, 3.959758997000051 ], [ 41.348350525000058, 3.950901031000058 ], [ 41.338939666000044, 3.946552992000022 ], [ 41.333093903000076, 3.941883843000028 ], [ 41.332931314000064, 3.941790365000031 ], [ 41.332953257000042, 3.941771506000066 ], [ 41.329750061000027, 3.939213037000059 ], [ 41.328063995000036, 3.938991998000063 ], [ 41.32630920500003, 3.938761950000071 ], [ 41.322647095000036, 3.940610886000059 ], [ 41.320133209000062, 3.943837881000036 ], [ 41.314933777000078, 3.944274903000064 ], [ 41.309829712000067, 3.947866916000066 ], [ 41.286552429000039, 3.948429108000028 ], [ 41.281738281000059, 3.948544979000076 ], [ 41.278068543000074, 3.949794054000051 ], [ 41.277275085000042, 3.95173692700007 ], [ 41.27577590900006, 3.955415011000071 ], [ 41.252189636000026, 3.954701901000021 ], [ 41.235301971000069, 3.958884954000041 ], [ 41.232704162000061, 3.957459927000059 ], [ 41.230110169000056, 3.956034899000031 ], [ 41.227077484000063, 3.94989109100004 ], [ 41.214550019000058, 3.953505993000022 ] ] ] } },
{ "type": "Feature", "properties": { "DISTRICTS": "Godgod", "Zone_Name": "Afder", "Wor_PCode": "ET0501004" }, "geometry": { "type": "Polygon", "coordinates": [ [ [ 43.539719044000037, 4.78974217800004 ], [ 43.330851090000067, 4.600897774000032 ], [ 43.181063710000046, 4.635254836000058 ], [ 43.123543382000037, 4.612405831000046 ], [ 43.082447622000075, 4.588142097000059 ], [ 43.064414726000052, 4.620336426000051 ], [ 43.037764763000041, 4.661263155000029 ], [ 43.025391565000064, 4.696479178000061 ], [ 43.019680859000061, 4.763104086000055 ], [ 43.025391565000064, 4.806886169000052 ], [ 43.03966833100003, 4.833536132000063 ], [ 43.083450414000026, 4.876366430000076 ], [ 43.10629324000007, 4.928714572000047 ], [ 43.120570006000037, 4.96964130200007 ], [ 43.139605694000068, 5.01627873700005 ], [ 43.193857405000074, 5.050542976000031 ], [ 43.262385882000046, 5.056253682000033 ], [ 43.344239340000058, 5.056253682000033 ], [ 43.381738329000029, 5.074533749000068 ], [ 43.512731942000073, 4.821180155000036 ], [ 43.539719044000037, 4.78974217800004 ] ] ] } },
{ "type": "Feature", "properties": { "DISTRICTS": "Qohle", "Zone_Name": "Afder", "Wor_PCode": "ET0501007" }, "geometry": { "type": "Polygon", "coordinates": [ [ [ 43.083450414000026, 4.876366430000076 ], [ 43.03966833100003, 4.833536132000063 ], [ 43.024439781000069, 4.85637895800005 ], [ 42.998741602000052, 4.901112825000041 ], [ 42.990175543000078, 4.935377063000033 ], [ 42.98541662100007, 4.972496655000043 ], [ 42.979705914000078, 5.006760893000035 ], [ 42.978754130000027, 5.024844797000071 ], [ 42.978754130000027, 5.061964389000025 ], [ 42.978754130000027, 5.08956613600003 ], [ 42.98541662100007, 5.117167884000025 ], [ 42.997789818000058, 5.15809461300006 ], [ 42.960670226000047, 5.203780264000045 ], [ 42.906513694000068, 5.235498480000047 ], [ 42.934115441000074, 5.273569856000051 ], [ 42.944585070000073, 5.303075172000035 ], [ 42.956006483000067, 5.336387626000032 ], [ 42.963620758000047, 5.365892943000063 ], [ 42.960765405000075, 5.395398259000046 ], [ 42.956006483000067, 5.428710713000044 ], [ 42.957910051000056, 5.445842833000029 ], [ 42.956006483000067, 5.473444580000034 ], [ 42.956006483000067, 5.501046328000029 ], [ 42.952199345000054, 5.547683764000055 ], [ 43.071282773000064, 5.643471900000065 ], [ 43.094847357000049, 5.68895436400004 ], [ 43.143655553000031, 5.715105034000032 ], [ 43.23380607100006, 5.72375611700005 ], [ 43.278551441000047, 5.684038729000065 ], [ 43.310313824000048, 5.629381755000054 ], [ 43.253770226000029, 5.548213493000048 ], [ 43.235847020000051, 5.502283221000027 ], [ 43.243487834000064, 5.471173919000023 ], [ 43.303958, 5.224968 ], [ 43.325974046000056, 5.182386960000031 ], [ 43.381738329000029, 5.074533749000068 ], [ 43.344239340000058, 5.056253682000033 ], [ 43.262385882000046, 5.056253682000033 ], [ 43.193857405000074, 5.050542976000031 ], [ 43.139605694000068, 5.01627873700005 ], [ 43.120570006000037, 4.96964130200007 ], [ 43.10629324000007, 4.928714572000047 ], [ 43.083450414000026, 4.876366430000076 ] ] ] } },
{ "type": "Feature", "properties": { "DISTRICTS": "Abakarow", "Zone_Name": "Shabelle", "Wor_PCode": "ET0510001" }, "geometry": { "type": "Polygon", "coordinates": [ [ [ 42.844203926000034, 6.761854102000029 ], [ 42.841870048000033, 6.672579164000069 ], [ 42.809747325000046, 6.47984282300007 ], [ 42.92891703600003, 6.401564549000057 ], [ 42.945061, 6.309813 ], [ 42.883268551000072, 6.261398162000035 ], [ 42.836239607000039, 6.231305820000046 ], [ 42.810769357000027, 6.213850684000022 ], [ 42.797545, 6.200591 ], [ 42.798260028000072, 6.196050021000076 ], [ 42.796411892000037, 6.195709449000049 ], [ 42.795617335000031, 6.195618272000047 ], [ 42.787963843000057, 6.194353981000063 ], [ 42.78639608900005, 6.191115844000024 ], [ 42.783382483000025, 6.193147594000038 ], [ 42.781269085000076, 6.196797941000057 ], [ 42.783290819000058, 6.20027308300007 ], [ 42.782566003000056, 6.203022467000039 ], [ 42.780475663000061, 6.204835355000057 ], [ 42.776126773000044, 6.203631425000026 ], [ 42.771976522000045, 6.204728570000043 ], [ 42.768735212000081, 6.208697757000039 ], [ 42.764576304000059, 6.213689228000021 ], [ 42.762870880000037, 6.215879003000055 ], [ 42.754337339000074, 6.218530107000049 ], [ 42.754054974000042, 6.222435413000028 ], [ 42.751232070000071, 6.227687345000049 ], [ 42.753032673000064, 6.230699061000053 ], [ 42.752758056000062, 6.234145098000056 ], [ 42.751144374000035, 6.234583389000022 ], [ 42.747268739000049, 6.232235820000028 ], [ 42.745632189000048, 6.234284013000035 ], [ 42.746261559000061, 6.239119956000025 ], [ 42.742092218000039, 6.241596234000042 ], [ 42.740909646000034, 6.244110123000041 ], [ 42.745422399000063, 6.250604542000076 ], [ 42.744918902000052, 6.254276812000057 ], [ 42.740329793000058, 6.253758385000026 ], [ 42.73745718300006, 6.262688635000075 ], [ 42.734703074000038, 6.262424413000076 ], [ 42.731979395000053, 6.259630237000067 ], [ 42.728984879000052, 6.260282098000062 ], [ 42.72478870100008, 6.264827737000076 ], [ 42.714653009000074, 6.266768012000057 ], [ 42.711681361000046, 6.265581091000058 ], [ 42.708759232000034, 6.260485651000067 ], [ 42.706226443000048, 6.260913358000039 ], [ 42.701091691000045, 6.26728587100007 ], [ 42.697895133000031, 6.265635901000053 ], [ 42.688274466000053, 6.263214622000021 ], [ 42.686180157000081, 6.26525695600003 ], [ 42.687274845000047, 6.269409664000023 ], [ 42.678527925000026, 6.270448219000059 ], [ 42.676952420000077, 6.268128811000054 ], [ 42.678142553000043, 6.264925450000021 ], [ 42.675869073000058, 6.262827361000063 ], [ 42.669403005000049, 6.265273966000052 ], [ 42.666515274000062, 6.257650462000072 ], [ 42.663742076000062, 6.258994063000046 ], [ 42.657989483000051, 6.259611526000072 ], [ 42.656997611000065, 6.265115206000075 ], [ 42.651046756000028, 6.263200825000069 ], [ 42.645019546000071, 6.267261490000067 ], [ 42.640430437000077, 6.266744198000026 ], [ 42.63846351400008, 6.261354937000021 ], [ 42.636215169000025, 6.255194596000024 ], [ 42.630733414000076, 6.252595846000077 ], [ 42.624698644000034, 6.257116726000049 ], [ 42.617549907000068, 6.259325002000026 ], [ 42.616569564000031, 6.263909386000023 ], [ 42.619937922000076, 6.269930359000057 ], [ 42.616211031000034, 6.273790873000053 ], [ 42.614299863000042, 6.279514361000054 ], [ 42.612022413000034, 6.27787535300007 ], [ 42.610740614000065, 6.270272638000051 ], [ 42.608219165000037, 6.269780671000035 ], [ 42.606094428000063, 6.274351070000023 ], [ 42.606964206000043, 6.278040916000066 ], [ 42.602172867000036, 6.275450672000034 ], [ 42.594562592000045, 6.277652333000049 ], [ 42.591548987000067, 6.279452369000069 ], [ 42.587196316000075, 6.278476184000056 ], [ 42.583724954000047, 6.280501886000025 ], [ 42.581230154000025, 6.277941314000032 ], [ 42.578243198000052, 6.277902191000067 ], [ 42.578891845000044, 6.280898975000071 ], [ 42.57725907400004, 6.282717155000057 ], [ 42.564117526000075, 6.285996872000055 ], [ 42.554748606000032, 6.281968526000071 ], [ 42.551281024000048, 6.283762892000027 ], [ 42.548656380000068, 6.291086264000057 ], [ 42.540614997000034, 6.290982692000057 ], [ 42.535808538000026, 6.289310987000022 ], [ 42.53163900800007, 6.29201652200004 ], [ 42.523803635000036, 6.293524175000073 ], [ 42.519149699000025, 6.298062254000058 ], [ 42.514816307000046, 6.295707315000072 ], [ 42.510108883000044, 6.304152024000075 ], [ 42.506904577000057, 6.303191715000025 ], [ 42.502170505000038, 6.296003855000038 ], [ 42.496391263000078, 6.298687467000036 ], [ 42.489296013000057, 6.296527386000037 ], [ 42.484710684000049, 6.295778189000032 ], [ 42.478695003000041, 6.298688412000047 ], [ 42.476409993000061, 6.29773906500003 ], [ 42.47858425000004, 6.289720550000027 ], [ 42.472770609000065, 6.294932793000044 ], [ 42.466598436000027, 6.292553471000076 ], [ 42.464275437000026, 6.294362579000051 ], [ 42.467674224000064, 6.298085124000067 ], [ 42.466926539000042, 6.30244403100005 ], [ 42.46368783500003, 6.304241232000038 ], [ 42.455739913000059, 6.303903702000071 ], [ 42.457231405000073, 6.312327559000039 ], [ 42.457231405000073, 6.339411618000042 ], [ 42.457706564000034, 6.359843452000064 ], [ 42.46055751800003, 6.385502035000059 ], [ 42.471011014000055, 6.414486730000021 ], [ 42.485265782000056, 6.451549126000032 ], [ 42.499520550000057, 6.522157743000037 ], [ 42.510295174000078, 6.600246303000063 ], [ 42.526951401000076, 6.638317679000068 ], [ 42.543607628000075, 6.668060942000068 ], [ 42.590007118000074, 6.712080970000045 ], [ 42.604863454000053, 6.761770715000068 ], [ 42.681957991000047, 6.730361830000049 ], [ 42.730962181000052, 6.738157951000062 ], [ 42.744775761000028, 6.740355566000062 ], [ 42.762916704000077, 6.745087986000044 ], [ 42.777612323000028, 6.748921626000026 ], [ 42.844203926000034, 6.761854102000029 ] ] ] } },
{ "type": "Feature", "properties": { "DISTRICTS": "Elale", "Zone_Name": "Shabelle", "Wor_PCode": "ET0510006" }, "geometry": { "type": "Polygon", "coordinates": [ [ [ 43.838256867000041, 6.471923594000032 ], [ 43.956107577000068, 6.331518282000047 ], [ 43.968903022000063, 6.347224898000036 ], [ 43.998448604000032, 6.357873 ], [ 44.022719106000068, 6.358824785000024 ], [ 44.053176207000035, 6.355017647000068 ], [ 44.09124758300004, 6.35025872500006 ], [ 44.130127209000079, 6.349096499000041 ], [ 44.12953234400004, 6.305195443000059 ], [ 44.121265502000028, 6.27229542200007 ], [ 44.117040174000067, 6.245827891000033 ], [ 44.153326954000079, 6.235715182000035 ], [ 44.20567509600005, 6.221438416000069 ], [ 44.226495380000074, 6.210135976000061 ], [ 44.226495380000074, 6.196454075000077 ], [ 44.207459692000043, 6.183367040000064 ], [ 44.197941848000028, 6.164926217000072 ], [ 44.202700770000035, 6.134588089000033 ], [ 44.219951862000073, 6.11674213200007 ], [ 44.258023238000078, 6.107819153000037 ], [ 44.262782160000029, 6.08699886900007 ], [ 44.232444032000046, 6.043573706000075 ], [ 44.213408344000072, 6.012640713000053 ], [ 44.200916174000042, 5.983492315000035 ], [ 44.152856271000076, 5.925247797000054 ], [ 44.015337970000076, 5.948543659000052 ], [ 43.927873024000064, 5.96326689700004 ], [ 43.849945676000061, 5.981707719000042 ], [ 43.782131037000056, 6.006692060000034 ], [ 43.752387774000056, 6.017994500000043 ], [ 43.736326413000029, 6.038814784000067 ], [ 43.725618838000059, 6.06201452800002 ], [ 43.713126668000029, 6.112578075000044 ], [ 43.70241909300006, 6.156598103000022 ], [ 43.692306384000062, 6.184556770000029 ], [ 43.680186931000037, 6.217612492000058 ], [ 43.635240795000072, 6.267155693000063 ], [ 43.634009589000073, 6.289253055000074 ], [ 43.634624209000037, 6.309269948000065 ], [ 43.617517, 6.370002 ], [ 43.682498964000047, 6.43709459300004 ], [ 43.725083487000063, 6.475825606000058 ], [ 43.756551831000081, 6.491507240000033 ], [ 43.792243746000054, 6.492696970000054 ], [ 43.838244668000073, 6.471929101000057 ], [ 43.838256867000041, 6.471923594000032 ] ] ] } },
{ "type": "Feature", "properties": { "DISTRICTS": "Galhamur", "Zone_Name": "Doollo", "Wor_PCode": "ET0503005" }, "geometry": { "type": "Polygon", "coordinates": [ [ [ 46.919351154000026, 7.600127544000031 ], [ 46.953377447000037, 7.84705611000004 ], [ 47.045224641000061, 8.0 ], [ 47.099998474000074, 8.0 ], [ 47.200000763000048, 8.0 ], [ 47.299999237000065, 8.0 ], [ 47.332399776000045, 8.0 ], [ 47.40000152600004, 8.0 ], [ 47.5, 8.0 ], [ 47.599998474000074, 8.0 ], [ 47.600362246000032, 7.999994775000062 ], [ 47.600362127000039, 8.0 ], [ 47.601088021000066, 8.0 ], [ 47.601097778000053, 8.0 ], [ 47.606809598000041, 8.0 ], [ 47.606825955000033, 8.0 ], [ 47.647655096000051, 8.0 ], [ 47.666919342000028, 8.0 ], [ 47.698827818000041, 8.0 ], [ 47.729875693000054, 8.0 ], [ 47.76429977500004, 8.0 ], [ 47.790184036000028, 8.0 ], [ 47.825402520000068, 8.0 ], [ 47.844068573000072, 8.0 ], [ 47.853777110000067, 8.0 ], [ 47.863473866000049, 8.0 ], [ 47.872180916000048, 8.0 ], [ 47.87903816000005, 8.0 ], [ 47.888911648000033, 8.0 ], [ 47.898985434000053, 8.0 ], [ 47.908882487000028, 8.0 ], [ 47.917188943000042, 8.0 ], [ 47.924232483000026, 7.999999523000042 ], [ 47.928499862000081, 7.99999929300003 ], [ 47.935192155000038, 7.999998933000029 ], [ 47.938738597000054, 7.99999874100007 ], [ 47.943427916000076, 7.999998489000063 ], [ 47.948812385000053, 7.999998199000061 ], [ 47.957436956000038, 7.999997734000033 ], [ 47.962161622000053, 7.999997480000047 ], [ 47.967711039000051, 7.999997180000037 ], [ 47.971716990000061, 7.999996964000047 ], [ 47.979563940000048, 7.999996542000076 ], [ 47.983781969000063, 7.999996315000033 ], [ 47.986179351000033, 7.999996185000043 ], [ 47.986089967000055, 7.999904473000072 ], [ 47.98607826600005, 7.999892467000052 ], [ 47.913066098000058, 7.924979062000034 ], [ 47.912204139000039, 7.924116943000058 ], [ 47.912214813000048, 7.924105610000026 ], [ 47.90800407200004, 7.91978522200003 ], [ 47.904879488000063, 7.916579274000071 ], [ 47.902816907000044, 7.914462982000032 ], [ 47.899560230000077, 7.911121503000061 ], [ 47.89518778200005, 7.906635195000035 ], [ 47.891659865000065, 7.903015412000059 ], [ 47.88469606600006, 7.89587027500005 ], [ 47.878663970000048, 7.889681104000033 ], [ 47.874127423000061, 7.885026424000046 ], [ 47.872181428000033, 7.883029757000031 ], [ 47.867855495000072, 7.878591176000043 ], [ 47.865505770000027, 7.876180264000027 ], [ 47.862683237000056, 7.873284233000049 ], [ 47.85969859800008, 7.870221873000048 ], [ 47.855797761000076, 7.866219458000046 ], [ 47.852308707000077, 7.86263954900005 ], [ 47.848199646000069, 7.858423489000074 ], [ 47.845818512000051, 7.855980349000049 ], [ 47.84321404700006, 7.853308065000022 ], [ 47.843194193000045, 7.853310923000038 ], [ 47.842956843000081, 7.85304416300005 ], [ 47.842702638000048, 7.852797025000029 ], [ 47.842706047000036, 7.852794924000023 ], [ 47.841811334000056, 7.851860448000025 ], [ 47.84121654900008, 7.851259196000058 ], [ 47.841201606000027, 7.851244091000069 ], [ 47.841200869000033, 7.851244085000076 ], [ 47.840293639000038, 7.850313297000071 ], [ 47.838809082000068, 7.84878161000006 ], [ 47.837583732000041, 7.84753269600003 ], [ 47.836487987000055, 7.84640160400005 ], [ 47.835309767000069, 7.845211602000063 ], [ 47.834626399000058, 7.844481105000057 ], [ 47.83462946800006, 7.844474965000074 ], [ 47.834491960000037, 7.844336134000059 ], [ 47.834485012000073, 7.844339718000072 ], [ 47.834166893000031, 7.844009817000028 ], [ 47.834167745000059, 7.844008803000065 ], [ 47.832103988000028, 7.841925201000038 ], [ 47.814715413000044, 7.824095292000038 ], [ 47.794943633000059, 7.803705644000047 ], [ 47.785146009000073, 7.793643219000046 ], [ 47.77252384600007, 7.780844522000052 ], [ 47.765815564000036, 7.773783172000037 ], [ 47.765618929000027, 7.773859964000053 ], [ 47.761188083000036, 7.769146145000036 ], [ 47.659004816000049, 7.66430202600003 ], [ 47.659004792000076, 7.664302002000056 ], [ 47.558032990000072, 7.560700893000046 ], [ 47.557662963000041, 7.560320854000054 ], [ 47.413865645000044, 7.412778055000047 ], [ 47.36411208700008, 7.361728569000036 ], [ 47.339317322000056, 7.336287975000062 ], [ 47.339009059000034, 7.335971312000027 ], [ 47.265772761000051, 7.26082634900007 ], [ 47.248902573000066, 7.243516631000034 ], [ 47.207741828000053, 7.284611014000063 ], [ 47.177760619000026, 7.314592223000034 ], [ 47.123508908000076, 7.350284138000063 ], [ 47.023571546000028, 7.451649177000036 ], [ 46.919351154000026, 7.600127544000031 ] ] ] } },
{ "type": "Feature", "properties": { "DISTRICTS": "Dig", "Zone_Name": "Jarar", "Wor_PCode": "ET0506008" }, "geometry": { "type": "Polygon", "coordinates": [ [ [ 44.547302198000068, 7.866447452000045 ], [ 44.610519787000044, 7.854406007000023 ], [ 44.616468533000045, 7.85627624600005 ], [ 44.649393862000068, 7.83110027400005 ], [ 44.67246297500003, 7.813457308000068 ], [ 44.717668367000044, 7.750501383000028 ], [ 44.674488326000073, 7.685431221000044 ], [ 44.662033296000061, 7.65115412800003 ], [ 44.659174348000079, 7.641858145000072 ], [ 44.652023733000078, 7.62326497600003 ], [ 44.650603985000032, 7.606821062000051 ], [ 44.649897324000051, 7.594667134000076 ], [ 44.654209369000057, 7.578227790000028 ], [ 44.662102107000067, 7.563220976000025 ], [ 44.670000243000061, 7.540350014000069 ], [ 44.658559143000048, 7.513174789000061 ], [ 44.651401322000027, 7.506020099000068 ], [ 44.636359983000034, 7.503863194000076 ], [ 44.621316962000037, 7.503850493000073 ], [ 44.614878130000079, 7.494551148000028 ], [ 44.597689141000046, 7.491676160000054 ], [ 44.589809715000058, 7.491668890000028 ], [ 44.561877204000041, 7.488067484000055 ], [ 44.551850435000063, 7.486627600000077 ], [ 44.498732011000072, 7.487419872000032 ], [ 44.424644920000048, 7.499833262000038 ], [ 44.330656211000075, 7.515299759000072 ], [ 44.277118338000037, 7.568837631000065 ], [ 44.30210267800004, 7.641411192000021 ], [ 44.366042640000046, 7.764571432000025 ], [ 44.33255924000008, 7.791862459000072 ], [ 44.347788330000071, 7.80928216600006 ], [ 44.361470231000055, 7.82653325800004 ], [ 44.375746997000078, 7.850327868000022 ], [ 44.384669975000065, 7.878881400000068 ], [ 44.405490259000032, 7.899106819000053 ], [ 44.412628642000072, 7.922306564000053 ], [ 44.471545573000071, 7.925735246000045 ], [ 44.520952067000053, 7.905972648000045 ], [ 44.547302198000068, 7.866447452000045 ] ] ] } },
{ "type": "Feature", "properties": { "DISTRICTS": "Bilcilbur", "Zone_Name": "Jarar", "Wor_PCode": "ET0506003" }, "geometry": { "type": "Polygon", "coordinates": [ [ [ 43.490986443000054, 8.484316146000026 ], [ 43.486227521000046, 8.45195547700007 ], [ 43.449107929000036, 8.373909156000025 ], [ 43.428168672000027, 8.331078858000069 ], [ 43.396759787000065, 8.273971793000044 ], [ 43.339652723000029, 8.157854096000051 ], [ 43.275009115000046, 8.114806121000072 ], [ 43.271379780000075, 8.119632745000047 ], [ 43.268934472000069, 8.122884743000043 ], [ 43.267108650000068, 8.125312889000043 ], [ 43.26550676200003, 8.127443228000061 ], [ 43.264114557000028, 8.135376231000066 ], [ 43.262647542000025, 8.143735512000035 ], [ 43.261535682000044, 8.150071065000077 ], [ 43.258697469000026, 8.15322018300003 ], [ 43.254539469000065, 8.153815344000066 ], [ 43.24771505700005, 8.160086554000031 ], [ 43.238189645000034, 8.173641256000053 ], [ 43.22540285000008, 8.188727426000071 ], [ 43.210170772000026, 8.199857636000047 ], [ 43.19789125300008, 8.21289069900007 ], [ 43.183712094000043, 8.238270754000041 ], [ 43.174774095000032, 8.246100457000068 ], [ 43.166831936000051, 8.260607720000053 ], [ 43.157332644000064, 8.284793989000036 ], [ 43.152626129000055, 8.29677381700003 ], [ 43.138141546000043, 8.324902499000075 ], [ 43.132637110000076, 8.333726909000063 ], [ 43.124641465000025, 8.340429227000072 ], [ 43.119937821000065, 8.354322429000035 ], [ 43.115890575000037, 8.359738413000059 ], [ 43.11302571300007, 8.364032682000072 ], [ 43.10484692700004, 8.368665640000074 ], [ 43.102661142000045, 8.373435055000073 ], [ 43.103694972000028, 8.38837815100004 ], [ 43.102039332000061, 8.400045311000042 ], [ 43.097545667000077, 8.416416114000072 ], [ 43.093337960000042, 8.426930373000062 ], [ 43.085521676000042, 8.435702241000058 ], [ 43.074615431000041, 8.458175665000056 ], [ 43.073696442000028, 8.463246253000023 ], [ 43.073543206000068, 8.464091741000061 ], [ 43.073534715000051, 8.464138590000061 ], [ 43.10067699800004, 8.462797203000036 ], [ 43.232181, 8.539078 ], [ 43.272589007000079, 8.539875947000041 ], [ 43.324238808000075, 8.541310663000047 ], [ 43.337868617000026, 8.541310663000047 ], [ 43.36728030900008, 8.554223114000024 ], [ 43.39238785200007, 8.562831414000073 ], [ 43.408169736000048, 8.570722356000033 ], [ 43.430407845000047, 8.57861329800005 ], [ 43.441168221000055, 8.583634807000067 ], [ 43.46589655300005, 8.609174991000032 ], [ 43.494793580000078, 8.524291091000066 ], [ 43.490986443000054, 8.484316146000026 ] ] ] } },
{ "type": "Feature", "properties": { "DISTRICTS": "Lehel-yuub", "Zone_Name": "Doollo", "Wor_PCode": "ET0503006" }, "geometry": { "type": "Polygon", "coordinates": [ [ [ 44.829206361000047, 6.541897770000048 ], [ 44.81647511500006, 6.789758912000025 ], [ 45.014156863000039, 6.813801433000037 ], [ 45.055083593000063, 6.804283589000022 ], [ 45.112190657000042, 6.78048897900004 ], [ 45.205465528000047, 6.756694369000058 ], [ 45.264476161000061, 6.746224740000059 ], [ 45.344426051000028, 6.74336938700003 ], [ 45.424375941000051, 6.730996190000042 ], [ 45.506229399000063, 6.667226635000077 ], [ 45.491952633000039, 6.589180314000032 ], [ 45.489097280000067, 6.533025034000048 ], [ 45.437700922000033, 6.506375071000036 ], [ 45.403025317000072, 6.483258001000024 ], [ 45.408316514000035, 6.302353830000072 ], [ 45.318764983000051, 6.305394790000037 ], [ 45.113287859000081, 6.370872329000065 ], [ 45.027914636000048, 6.473836755000036 ], [ 44.829206361000047, 6.541897770000048 ] ] ] } },
{ "type": "Feature", "properties": { "DISTRICTS": "Higloley", "Zone_Name": "Korahea", "Wor_PCode": "ET0507006" }, "geometry": { "type": "Polygon", "coordinates": [ [ [ 44.639009451000049, 5.482924957000023 ], [ 44.574117093000041, 5.464927105000072 ], [ 44.566585689000078, 5.477280886000074 ], [ 44.440866068000048, 5.612883927000041 ], [ 44.357425626000065, 5.628116014000057 ], [ 44.195622277000041, 5.687602539000068 ], [ 44.274977302000025, 5.78002080400006 ], [ 44.379673586000081, 5.871392107000077 ], [ 44.468189535000079, 5.951341997000043 ], [ 44.461171449000062, 5.971342449000076 ], [ 44.467595994000078, 5.987046892000023 ], [ 44.488159867000036, 6.012628953000046 ], [ 44.491747911000061, 6.011706324000045 ], [ 44.678761306000069, 6.002595190000022 ], [ 44.69661779200004, 5.998931217000063 ], [ 44.716605264000066, 5.993220510000071 ], [ 44.73230970700007, 5.973233038000046 ], [ 44.744682904000058, 5.94848664400007 ], [ 44.744682904000058, 5.933258093000063 ], [ 44.740875767000034, 5.916125974000067 ], [ 44.72517132400003, 5.862350155000058 ], [ 44.718249611000033, 5.836927064000065 ], [ 44.821874360000038, 5.729585068000063 ], [ 44.86300165800003, 5.618536517000052 ], [ 44.813376, 5.523101 ], [ 44.769396254000071, 5.49308615800004 ], [ 44.64599318900008, 5.483469208000031 ], [ 44.639009451000049, 5.482924957000023 ] ] ] } },
{ "type": "Feature", "properties": { "DISTRICTS": "El-Ogaden", "Zone_Name": "Korahea", "Wor_PCode": "ET0507003" }, "geometry": { "type": "Polygon", "coordinates": [ [ [ 44.829206361000047, 6.541897770000048 ], [ 44.781292436000058, 6.502557739000054 ], [ 44.616182945000048, 6.348222726000074 ], [ 44.579395608000027, 6.283781156000032 ], [ 44.163459896000063, 6.286370106000049 ], [ 44.121265502000028, 6.27229542200007 ], [ 44.12953234400004, 6.305195443000059 ], [ 44.130127209000079, 6.349096499000041 ], [ 44.15263767700003, 6.360728354000059 ], [ 44.166438551000056, 6.384998856000038 ], [ 44.171673365000061, 6.416883633000054 ], [ 44.171197473000063, 6.435919321000029 ], [ 44.166438551000056, 6.45638268600004 ], [ 44.160727845000054, 6.472087129000045 ], [ 44.160727845000054, 6.486839787000065 ], [ 44.15263767700003, 6.497309415000075 ], [ 44.150734109000041, 6.505875475000039 ], [ 44.152161785000033, 6.517296888000033 ], [ 44.153585133000036, 6.531930482000064 ], [ 44.298256362000075, 6.525267991000021 ], [ 44.455300788000045, 6.506232303000047 ], [ 44.512407852000081, 6.509087657000066 ], [ 44.585695251000061, 6.553821523000067 ], [ 44.655175513000074, 6.57571256500006 ], [ 44.829206361000047, 6.541897770000048 ] ] ] } },
{ "type": "Feature", "properties": { "DISTRICTS": "Lasdankayr", "Zone_Name": "Korahea", "Wor_PCode": "ET0507007" }, "geometry": { "type": "Polygon", "coordinates": [ [ [ 43.963228252000079, 6.615687510000043 ], [ 44.010976296000081, 6.556444567000028 ], [ 44.024146783000049, 6.552037019000068 ], [ 44.052700315000038, 6.542995067000049 ], [ 44.07316368000005, 6.541091498000071 ], [ 44.103620781000075, 6.539187929000036 ], [ 44.130746636000026, 6.537284360000058 ], [ 44.153585133000036, 6.531930482000064 ], [ 44.152161785000033, 6.517296888000033 ], [ 44.150734109000041, 6.505875475000039 ], [ 44.15263767700003, 6.497309415000075 ], [ 44.160727845000054, 6.486839787000065 ], [ 44.160727845000054, 6.472087129000045 ], [ 44.166438551000056, 6.45638268600004 ], [ 44.171197473000063, 6.435919321000029 ], [ 44.171673365000061, 6.416883633000054 ], [ 44.166438551000056, 6.384998856000038 ], [ 44.15263767700003, 6.360728354000059 ], [ 44.130127209000079, 6.349096499000041 ], [ 44.09124758300004, 6.35025872500006 ], [ 44.053176207000035, 6.355017647000068 ], [ 44.022719106000068, 6.358824785000024 ], [ 43.998448604000032, 6.357873 ], [ 43.968903022000063, 6.347224898000036 ], [ 43.956107577000068, 6.331518282000047 ], [ 43.838256867000041, 6.471923594000032 ], [ 43.838253333000068, 6.471928803000026 ], [ 43.838244668000073, 6.471929101000057 ], [ 43.792243746000054, 6.492696970000054 ], [ 43.756551831000081, 6.491507240000033 ], [ 43.725083487000063, 6.475825606000058 ], [ 43.71477662500007, 6.515428225000051 ], [ 43.714709443000061, 6.541767965000076 ], [ 43.742880219000028, 6.582539362000034 ], [ 43.745056921000071, 6.586137650000069 ], [ 43.75300775200003, 6.600049813000055 ], [ 43.761017535000065, 6.614007445000027 ], [ 43.591777, 6.81952 ], [ 43.82712308300006, 6.816514018000021 ], [ 43.852821262000077, 6.778442642000073 ], [ 43.899458697000057, 6.731805207000036 ], [ 43.950855055000034, 6.658517808000056 ], [ 43.963228252000079, 6.615687510000043 ] ] ] } },
{ "type": "Feature", "properties": { "DISTRICTS": "Goglo", "Zone_Name": "Korahea", "Wor_PCode": "ET0507004" }, "geometry": { "type": "Polygon", "coordinates": [ [ [ 44.81647511500006, 6.789758912000025 ], [ 44.829206361000047, 6.541897770000048 ], [ 44.655175513000074, 6.57571256500006 ], [ 44.608657050000033, 6.610095776000037 ], [ 44.50300898100005, 6.64245644600004 ], [ 44.424962660000062, 6.69004566600006 ], [ 44.385939500000063, 6.77380269300005 ], [ 44.40878232600005, 6.836620464000021 ], [ 44.428769798000076, 6.89753466600007 ], [ 44.41925195400006, 6.977484556000036 ], [ 44.416657376000046, 7.068063575000053 ], [ 44.552501770000049, 7.085036193000064 ], [ 44.664812330000075, 7.086939762000043 ], [ 44.839791683000044, 7.068374268000071 ], [ 44.807498833000068, 6.964515686000027 ], [ 44.815422683000065, 6.810248430000058 ], [ 44.81647511500006, 6.789758912000025 ] ] ] } },
{ "type": "Feature", "properties": { "DISTRICTS": "Kabridahar", "Zone_Name": "Korahea", "Wor_PCode": "ET0507007" }, "geometry": { "type": "Polygon", "coordinates": [ [ [ 44.512407852000081, 6.509087657000066 ], [ 44.455300788000045, 6.506232303000047 ], [ 44.298256362000075, 6.525267991000021 ], [ 44.153585133000036, 6.531930482000064 ], [ 44.130746636000026, 6.537284360000058 ], [ 44.103620781000075, 6.539187929000036 ], [ 44.07316368000005, 6.541091498000071 ], [ 44.052700315000038, 6.542995067000049 ], [ 44.024146783000049, 6.552037019000068 ], [ 44.010976296000081, 6.556444567000028 ], [ 43.963228252000079, 6.615687510000043 ], [ 43.950855055000034, 6.658517808000056 ], [ 43.899458697000057, 6.731805207000036 ], [ 43.991900757000053, 6.75036500300007 ], [ 44.109089212000072, 6.778323669000031 ], [ 44.211406035000039, 6.812230989000057 ], [ 44.13645301400004, 6.924065656000039 ], [ 44.111468673000047, 6.971654876000059 ], [ 44.130504361000078, 7.010321117000046 ], [ 44.26553877300006, 7.019838961000062 ], [ 44.416657376000046, 7.068063575000053 ], [ 44.41925195400006, 6.977484556000036 ], [ 44.428769798000076, 6.89753466600007 ], [ 44.40878232600005, 6.836620464000021 ], [ 44.385939500000063, 6.77380269300005 ], [ 44.424962660000062, 6.69004566600006 ], [ 44.50300898100005, 6.64245644600004 ], [ 44.608657050000033, 6.610095776000037 ], [ 44.655175513000074, 6.57571256500006 ], [ 44.585695251000061, 6.553821523000067 ], [ 44.512407852000081, 6.509087657000066 ] ] ] } },
{ "type": "Feature", "properties": { "DISTRICTS": "N/Jijiga", "Zone_Name": "Fafan", "Wor_PCode": "ET0505009" }, "geometry": { "type": "MultiPolygon", "coordinates": [ [ [ [ 43.106745204000049, 9.471043028000054 ], [ 43.115311263000081, 9.469329816000027 ], [ 43.125162232000037, 9.469615352000062 ], [ 43.133585524000068, 9.468187675000024 ], [ 43.14115221000003, 9.467188301000022 ], [ 43.146862916000032, 9.463904645000071 ], [ 43.151431481000031, 9.457908404000023 ], [ 43.149861037000051, 9.451769394000053 ], [ 43.149147199000026, 9.449342344000058 ], [ 43.148005057000034, 9.44620145500005 ], [ 43.145463567000036, 9.443177898000044 ], [ 43.145556323000051, 9.442982501000074 ], [ 43.153890147000027, 9.425426753000067 ], [ 43.158686881000051, 9.402104700000052 ], [ 43.161167950000049, 9.387052878000077 ], [ 43.17009980000006, 9.359099496000056 ], [ 43.176452372000028, 9.339116550000028 ], [ 43.179336616000057, 9.329533419000029 ], [ 43.19031534800007, 9.31408876200004 ], [ 43.196794126000043, 9.308114241000055 ], [ 43.188732597000069, 9.301857894000022 ], [ 43.182605895000052, 9.297121343000072 ], [ 43.17550310300004, 9.291670363000037 ], [ 43.171303158000057, 9.287898984000037 ], [ 43.173317417000078, 9.276113423000027 ], [ 43.181803021000064, 9.267842103000021 ], [ 43.190737025000033, 9.256928487000039 ], [ 43.184208655000077, 9.246782583000027 ], [ 43.178814548000048, 9.241965554000046 ], [ 43.142884095000056, 9.215730621000034 ], [ 43.133947980000073, 9.209538050000049 ], [ 43.118189284000039, 9.205722244000071 ], [ 43.096792557000072, 9.198986237000042 ], [ 43.070488557000033, 9.22162313900003 ], [ 43.022407835000081, 9.257184850000044 ], [ 42.946483613000055, 9.287082302000044 ], [ 42.923882681000066, 9.303333378000048 ], [ 42.925997951000056, 9.305660114000034 ], [ 42.927505577000034, 9.309881468000071 ], [ 42.92871167900006, 9.314253585000074 ], [ 42.934139134000077, 9.318927227000074 ], [ 42.938812776000077, 9.329028325000024 ], [ 42.942129554000076, 9.338827897000044 ], [ 42.938360488000058, 9.349079757000027 ], [ 42.93217922000008, 9.354657975000066 ], [ 42.925244138000039, 9.355411788000026 ], [ 42.91936439400007, 9.358728566000025 ], [ 42.910173591000046, 9.364409027000022 ], [ 42.907562658000074, 9.372245157000066 ], [ 42.905825352000079, 9.380844689000071 ], [ 42.902178623000054, 9.386562937000065 ], [ 42.898750949000032, 9.395869823000055 ], [ 42.88522131600007, 9.402963821000071 ], [ 42.864246080000044, 9.406664011000032 ], [ 42.848326524000072, 9.410632884000051 ], [ 42.839881300000059, 9.413211925000041 ], [ 42.814054442000042, 9.422379499000044 ], [ 42.785027306000075, 9.43310137900005 ], [ 42.799227219000045, 9.442849903000024 ], [ 42.81291668700004, 9.441307359000064 ], [ 42.853254134000053, 9.457624729000031 ], [ 42.896359613000072, 9.491516260000026 ], [ 42.906343799000069, 9.503164476000052 ], [ 42.968863815000077, 9.509107443000062 ], [ 42.985504123000055, 9.513148661000059 ], [ 42.996385802000077, 9.513016720000053 ], [ 43.004523559000063, 9.511731811000061 ], [ 43.013660689000062, 9.508448155000053 ], [ 43.021512910000069, 9.50587833700007 ], [ 43.03022173800008, 9.500024863000021 ], [ 43.037217353000074, 9.498026116000062 ], [ 43.044212968000068, 9.495884601000057 ], [ 43.048924301000056, 9.49245817700006 ], [ 43.05420670500007, 9.491030501000068 ], [ 43.063914905000047, 9.488746218000074 ], [ 43.069625612000038, 9.485034259000031 ], [ 43.075764621000076, 9.482178906000058 ], [ 43.083045772000048, 9.478038644000037 ], [ 43.090897993000056, 9.476753735000045 ], [ 43.096323164000069, 9.474183917000062 ], [ 43.101034497000057, 9.473184543000059 ], [ 43.106745204000049, 9.471043028000054 ] ] ], [ [ [ 43.21346836500004, 9.292255817000068 ], [ 43.213468196000065, 9.292255551000039 ], [ 43.212351504000026, 9.293239300000039 ], [ 43.212351484000067, 9.293239362000065 ], [ 43.21346836500004, 9.292255817000068 ] ] ] ] } },
{ "type": "Feature", "properties": { "DISTRICTS": "Wajale CA", "Zone_Name": "Fafan", "Wor_PCode": "ET0505014" }, "geometry": { "type": "Polygon", "coordinates": [ [ [ 43.407316111000057, 9.536670140000069 ], [ 43.376264110000079, 9.517941171000075 ], [ 43.34400751700008, 9.519161656000051 ], [ 43.262645207000048, 9.525942211000029 ], [ 43.248880941000039, 9.531614275000038 ], [ 43.24811224900003, 9.540580595000051 ], [ 43.248066416000029, 9.549550545000045 ], [ 43.254901474000064, 9.556043454000076 ], [ 43.284370114000069, 9.590636220000022 ], [ 43.299190521000071, 9.611091614000031 ], [ 43.324790954000036, 9.606130600000029 ], [ 43.359500651000076, 9.584294408000062 ], [ 43.407316111000057, 9.536670140000069 ] ] ] } },
{ "type": "Feature", "properties": { "DISTRICTS": "Jijiga CA", "Zone_Name": "Fafan", "Wor_PCode": "ET0505012" }, "geometry": { "type": "Polygon", "coordinates": [ [ [ 42.758729979000066, 9.432132605000049 ], [ 42.764500172000055, 9.43150799600005 ], [ 42.785027306000075, 9.43310137900005 ], [ 42.814054442000042, 9.422379499000044 ], [ 42.839881300000059, 9.413211925000041 ], [ 42.848326524000072, 9.410632884000051 ], [ 42.864246080000044, 9.406664011000032 ], [ 42.88522131600007, 9.402963821000071 ], [ 42.898750949000032, 9.395869823000055 ], [ 42.902178623000054, 9.386562937000065 ], [ 42.905825352000079, 9.380844689000071 ], [ 42.907562658000074, 9.372245157000066 ], [ 42.910173591000046, 9.364409027000022 ], [ 42.91936439400007, 9.358728566000025 ], [ 42.925244138000039, 9.355411788000026 ], [ 42.93217922000008, 9.354657975000066 ], [ 42.938360488000058, 9.349079757000027 ], [ 42.942129554000076, 9.338827897000044 ], [ 42.938812776000077, 9.329028325000024 ], [ 42.934139134000077, 9.318927227000074 ], [ 42.92871167900006, 9.314253585000074 ], [ 42.927505577000034, 9.309881468000071 ], [ 42.925997951000056, 9.305660114000034 ], [ 42.923882681000066, 9.303333378000048 ], [ 42.917555243000038, 9.301137234000066 ], [ 42.907303382000066, 9.301438760000053 ], [ 42.903082028000028, 9.305207826000071 ], [ 42.899463725000032, 9.310032231000037 ], [ 42.898860674000048, 9.315007398000034 ], [ 42.895996184000069, 9.318324176000033 ], [ 42.889965678000067, 9.322997819000022 ], [ 42.885744324000029, 9.325259258000074 ], [ 42.882461361000026, 9.326139530000034 ], [ 42.880377880000026, 9.324212755000076 ], [ 42.87355180000003, 9.328045580000037 ], [ 42.85319884300003, 9.340408117000038 ], [ 42.82674641400007, 9.297941775000027 ], [ 42.81750366600005, 9.29284631400003 ], [ 42.81392990300003, 9.29151691800007 ], [ 42.811814197000047, 9.291065759000048 ], [ 42.809786373000065, 9.291598700000065 ], [ 42.808310384000038, 9.293885571000033 ], [ 42.806667080000068, 9.300244558000031 ], [ 42.806021082000029, 9.301361271000076 ], [ 42.802842617000067, 9.303513269000064 ], [ 42.796299099000066, 9.30752860900003 ], [ 42.793176057000039, 9.310056787000065 ], [ 42.790945312000076, 9.31466699300006 ], [ 42.78826841800003, 9.318236184000057 ], [ 42.784253078000063, 9.322995106000064 ], [ 42.783968523000055, 9.327189553000039 ], [ 42.772906801000033, 9.329533949000052 ], [ 42.76195986700003, 9.331857866000064 ], [ 42.747643036000056, 9.333786797000073 ], [ 42.725933229000077, 9.340105210000047 ], [ 42.708978627000079, 9.355539823000072 ], [ 42.704095823000046, 9.365790864000076 ], [ 42.703057253000054, 9.37726238700003 ], [ 42.713551237000047, 9.392634777000069 ], [ 42.711794998000073, 9.403384320000043 ], [ 42.705890941000064, 9.421250013000076 ], [ 42.726065093000045, 9.429630904000021 ], [ 42.728900860000067, 9.43111415900006 ], [ 42.737596805000067, 9.431022636000023 ], [ 42.744449653000061, 9.432831026000031 ], [ 42.751112143000057, 9.433592454000063 ], [ 42.75539873300005, 9.433203362000029 ], [ 42.758729979000066, 9.432132605000049 ] ] ] } },
{ "type": "Feature", "properties": { "DISTRICTS": "D/Bour CA", "Zone_Name": "Jarar", "Wor_PCode": "ET0506012" }, "geometry": { "type": "Polygon", "coordinates": [ [ [ 43.467671015000064, 8.170789469000056 ], [ 43.464773223000066, 8.175084905000062 ], [ 43.458579990000032, 8.193363580000039 ], [ 43.459206330000029, 8.217768941000031 ], [ 43.461309431000075, 8.232849414000043 ], [ 43.464121971000054, 8.250803551000047 ], [ 43.471256289000053, 8.269133114000056 ], [ 43.490306175000057, 8.280689371000051 ], [ 43.519820262000053, 8.288336259000062 ], [ 43.539996078000058, 8.288410609000039 ], [ 43.559805263000044, 8.290277022000055 ], [ 43.564257682000061, 8.288856125000052 ], [ 43.609938888000045, 8.275381553000045 ], [ 43.633042881000051, 8.262182232000043 ], [ 43.646418314000073, 8.248948585000051 ], [ 43.649670711000056, 8.231258965000052 ], [ 43.654859348000059, 8.20303823100005 ], [ 43.646621513000071, 8.189013706000026 ], [ 43.632592924000051, 8.183224120000034 ], [ 43.620396714000037, 8.180517001000055 ], [ 43.606318171000055, 8.177392071000043 ], [ 43.593358763000026, 8.175193849000038 ], [ 43.581122475000029, 8.172279997000032 ], [ 43.563846461000026, 8.168630179000047 ], [ 43.54007994400007, 8.16710960100005 ], [ 43.52525778100005, 8.167158672000028 ], [ 43.514503719000061, 8.168093157000044 ], [ 43.51098664400007, 8.168239441000026 ], [ 43.487486990000036, 8.169069689000025 ], [ 43.486208103000081, 8.169180680000068 ], [ 43.486211498000046, 8.16919632500003 ], [ 43.482716953000079, 8.169543279000038 ], [ 43.480207715000063, 8.169792408000035 ], [ 43.477253199000074, 8.170085745000051 ], [ 43.473346942000035, 8.17037599300005 ], [ 43.46925148400004, 8.170674336000047 ], [ 43.468659831000025, 8.170703652000043 ], [ 43.467671015000064, 8.170789469000056 ] ] ] } },
{ "type": "Feature", "properties": { "DISTRICTS": "K/dahar CA", "Zone_Name": "Korahea", "Wor_PCode": "ET0507011" }, "geometry": { "type": "Polygon", "coordinates": [ [ [ 44.214457509000056, 6.731475794000062 ], [ 44.221306602000027, 6.752427474000058 ], [ 44.231461845000069, 6.764708893000034 ], [ 44.254785927000057, 6.776711380000052 ], [ 44.272576488000027, 6.779115729000068 ], [ 44.289195564000067, 6.781250313000044 ], [ 44.304160642000056, 6.780374522000045 ], [ 44.317047956000067, 6.769688417000054 ], [ 44.33801722100003, 6.752300793000074 ], [ 44.339833439000074, 6.737046057000043 ], [ 44.33975993100006, 6.726418706000061 ], [ 44.338963187000047, 6.716701937000039 ], [ 44.329996257000062, 6.709210744000075 ], [ 44.322823327000037, 6.702918529000044 ], [ 44.313253017000079, 6.69931531900005 ], [ 44.305476516000056, 6.696911112000066 ], [ 44.297998043000064, 6.695404691000022 ], [ 44.29022602100008, 6.690008679000073 ], [ 44.267195984000068, 6.683393456000033 ], [ 44.242654064000078, 6.687544493000075 ], [ 44.227082224000071, 6.695597443000054 ], [ 44.222584476000065, 6.701573425000049 ], [ 44.214784115000043, 6.71442459900004 ], [ 44.214457509000056, 6.731475794000062 ] ] ] } },
{ "type": "Feature", "properties": { "DISTRICTS": "Godey CA", "Zone_Name": "Shabelle", "Wor_PCode": "ET0510011" }, "geometry": { "type": "Polygon", "coordinates": [ [ [ 43.481918386000075, 5.959071651000045 ], [ 43.492003198000077, 5.967298843000037 ], [ 43.521084371000029, 5.977283654000075 ], [ 43.535701568000036, 5.980624790000036 ], [ 43.536884796000038, 5.980746421000049 ], [ 43.549017467000056, 5.981993608000039 ], [ 43.571540489000029, 5.984451924000041 ], [ 43.589336351000043, 5.985620482000058 ], [ 43.596111246000078, 5.976040828000066 ], [ 43.60580070900005, 5.97247496500006 ], [ 43.609809966000057, 5.963553408000053 ], [ 43.606941135000056, 5.953632420000076 ], [ 43.609409286000073, 5.938944284000058 ], [ 43.602691659000072, 5.924379755000075 ], [ 43.60250473800005, 5.920698224000034 ], [ 43.563621577000049, 5.906678770000042 ], [ 43.54436871300004, 5.922781382000039 ], [ 43.538639907000061, 5.934576187000062 ], [ 43.534286508000037, 5.94013970900005 ], [ 43.517036477000033, 5.942007975000024 ], [ 43.514686640000036, 5.940599357000053 ], [ 43.516891514000065, 5.934877382000025 ], [ 43.514160086000061, 5.932546067000033 ], [ 43.502445299000044, 5.931497495000031 ], [ 43.498618994000026, 5.933582732000048 ], [ 43.498230032000038, 5.934061469000028 ], [ 43.48773202600006, 5.953161243000068 ], [ 43.481918386000075, 5.959071651000045 ] ] ] } },
{ "type": "Feature", "properties": { "DISTRICTS": "Daymeed", "Zone_Name": "Siti", "Wor_PCode": "ET0511011" }, "geometry": { "type": "Polygon", "coordinates": [ [ [ 40.881496039000069, 9.52275538400005 ], [ 40.812061340000071, 9.490355934000036 ], [ 40.733539127000029, 9.443956445000026 ], [ 40.685355042000026, 9.404695338000067 ], [ 40.631817169000044, 9.363649636000048 ], [ 40.576494701000058, 9.336880700000052 ], [ 40.515818445000036, 9.301188785000022 ], [ 40.458711381000057, 9.319034742000042 ], [ 40.417665679000038, 9.329742317000068 ], [ 40.380189168000072, 9.326173125000025 ], [ 40.308030047000045, 9.361495879000074 ], [ 40.339607, 9.458417 ], [ 40.343935176000059, 9.463376556000071 ], [ 40.344598, 9.465569 ], [ 40.347708175000037, 9.469061938000038 ], [ 40.354297521000035, 9.47646222700007 ], [ 40.35698070400008, 9.479475625000021 ], [ 40.36399870300005, 9.487357318000022 ], [ 40.36601588700006, 9.489622755000028 ], [ 40.372383194000065, 9.496773675000043 ], [ 40.376849352000079, 9.501789477000045 ], [ 40.380072332000054, 9.505409106000059 ], [ 40.385702387000038, 9.511732043000052 ], [ 40.390570727000068, 9.517199523000045 ], [ 40.393878134000033, 9.52091396700007 ], [ 40.397662113000081, 9.525163634000023 ], [ 40.400843194000061, 9.528736206000076 ], [ 40.406818477000058, 9.535446860000036 ], [ 40.408743940000079, 9.537639410000054 ], [ 40.408861381000065, 9.537773983000022 ], [ 40.408310693000033, 9.548307345000069 ], [ 40.407413113000075, 9.565475918000061 ], [ 40.406750246000058, 9.578154992000066 ], [ 40.406054761000064, 9.591457963000039 ], [ 40.405209830000047, 9.607619470000031 ], [ 40.404442617000029, 9.622294449000037 ], [ 40.403695316000039, 9.636588534000055 ], [ 40.402952334000076, 9.650800003000029 ], [ 40.402255881000031, 9.664121495000074 ], [ 40.40122745900004, 9.683792778000054 ], [ 40.400442983000062, 9.698797935000073 ], [ 40.399954851000075, 9.708134746000042 ], [ 40.399386366000044, 9.719008509000048 ], [ 40.399047917000075, 9.725482227000043 ], [ 40.398812815000042, 9.729979163000053 ], [ 40.39881237000003, 9.729987676000064 ], [ 40.398790150000025, 9.730412705000049 ], [ 40.398740901000053, 9.73135472000007 ], [ 40.398716226000033, 9.731826679000051 ], [ 40.398670426000081, 9.73270272600007 ], [ 40.398648950000052, 9.733113530000026 ], [ 40.398610371000075, 9.733851437000055 ], [ 40.398583621000057, 9.734363104000067 ], [ 40.398583608000081, 9.734363355000028 ], [ 40.398581787000069, 9.734398178000049 ], [ 40.39857913000003, 9.734449005000045 ], [ 40.398578268000051, 9.734465485000044 ], [ 40.39857457100004, 9.734536207000076 ], [ 40.398573363000025, 9.734559331000071 ], [ 40.39856947700008, 9.734633641000073 ], [ 40.39856700100006, 9.734681005000027 ], [ 40.398564142000055, 9.734735692000072 ], [ 40.398562330000061, 9.734770360000027 ], [ 40.398559720000037, 9.734820275000061 ], [ 40.39855982000006, 9.734820272000036 ], [ 40.39855900200007, 9.734834 ], [ 40.405142090000027, 9.744942198000047 ], [ 40.412429901000053, 9.756132485000023 ], [ 40.415862288000028, 9.761402846000067 ], [ 40.41591855300004, 9.761390772000027 ], [ 40.416076, 9.761731 ], [ 40.419619483000076, 9.769494782000038 ], [ 40.419616630000064, 9.76950838700003 ], [ 40.420301879000078, 9.771013611000058 ], [ 40.420744665000029, 9.771986240000047 ], [ 40.42174067600007, 9.774174090000031 ], [ 40.422233876000064, 9.775257459000045 ], [ 40.423222400000043, 9.777428862000022 ], [ 40.424064760000078, 9.77927919900003 ], [ 40.424974084000041, 9.781276629000047 ], [ 40.425545172000056, 9.782531088000042 ], [ 40.426321377000079, 9.784236108000073 ], [ 40.426857527000038, 9.785413822000066 ], [ 40.428075708000051, 9.788089692000028 ], [ 40.428791100000069, 9.789661131000059 ], [ 40.429822049000052, 9.791925725000056 ], [ 40.431008489000078, 9.794531870000071 ], [ 40.43191673900003, 9.79652694400005 ], [ 40.432454488000076, 9.797708168000042 ], [ 40.433272044000034, 9.799504023000054 ], [ 40.434556927000074, 9.802326411000024 ], [ 40.435570802000029, 9.804553498000075 ], [ 40.43678337800003, 9.807217057000059 ], [ 40.437167759000033, 9.808061394000049 ], [ 40.438225371000044, 9.810384556000031 ], [ 40.439599612000052, 9.813403229000073 ], [ 40.440931166000041, 9.816328135000049 ], [ 40.442444107000028, 9.819651478000026 ], [ 40.443994918000044, 9.823058009000022 ], [ 40.445447573000081, 9.826248925000073 ], [ 40.44697091200004, 9.829595109000024 ], [ 40.448249928000052, 9.832404609000037 ], [ 40.448636432000058, 9.833253609000053 ], [ 40.450058679000051, 9.836377734000052 ], [ 40.450551355000073, 9.837459951000028 ], [ 40.451747405000049, 9.840087206000021 ], [ 40.45350121000007, 9.843939635000027 ], [ 40.45417191100006, 9.845412906000035 ], [ 40.45438000300004, 9.84587 ], [ 40.45633031300008, 9.846589364000067 ], [ 40.457359006000047, 9.848849004000044 ], [ 40.471931835000078, 9.854224130000034 ], [ 40.476501792000079, 9.855909739000026 ], [ 40.485635717000036, 9.859278750000044 ], [ 40.48901126700008, 9.86052380700005 ], [ 40.495524006000039, 9.86292600400003 ], [ 40.507240329000069, 9.863105672000074 ], [ 40.512864784000044, 9.863191922000055 ], [ 40.522046501000034, 9.863332723000042 ], [ 40.528796298000032, 9.863436230000048 ], [ 40.540412479000054, 9.863614364000057 ], [ 40.553338064000059, 9.863812576000043 ], [ 40.557227429000079, 9.863872219000029 ], [ 40.560800006000079, 9.863927004000061 ], [ 40.572685159000059, 9.868733324000061 ], [ 40.577599015000033, 9.870720472000073 ], [ 40.587416939000036, 9.87469081100005 ], [ 40.590422083000078, 9.875906082000029 ], [ 40.598726242000055, 9.879716209000037 ], [ 40.624895, 9.891723 ], [ 40.684096167000064, 9.870655311000064 ], [ 40.804515596000044, 9.724781368000038 ], [ 40.814305794000063, 9.633732530000032 ], [ 40.881496039000069, 9.52275538400005 ] ] ] } },
{ "type": "Feature", "properties": { "DISTRICTS": "Afdam", "Zone_Name": "Siti", "Wor_PCode": "ET0511001" }, "geometry": { "type": "Polygon", "coordinates": [ [ [ 41.086993838000069, 10.070833870000058 ], [ 41.132757560000073, 9.986704634000034 ], [ 41.120377219000034, 9.94956436800004 ], [ 41.083971466000037, 9.923152351000056 ], [ 41.024722887000053, 9.863903772000072 ], [ 41.03257510800006, 9.831067210000072 ], [ 41.027578240000025, 9.801086001000044 ], [ 41.040427329000067, 9.768963277000069 ], [ 41.041855006000048, 9.741123584000036 ], [ 41.043996521000054, 9.728988332000029 ], [ 41.056131772000072, 9.695437932000061 ], [ 41.066839347000041, 9.669739753000044 ], [ 41.07611924400004, 9.641186221000055 ], [ 41.087540657000034, 9.618343396000057 ], [ 41.104672777000076, 9.576226936000069 ], [ 41.118235704000028, 9.553384110000025 ], [ 41.129179566000062, 9.523057258000051 ], [ 41.137745625000036, 9.500690324000061 ], [ 41.147263469000052, 9.473564469000053 ], [ 41.157257206000054, 9.443107368000028 ], [ 41.166299157000026, 9.415029728000036 ], [ 41.177958387000047, 9.388471989000038 ], [ 41.160942809000062, 9.382409297000038 ], [ 41.15310603100005, 9.379617032000056 ], [ 41.140227827000047, 9.375028497000073 ], [ 41.126124294000078, 9.370003373000031 ], [ 41.114764638000054, 9.365955900000074 ], [ 41.103267906000042, 9.361859585000047 ], [ 41.092641444000037, 9.358073350000041 ], [ 41.084584335000045, 9.355202582000061 ], [ 41.074300564000055, 9.351538449000032 ], [ 41.069126413000049, 9.349694886000066 ], [ 41.069096416000036, 9.349719759000038 ], [ 41.065161, 9.348282 ], [ 41.06210946300007, 9.346524852000073 ], [ 40.982241910000027, 9.299300866000067 ], [ 40.901438552000059, 9.489816627000039 ], [ 40.814305794000063, 9.633732530000032 ], [ 40.804515596000044, 9.724781368000038 ], [ 40.684096167000064, 9.870655311000064 ], [ 40.624895, 9.891723 ], [ 40.678057056000057, 9.965210622000029 ], [ 40.678045657000041, 9.965246208000053 ], [ 40.682156540000051, 9.971413279000046 ], [ 40.688364484000033, 9.980726321000077 ], [ 40.691449039000076, 9.985353714000041 ], [ 40.694888645000049, 9.990513748000069 ], [ 40.699798410000028, 9.997879286000057 ], [ 40.704624956000032, 10.005119981000064 ], [ 40.711626220000028, 10.015623148000032 ], [ 40.717229459000066, 10.024029024000072 ], [ 40.718161480000049, 10.025427225000044 ], [ 40.719970046000071, 10.028140402000076 ], [ 40.722771659000045, 10.03234333000006 ], [ 40.727409585000032, 10.03930106100006 ], [ 40.731159867000031, 10.044927166000036 ], [ 40.733550953000076, 10.048514228000045 ], [ 40.734749265000062, 10.05031191300003 ], [ 40.735853266000049, 10.051968116000069 ], [ 40.738138943000081, 10.055397045000063 ], [ 40.739254043000074, 10.057069899000055 ], [ 40.743253972000048, 10.063070518000075 ], [ 40.746787896000058, 10.068372046000036 ], [ 40.747176238000065, 10.068954629000075 ], [ 40.747227491000046, 10.068946409000034 ], [ 40.748421, 10.070822 ], [ 40.760186, 10.122819 ], [ 40.815630532000057, 10.131739649000053 ], [ 40.862030021000066, 10.165646968000033 ], [ 40.906644915000072, 10.185277521000046 ], [ 40.958398192000061, 10.187062117000039 ], [ 40.988736320000044, 10.194200500000022 ], [ 41.00479768200006, 10.212046458000032 ], [ 41.048020886000074, 10.206222121000053 ], [ 41.054871114000036, 10.126751204000072 ], [ 41.086993838000069, 10.070833870000058 ] ] ] } },
{ "type": "Feature", "properties": { "DISTRICTS": "K/bayah CA", "Zone_Name": "Fafan", "Wor_PCode": "ET0505013" }, "geometry": { "type": "Polygon", "coordinates": [ [ [ 43.146590310000079, 9.108236567000063 ], [ 43.15002062800005, 9.11393496200003 ], [ 43.153763410000067, 9.117392449000022 ], [ 43.155528702000026, 9.118306076000067 ], [ 43.156341636000036, 9.118726810000055 ], [ 43.157549019000044, 9.119351691000077 ], [ 43.158591800000067, 9.119891383000038 ], [ 43.159014311000078, 9.120110053000076 ], [ 43.159235322000029, 9.120205514000077 ], [ 43.16042712400008, 9.120720289000076 ], [ 43.161415907000048, 9.121147373000042 ], [ 43.162560929000051, 9.121641941000064 ], [ 43.163115737000055, 9.121881579000046 ], [ 43.164214160000029, 9.122356020000041 ], [ 43.164904645000036, 9.122654261000037 ], [ 43.165244766000058, 9.12280116900007 ], [ 43.181296468000028, 9.116335166000056 ], [ 43.190946046000079, 9.111898231000055 ], [ 43.201196355000036, 9.107613465000043 ], [ 43.20692202400005, 9.103710337000052 ], [ 43.214478574000054, 9.098559117000036 ], [ 43.216763699000069, 9.092739650000055 ], [ 43.216677980000043, 9.090529602000061 ], [ 43.216651014000036, 9.085114393000026 ], [ 43.215017209000052, 9.080920294000066 ], [ 43.212328360000072, 9.077169544000071 ], [ 43.209628440000074, 9.075661284000034 ], [ 43.204975499000057, 9.073694909000039 ], [ 43.200167742000076, 9.072624739000048 ], [ 43.192794929000058, 9.073186361000069 ], [ 43.187977491000026, 9.074059515000044 ], [ 43.179704516000072, 9.074167894000027 ], [ 43.171419454000045, 9.076668033000033 ], [ 43.165994278000028, 9.078733835000037 ], [ 43.161013408000031, 9.082147281000061 ], [ 43.15673257900005, 9.08741998000005 ], [ 43.155456429000026, 9.088804243000027 ], [ 43.151027624000051, 9.093608252000024 ], [ 43.148592635000057, 9.099127344000067 ], [ 43.147211223000056, 9.104502267000044 ], [ 43.146590310000079, 9.108236567000063 ] ] ] } }
]
}
