{
"type": "FeatureCollection",
"name": "somali_zones_2024",
"crs": { "type": "name", "properties": { "name": "urn:ogc:def:crs:OGC:1.3:CRS84" } },
"features": [
{ "type": "Feature", "properties": { "Zone_Name": "Siti", "Zone_PCode": "ET0511000" }, "geometry": { "type": "Polygon", "coordinates": [ [ [ 41.307622846000072, 11.175775409000039 ], [ 41.547540206000065, 11.102229841000053 ], [ 41.708423767000056, 11.052963643000055 ], [ 41.749703005000072, 11.040323004000072 ], [ 41.78805000400007, 11.023156004000043 ], [ 41.80000065400003, 11.013046441000029 ], [ 41.799755659000027, 11.009810695000056 ], [ 41.799720764000028, 11.009349823000036 ], [ 41.799326210000061, 11.008117284000036 ], [ 41.799286341000027, 11.007992737000052 ], [ 41.798561646000053, 11.00572887800007 ], [ 41.798560105000035, 11.005724061000024 ], [ 41.798462624000081, 11.005419543000073 ], [ 41.798460938000062, 11.00541985600006 ], [ 41.798442840000064, 11.005357742000058 ], [ 41.797489410000026, 11.002376396000045 ], [ 41.797339520000037, 11.001907695000057 ], [ 41.79712537000006, 11.001238054000055 ], [ 41.796504974000072, 10.999298096000075 ], [ 41.795627215000025, 10.998399722000045 ], [ 41.794685009000034, 10.997435387000053 ], [ 41.794587677000038, 10.997335769000074 ], [ 41.793418884000062, 10.996139526000036 ], [ 41.792684838000071, 10.994586413000036 ], [ 41.791856198000062, 10.992840890000025 ], [ 41.791409600000065, 10.991897560000041 ], [ 41.791413635000026, 10.991897408000057 ], [ 41.791200289000074, 10.99145468100005 ], [ 41.789746594000064, 10.988378811000075 ], [ 41.789535522000051, 10.98793220500005 ], [ 41.788955688000044, 10.981964111000025 ], [ 41.790865636000035, 10.974950311000043 ], [ 41.791106570000068, 10.974065541000073 ], [ 41.791347504000044, 10.973180771000045 ], [ 41.797618320000026, 10.969220829000051 ], [ 41.798477173000038, 10.968678474000058 ], [ 41.800672347000045, 10.968516054000077 ], [ 41.801543365000043, 10.968451608000066 ], [ 41.811031342000035, 10.967749596000033 ], [ 41.811061406000078, 10.966118578000021 ], [ 41.811149597000053, 10.961998940000058 ], [ 41.811153679000029, 10.961996731000056 ], [ 41.814495878000059, 10.960188678000065 ], [ 41.815990448000036, 10.959380150000072 ], [ 41.823747869000044, 10.959231576000036 ], [ 41.841121674000078, 10.958900452000023 ], [ 41.856105035000041, 10.954966145000071 ], [ 41.863408041000071, 10.953048534000061 ], [ 41.872008343000061, 10.950790281000025 ], [ 41.879411182000069, 10.948846456000069 ], [ 41.886157989000026, 10.947074890000067 ], [ 41.894587504000071, 10.944860282000036 ], [ 41.899688515000037, 10.943496711000023 ], [ 41.900627136000026, 10.943273544000022 ], [ 41.920167524000078, 10.942560742000069 ], [ 41.927371979000043, 10.942297935000056 ], [ 41.942211152000027, 10.93947982800006 ], [ 41.942596435000041, 10.935335159000033 ], [ 41.93967056300005, 10.928489685000045 ], [ 41.944721222000055, 10.913217545000066 ], [ 41.949081421000074, 10.909910202000049 ], [ 41.958400726000036, 10.910880089000045 ], [ 41.963445876000037, 10.914106270000048 ], [ 41.96421403800008, 10.914597481000044 ], [ 41.967830658000025, 10.91691017200003 ], [ 41.971050262000063, 10.921683311000038 ], [ 41.974361706000025, 10.926592365000033 ], [ 41.975028991000045, 10.927579880000053 ], [ 41.979075310000042, 10.926592365000033 ], [ 41.98220062300004, 10.925829887000077 ], [ 41.983781954000051, 10.924872594000021 ], [ 41.991630555000029, 10.920120239000028 ], [ 42.001702789000035, 10.91682641500006 ], [ 42.002960205000079, 10.916415215000029 ], [ 42.006592471000033, 10.917659803000049 ], [ 42.012714541000037, 10.91975751700005 ], [ 42.017021179000039, 10.921233177000033 ], [ 42.019134460000032, 10.921387344000038 ], [ 42.019134557000029, 10.921390074000044 ], [ 42.026809692000029, 10.921959877000063 ], [ 42.031280518000074, 10.924401283000066 ], [ 42.040442545000076, 10.924045225000043 ], [ 42.047353847000068, 10.923776635000024 ], [ 42.050710760000072, 10.923646177000023 ], [ 42.05265415000008, 10.923570652000024 ], [ 42.052657134000071, 10.923570536000057 ], [ 42.052859239000043, 10.923562682000068 ], [ 42.053262969000059, 10.923546991000023 ], [ 42.053647264000062, 10.923532057000045 ], [ 42.053733092000073, 10.923528721000025 ], [ 42.055739548000076, 10.923450746000071 ], [ 42.063517885000067, 10.923148461000039 ], [ 42.067329407000045, 10.92300033600003 ], [ 42.06795128300007, 10.923864500000036 ], [ 42.068733271000042, 10.924951155000031 ], [ 42.069515258000081, 10.926037809000036 ], [ 42.070430756000064, 10.927309990000026 ], [ 42.071586998000043, 10.932667375000051 ], [ 42.071590044000061, 10.932681487000025 ], [ 42.071637426000052, 10.932901032000075 ], [ 42.071643421000033, 10.932928810000021 ], [ 42.072294222000039, 10.935944258000063 ], [ 42.072999954000068, 10.939214230000061 ], [ 42.073102538000057, 10.939689545000022 ], [ 42.073103102000061, 10.939692158000071 ], [ 42.073157739000067, 10.939945318000071 ], [ 42.073157762000051, 10.93994542300004 ], [ 42.07316067000005, 10.939958898000043 ], [ 42.073163759000067, 10.939973207000037 ], [ 42.073165601000028, 10.939981747000047 ], [ 42.073168073000033, 10.93999320100005 ], [ 42.073168242000065, 10.939993980000054 ], [ 42.073168416000044, 10.939994780000063 ], [ 42.073168438000039, 10.939994888000058 ], [ 42.07556915300006, 10.95111846900005 ], [ 42.080268011000044, 10.957386858000064 ], [ 42.080833435000045, 10.958141327000021 ], [ 42.090621399000042, 10.958677890000047 ], [ 42.096012409000025, 10.958973418000028 ], [ 42.096012416000065, 10.958961298000077 ], [ 42.096280671000045, 10.95898812400003 ], [ 42.099239349000072, 10.959150314000055 ], [ 42.105939865000039, 10.96247005500004 ], [ 42.112640381000062, 10.965789795000035 ], [ 42.120454941000048, 10.967743435000045 ], [ 42.120485211000073, 10.967751003000046 ], [ 42.122001648000037, 10.96813011200004 ], [ 42.126960754000038, 10.971480370000052 ], [ 42.142650604000039, 10.976679802000035 ], [ 42.151999204000049, 10.976490322000075 ], [ 42.155448914000033, 10.976420402000031 ], [ 42.157555270000046, 10.975724252000077 ], [ 42.157702645000029, 10.975675545000058 ], [ 42.16285324100005, 10.973973274000059 ], [ 42.169281006000062, 10.975337982000042 ], [ 42.171046978000049, 10.975805874000059 ], [ 42.171938968000063, 10.975902306000023 ], [ 42.175708770000028, 10.976702690000025 ], [ 42.17754767200006, 10.976792734000071 ], [ 42.182351052000058, 10.977027937000059 ], [ 42.187577844000032, 10.977283872000044 ], [ 42.188991547000057, 10.977353096000058 ], [ 42.195899963000045, 10.973763466000037 ], [ 42.199878693000073, 10.963560104000067 ], [ 42.207031250000057, 10.960200310000062 ], [ 42.232521058000032, 10.966349602000037 ], [ 42.270515442000033, 10.968788147000055 ], [ 42.288997650000056, 10.98450374600003 ], [ 42.309379577000072, 10.990751267000064 ], [ 42.32540130600006, 10.98880958500007 ], [ 42.338382721000073, 10.991468429000065 ], [ 42.350246430000027, 10.996533394000039 ], [ 42.355846405000079, 10.997372628000051 ], [ 42.372810364000031, 10.996097564000024 ], [ 42.394531250000057, 10.988510132000044 ], [ 42.404651642000033, 10.98278141000003 ], [ 42.424148560000049, 10.980070114000057 ], [ 42.435451508000028, 10.986040115000037 ], [ 42.448608399000079, 10.996310234000077 ], [ 42.458934784000064, 11.001305581000054 ], [ 42.476390318000028, 11.014796347000072 ], [ 42.484857872000077, 11.021340620000046 ], [ 42.497221382000077, 11.03089594100004 ], [ 42.49930954000007, 11.032509804000028 ], [ 42.512004853000064, 11.038217544000076 ], [ 42.534210241000039, 11.044271110000068 ], [ 42.560489654000037, 11.051429749000022 ], [ 42.57183849900008, 11.055912198000044 ], [ 42.587851273000069, 11.062236759000029 ], [ 42.591960907000043, 11.063859940000043 ], [ 42.598941803000059, 11.063476563000052 ], [ 42.61050033500004, 11.070354462000068 ], [ 42.617234173000043, 11.077341348000061 ], [ 42.625041962000068, 11.085442543000056 ], [ 42.632339477000073, 11.088964462000035 ], [ 42.640937805000078, 11.08831596300007 ], [ 42.654499054000041, 11.080200195000032 ], [ 42.656280517000027, 11.076709747000052 ], [ 42.663387298000032, 11.07149505600006 ], [ 42.678279876000033, 11.070940017000055 ], [ 42.683441162000065, 11.062540054000067 ], [ 42.693489075000059, 11.053584099000034 ], [ 42.69789886500007, 11.053030014000058 ], [ 42.711330414000031, 11.060090065000054 ], [ 42.717819214000031, 11.058794975000069 ], [ 42.727890015000071, 11.061329841000031 ], [ 42.736118317000034, 11.06482982600005 ], [ 42.746299744000055, 11.072190285000033 ], [ 42.757438660000048, 11.070560455000077 ], [ 42.764514923000036, 11.064193725000052 ], [ 42.770582341000079, 11.053530145000025 ], [ 42.774073286000032, 11.047395408000057 ], [ 42.775356618000046, 11.045140171000071 ], [ 42.779487716000062, 11.037880474000076 ], [ 42.780405239000061, 11.036268085000074 ], [ 42.78243692500007, 11.032697745000064 ], [ 42.784660339000027, 11.028790474000061 ], [ 42.78623254300004, 11.023196021000047 ], [ 42.787727120000056, 11.017877790000057 ], [ 42.788108826000041, 11.01651954700003 ], [ 42.78827825500008, 11.012084240000036 ], [ 42.788496105000036, 11.006381370000042 ], [ 42.788778058000048, 10.999000434000038 ], [ 42.78892898600003, 10.995049476000077 ], [ 42.791419983000026, 10.987930297000048 ], [ 42.79601669300007, 10.985529900000074 ], [ 42.809494375000043, 10.983155573000033 ], [ 42.810396784000034, 10.982996598000057 ], [ 42.828941345000032, 10.97972965200006 ], [ 42.840950012000064, 10.975547790000064 ], [ 42.853038788000049, 10.975040436000029 ], [ 42.85774993900003, 10.977239608000048 ], [ 42.868866070000081, 10.977698706000069 ], [ 42.884463050000079, 10.977676943000063 ], [ 42.893206318000068, 10.977664744000037 ], [ 42.89940669300006, 10.977656093000064 ], [ 42.910831452000025, 10.977640152000049 ], [ 42.911105560000067, 10.977688709000063 ], [ 42.911107039000058, 10.977688714000067 ], [ 42.92818823500005, 10.980698597000071 ], [ 42.941845983000064, 10.983134244000041 ], [ 42.94914751400006, 10.984427680000067 ], [ 42.952209473000039, 10.984970093000072 ], [ 42.952216025000041, 10.984969636000073 ], [ 42.95221599100006, 10.984969705000026 ], [ 42.952245102000063, 10.984967974000028 ], [ 42.952286057000038, 10.98496553800004 ], [ 42.952286437000055, 10.984965516000045 ], [ 42.952531289000035, 10.984950956000034 ], [ 42.95279230500006, 10.984935434000022 ], [ 42.952795843000047, 10.984935224000026 ], [ 42.954335314000048, 10.984843678000061 ], [ 42.956321168000045, 10.984725587000071 ], [ 42.957992304000072, 10.984626211000034 ], [ 42.957995255000071, 10.984621673000049 ], [ 42.957999855000025, 10.984625762000064 ], [ 42.961639404000039, 10.984409332000041 ], [ 42.956214252000052, 10.977887272000032 ], [ 42.938090743000032, 10.956099385000073 ], [ 42.93807255300004, 10.956077518000029 ], [ 42.931320190000065, 10.947959900000058 ], [ 42.926249360000043, 10.939800155000057 ], [ 42.925461999000049, 10.938533169000038 ], [ 42.910045624000077, 10.913725853000074 ], [ 42.895320783000045, 10.895323241000028 ], [ 42.881959798000025, 10.878620983000076 ], [ 42.881951967000077, 10.878611186000057 ], [ 42.881181971000046, 10.877647979000074 ], [ 42.880693104000045, 10.877036444000055 ], [ 42.880270292000034, 10.876507537000066 ], [ 42.880266250000034, 10.876506086000063 ], [ 42.880237535000049, 10.876466561000029 ], [ 42.876258850000056, 10.871489525000072 ], [ 42.870437622000054, 10.861278534000064 ], [ 42.864219666000054, 10.854290009000067 ], [ 42.855709076000039, 10.838157654000042 ], [ 42.840930939000032, 10.822859764000043 ], [ 42.811271667000028, 10.780850410000028 ], [ 42.810882568000068, 10.780303955000022 ], [ 42.797496796000075, 10.764509201000067 ], [ 42.788570404000041, 10.750679970000022 ], [ 42.766525268000066, 10.721973419000051 ], [ 42.73866653400006, 10.677089691000049 ], [ 42.722606659000064, 10.651211739000075 ], [ 42.703201294000053, 10.636006355000063 ], [ 42.692958832000045, 10.62520027100004 ], [ 42.685020447000056, 10.612959862000025 ], [ 42.683010102000026, 10.606329918000029 ], [ 42.683166504000042, 10.59253215800004 ], [ 42.690391541000054, 10.57230091100007 ], [ 42.695415497000056, 10.558231354000043 ], [ 42.698398590000068, 10.546208382000032 ], [ 42.704048156000056, 10.538960456000041 ], [ 42.716869355000028, 10.530389786000057 ], [ 42.73165130600006, 10.526386261000027 ], [ 42.739440918000071, 10.521149635000029 ], [ 42.74666976900005, 10.512255668000023 ], [ 42.756118774000072, 10.474690437000049 ], [ 42.756904602000077, 10.471559525000032 ], [ 42.763080597000055, 10.456709861000036 ], [ 42.791851043000065, 10.404100418000041 ], [ 42.803249359000063, 10.358209610000074 ], [ 42.804828644000054, 10.351844788000051 ], [ 42.808853149000072, 10.341140747000054 ], [ 42.815372467000032, 10.323793411000054 ], [ 42.820295670000064, 10.310695342000031 ], [ 42.812832168000057, 10.300610253000059 ], [ 42.770228776000067, 10.221180199000059 ], [ 42.706989, 10.119554 ], [ 42.733327381000038, 10.042775118000066 ], [ 42.785326091000059, 9.976806606000025 ], [ 42.844201, 9.942541 ], [ 42.884666911000068, 9.908509793000064 ], [ 42.880010309000056, 9.879017988000044 ], [ 42.82025059800003, 9.837884680000059 ], [ 42.79386319300005, 9.80994507500003 ], [ 42.783773891000067, 9.770363967000037 ], [ 42.730028, 9.753115 ], [ 42.725854714000036, 9.739873251000063 ], [ 42.728156487000035, 9.711890338000046 ], [ 42.613533973000074, 9.673541043000057 ], [ 42.569795719000069, 9.68003079500005 ], [ 42.409538326000074, 9.680749687000059 ], [ 42.408054855000046, 9.69116013200005 ], [ 42.283466, 9.670592 ], [ 42.28003095400004, 9.670203012000059 ], [ 42.280028953000055, 9.670179541000039 ], [ 42.267517182000063, 9.668594381000048 ], [ 42.257401946000073, 9.667327430000057 ], [ 42.250429206000035, 9.66645408100004 ], [ 42.242173717000071, 9.665420066000024 ], [ 42.235737948000065, 9.664613975000066 ], [ 42.227074099000049, 9.663528812000038 ], [ 42.221295235000071, 9.66280499800007 ], [ 42.209533434000036, 9.661331812000071 ], [ 42.197607300000072, 9.659838041000057 ], [ 42.191362476000052, 9.659055866000074 ], [ 42.186235998000029, 9.658413765000034 ], [ 42.185636836000072, 9.658338719000028 ], [ 42.181020861000036, 9.657760560000042 ], [ 42.180998696000074, 9.657757784000069 ], [ 42.170155542000032, 9.656399659000044 ], [ 42.161376351000058, 9.655300049000061 ], [ 42.152561654000067, 9.654195992000041 ], [ 42.149876365000068, 9.653859655000076 ], [ 42.141944881000029, 9.652866222000057 ], [ 42.138735820000079, 9.652464282000039 ], [ 42.13346301100006, 9.651803853000047 ], [ 42.127870573000052, 9.65110339000006 ], [ 42.12095550500004, 9.650237264000054 ], [ 42.115562763000071, 9.649561814000037 ], [ 42.110542947000056, 9.648933073000023 ], [ 42.103627806000077, 9.648066938000056 ], [ 42.097831224000061, 9.647340906000068 ], [ 42.090796295000075, 9.646459768000057 ], [ 42.086357851000059, 9.645903845000021 ], [ 42.08628617800008, 9.64593848100003 ], [ 42.082431, 9.645412 ], [ 41.841125, 9.525295 ], [ 41.399592690000077, 9.457224284000063 ], [ 41.348584297000059, 9.449266425000076 ], [ 41.347629073000064, 9.448926076000021 ], [ 41.347624565000046, 9.448924470000065 ], [ 41.328245404000029, 9.442019628000025 ], [ 41.318003089000058, 9.43837026500006 ], [ 41.304188424000074, 9.43344806500005 ], [ 41.284107005000067, 9.426293006000037 ], [ 41.267683193000039, 9.420441160000053 ], [ 41.260411194000028, 9.417850871000041 ], [ 41.201841492000028, 9.396981804000063 ], [ 41.196662937000042, 9.395136627000056 ], [ 41.177958387000047, 9.388471989000038 ], [ 41.160942809000062, 9.382409297000038 ], [ 41.15310603100005, 9.379617032000056 ], [ 41.140227827000047, 9.375028497000073 ], [ 41.126124294000078, 9.370003373000031 ], [ 41.114764638000054, 9.365955900000074 ], [ 41.103267906000042, 9.361859585000047 ], [ 41.092641444000037, 9.358073350000041 ], [ 41.084584335000045, 9.355202582000061 ], [ 41.074300564000055, 9.351538449000032 ], [ 41.069126413000049, 9.349694886000066 ], [ 41.069096416000036, 9.349719759000038 ], [ 41.065161, 9.348282 ], [ 41.06210946300007, 9.346524852000073 ], [ 40.982241910000027, 9.299300866000067 ], [ 40.960610580000036, 9.286523023000029 ], [ 40.938056961000029, 9.273200375000044 ], [ 40.928456423000057, 9.267529241000034 ], [ 40.924606980000078, 9.265255338000031 ], [ 40.921747847000063, 9.263566418000039 ], [ 40.921608989000049, 9.263609486000064 ], [ 40.921715020000079, 9.263547027000072 ], [ 40.913907954000081, 9.258935316000077 ], [ 40.905776464000041, 9.254131964000067 ], [ 40.898374028000035, 9.249759271000073 ], [ 40.888894979000042, 9.244159902000035 ], [ 40.885332284000071, 9.242055382000046 ], [ 40.878915306000067, 9.238264809000043 ], [ 40.874389038000061, 9.235591098000043 ], [ 40.873573689000068, 9.235109463000072 ], [ 40.866832285000044, 9.231127248000064 ], [ 40.861587906000068, 9.22802934200007 ], [ 40.858121208000057, 9.225981529000023 ], [ 40.853023811000071, 9.222970446000033 ], [ 40.849631225000053, 9.220966411000063 ], [ 40.846313993000081, 9.21900688900007 ], [ 40.841984569000033, 9.216449454000042 ], [ 40.837751141000069, 9.213948726000069 ], [ 40.832159211000032, 9.210645518000035 ], [ 40.824800543000038, 9.206298679000042 ], [ 40.81852084500008, 9.202589199000045 ], [ 40.811230198000032, 9.198282541000026 ], [ 40.799916391000068, 9.191599362000034 ], [ 40.793433759000038, 9.18777000700004 ], [ 40.790217373000075, 9.185870055000066 ], [ 40.782942518000027, 9.18157272600007 ], [ 40.775254575000076, 9.177031381000063 ], [ 40.768767093000065, 9.173199160000024 ], [ 40.761183605000042, 9.168719519000035 ], [ 40.754697365000027, 9.164888032000022 ], [ 40.746310713000071, 9.159933952000074 ], [ 40.739956903000063, 9.156180694000057 ], [ 40.734413593000056, 9.152906206000068 ], [ 40.727321030000041, 9.148716558000046 ], [ 40.721122779000041, 9.145055189000061 ], [ 40.710977847000038, 9.139062477000039 ], [ 40.706157498000039, 9.136215048000054 ], [ 40.696753802000046, 9.13066019200005 ], [ 40.691177666000044, 9.12736631100006 ], [ 40.685750995000035, 9.124160723000045 ], [ 40.676437204000081, 9.118658974000027 ], [ 40.666510999000025, 9.112795466000023 ], [ 40.660552119000045, 9.109275495000077 ], [ 40.654054935000033, 9.105437545000029 ], [ 40.648273497000048, 9.102022391000048 ], [ 40.641626848000044, 9.09809615000006 ], [ 40.633739578000075, 9.093437061000031 ], [ 40.625985982000032, 9.088856934000034 ], [ 40.622722219000025, 9.08692899700003 ], [ 40.622667853000053, 9.086944634000076 ], [ 40.615668, 9.082762 ], [ 40.611853104000033, 9.080739927000025 ], [ 40.611909587000071, 9.080720927000073 ], [ 40.60691685200004, 9.078009535000035 ], [ 40.602035516000058, 9.075358641000037 ], [ 40.596607510000069, 9.072410866000041 ], [ 40.591230406000079, 9.069490736000034 ], [ 40.582861165000054, 9.064945673000068 ], [ 40.574739442000066, 9.06053503000004 ], [ 40.566713996000033, 9.05617667100006 ], [ 40.559321168000054, 9.052161867000052 ], [ 40.553794487000062, 9.049160506000021 ], [ 40.543072926000036, 9.043337975000043 ], [ 40.538120766000077, 9.040648618000034 ], [ 40.530272014000047, 9.036386216000039 ], [ 40.520923960000061, 9.031309592000071 ], [ 40.513885254000058, 9.027487099000041 ], [ 40.507819830000074, 9.024193165000042 ], [ 40.49872722300006, 9.019255266000073 ], [ 40.486321007000072, 9.012517853000077 ], [ 40.479330072000039, 9.008721304000062 ], [ 40.471560072000045, 9.004501669000035 ], [ 40.465616374000035, 9.001273840000067 ], [ 40.459434754000029, 8.997916803000066 ], [ 40.450883289000046, 8.99327278100003 ], [ 40.445235613000079, 8.990205712000034 ], [ 40.435609061000036, 8.98497784400007 ], [ 40.427535842000054, 8.980593542000065 ], [ 40.423073922000071, 8.978170419000037 ], [ 40.416743457000052, 8.974732548000077 ], [ 40.410991578000051, 8.971608891000074 ], [ 40.405318451000028, 8.968527999000059 ], [ 40.398089593000066, 8.964602242000069 ], [ 40.393223382000031, 8.961959561000072 ], [ 40.389844477000054, 8.960124588000042 ], [ 40.389819026000055, 8.960110766000071 ], [ 40.383205265000072, 8.956519046000039 ], [ 40.376957617000073, 8.953126152000038 ], [ 40.370073284000057, 8.949387495000053 ], [ 40.362346258000059, 8.945191198000032 ], [ 40.357059899000035, 8.942320349000056 ], [ 40.351268177000065, 8.939175053000042 ], [ 40.345574397000064, 8.936082947000045 ], [ 40.338280243000042, 8.932121729000073 ], [ 40.32927838300003, 8.927233111000021 ], [ 40.323291711000024, 8.923981944000047 ], [ 40.323248737000029, 8.923958606000042 ], [ 40.316950919000078, 8.920538466000039 ], [ 40.310575351000068, 8.917078864000075 ], [ 40.310274715000048, 8.916915729000038 ], [ 40.310257491000073, 8.916983474000062 ], [ 40.307255, 8.915341 ], [ 40.263139, 8.964449 ], [ 40.246864501000061, 8.986141877000023 ], [ 40.232376612000053, 9.005453315000068 ], [ 40.232303164000029, 9.005468865000068 ], [ 40.227079077000042, 9.011368241000071 ], [ 40.220970004000037, 9.018267 ], [ 40.22118312200007, 9.026330666000035 ], [ 40.221436733000075, 9.035926366000069 ], [ 40.22171974400004, 9.046634491000077 ], [ 40.222014210000054, 9.057776028000035 ], [ 40.222179064000045, 9.064013503000069 ], [ 40.222539427000072, 9.077648347000036 ], [ 40.222701423000046, 9.083777708000071 ], [ 40.222982580000064, 9.094415661000028 ], [ 40.223337303000051, 9.107837132000043 ], [ 40.22346400400005, 9.112631 ], [ 40.225645907000057, 9.120624912000039 ], [ 40.22738490200004, 9.126996126000051 ], [ 40.230126660000053, 9.137041191000037 ], [ 40.231494197000075, 9.142051482000056 ], [ 40.233006670000066, 9.147592782000061 ], [ 40.23341477200006, 9.149087956000074 ], [ 40.233453175000079, 9.149086084000032 ], [ 40.23961, 9.186879 ], [ 40.285992278000037, 9.298237647000064 ], [ 40.285977009000078, 9.298262143000045 ], [ 40.287483972000075, 9.302228362000051 ], [ 40.289174224000078, 9.306676983000045 ], [ 40.290394439000067, 9.309888501000046 ], [ 40.291935808000062, 9.313945274000048 ], [ 40.293074112000056, 9.316941205000035 ], [ 40.295616775000042, 9.323633310000048 ], [ 40.296211537000033, 9.325220587000047 ], [ 40.308030047000045, 9.361495879000074 ], [ 40.339607, 9.458417 ], [ 40.343935176000059, 9.463376556000071 ], [ 40.344598, 9.465569 ], [ 40.347708175000037, 9.469061938000038 ], [ 40.354297521000035, 9.47646222700007 ], [ 40.35698070400008, 9.479475625000021 ], [ 40.36399870300005, 9.487357318000022 ], [ 40.36601588700006, 9.489622755000028 ], [ 40.372383194000065, 9.496773675000043 ], [ 40.376849352000079, 9.501789477000045 ], [ 40.380072332000054, 9.505409106000059 ], [ 40.385702387000038, 9.511732043000052 ], [ 40.390570727000068, 9.517199523000045 ], [ 40.393878134000033, 9.52091396700007 ], [ 40.397662113000081, 9.525163634000023 ], [ 40.400843194000061, 9.528736206000076 ], [ 40.406818477000058, 9.535446860000036 ], [ 40.408743940000079, 9.537639410000054 ], [ 40.408861381000065, 9.537773983000022 ], [ 40.408310693000033, 9.548307345000069 ], [ 40.407413113000075, 9.565475918000061 ], [ 40.406750246000058, 9.578154992000066 ], [ 40.406054761000064, 9.591457963000039 ], [ 40.405209830000047, 9.607619470000031 ], [ 40.404442617000029, 9.622294449000037 ], [ 40.403695316000039, 9.636588534000055 ], [ 40.402952334000076, 9.650800003000029 ], [ 40.402255881000031, 9.664121495000074 ], [ 40.40122745900004, 9.683792778000054 ], [ 40.400442983000062, 9.698797935000073 ], [ 40.399954851000075, 9.708134746000042 ], [ 40.399386366000044, 9.719008509000048 ], [ 40.399047917000075, 9.725482227000043 ], [ 40.398812815000042, 9.729979163000053 ], [ 40.39881237000003, 9.729987676000064 ], [ 40.398790150000025, 9.730412705000049 ], [ 40.398740901000053, 9.73135472000007 ], [ 40.398716226000033, 9.731826679000051 ], [ 40.398670426000081, 9.73270272600007 ], [ 40.398648950000052, 9.733113530000026 ], [ 40.398610371000075, 9.733851437000055 ], [ 40.398583621000057, 9.734363104000067 ], [ 40.398583608000081, 9.734363355000028 ], [ 40.398581787000069, 9.734398178000049 ], [ 40.39857913000003, 9.734449005000045 ], [ 40.398578268000051, 9.734465485000044 ], [ 40.39857457100004, 9.734536207000076 ], [ 40.398573363000025, 9.734559331000071 ], [ 40.39856947700008, 9.734633641000073 ], [ 40.39856700100006, 9.734681005000027 ], [ 40.398564142000055, 9.734735692000072 ], [ 40.398562330000061, 9.734770360000027 ], [ 40.398559720000037, 9.734820275000061 ], [ 40.39855982000006, 9.734820272000036 ], [ 40.39855900200007, 9.734834 ], [ 40.405142090000027, 9.744942198000047 ], [ 40.412429901000053, 9.756132485000023 ], [ 40.415862288000028, 9.761402846000067 ], [ 40.41591855300004, 9.761390772000027 ], [ 40.416076, 9.761731 ], [ 40.419619483000076, 9.769494782000038 ], [ 40.419616630000064, 9.76950838700003 ], [ 40.420301879000078, 9.771013611000058 ], [ 40.420744665000029, 9.771986240000047 ], [ 40.42174067600007, 9.774174090000031 ], [ 40.422233876000064, 9.775257459000045 ], [ 40.423222400000043, 9.777428862000022 ], [ 40.424064760000078, 9.77927919900003 ], [ 40.424974084000041, 9.781276629000047 ], [ 40.425545172000056, 9.782531088000042 ], [ 40.426321377000079, 9.784236108000073 ], [ 40.426857527000038, 9.785413822000066 ], [ 40.428075708000051, 9.788089692000028 ], [ 40.428791100000069, 9.789661131000059 ], [ 40.429822049000052, 9.791925725000056 ], [ 40.431008489000078, 9.794531870000071 ], [ 40.43191673900003, 9.79652694400005 ], [ 40.432454488000076, 9.797708168000042 ], [ 40.433272044000034, 9.799504023000054 ], [ 40.434556927000074, 9.802326411000024 ], [ 40.435570802000029, 9.804553498000075 ], [ 40.43678337800003, 9.807217057000059 ], [ 40.437167759000033, 9.808061394000049 ], [ 40.438225371000044, 9.810384556000031 ], [ 40.439599612000052, 9.813403229000073 ], [ 40.440931166000041, 9.816328135000049 ], [ 40.442444107000028, 9.819651478000026 ], [ 40.443994918000044, 9.823058009000022 ], [ 40.445447573000081, 9.826248925000073 ], [ 40.44697091200004, 9.829595109000024 ], [ 40.448249928000052, 9.832404609000037 ], [ 40.448636432000058, 9.833253609000053 ], [ 40.450058679000051, 9.836377734000052 ], [ 40.450551355000073, 9.837459951000028 ], [ 40.451747405000049, 9.840087206000021 ], [ 40.45350121000007, 9.843939635000027 ], [ 40.45417191100006, 9.845412906000035 ], [ 40.45438000300004, 9.84587 ], [ 40.45633031300008, 9.846589364000067 ], [ 40.457359006000047, 9.848849004000044 ], [ 40.471931835000078, 9.854224130000034 ], [ 40.476501792000079, 9.855909739000026 ], [ 40.485635717000036, 9.859278750000044 ], [ 40.48901126700008, 9.86052380700005 ], [ 40.495524006000039, 9.86292600400003 ], [ 40.507240329000069, 9.863105672000074 ], [ 40.512864784000044, 9.863191922000055 ], [ 40.522046501000034, 9.863332723000042 ], [ 40.528796298000032, 9.863436230000048 ], [ 40.540412479000054, 9.863614364000057 ], [ 40.553338064000059, 9.863812576000043 ], [ 40.557227429000079, 9.863872219000029 ], [ 40.560800006000079, 9.863927004000061 ], [ 40.572685159000059, 9.868733324000061 ], [ 40.577599015000033, 9.870720472000073 ], [ 40.587416939000036, 9.87469081100005 ], [ 40.590422083000078, 9.875906082000029 ], [ 40.598726242000055, 9.879716209000037 ], [ 40.624895, 9.891723 ], [ 40.678057056000057, 9.965210622000029 ], [ 40.678045657000041, 9.965246208000053 ], [ 40.682156540000051, 9.971413279000046 ], [ 40.688364484000033, 9.980726321000077 ], [ 40.691449039000076, 9.985353714000041 ], [ 40.694888645000049, 9.990513748000069 ], [ 40.699798410000028, 9.997879286000057 ], [ 40.704624956000032, 10.005119981000064 ], [ 40.711626220000028, 10.015623148000032 ], [ 40.717229459000066, 10.024029024000072 ], [ 40.718161480000049, 10.025427225000044 ], [ 40.719970046000071, 10.028140402000076 ], [ 40.722771659000045, 10.03234333000006 ], [ 40.727409585000032, 10.03930106100006 ], [ 40.731159867000031, 10.044927166000036 ], [ 40.733550953000076, 10.048514228000045 ], [ 40.734749265000062, 10.05031191300003 ], [ 40.735853266000049, 10.051968116000069 ], [ 40.738138943000081, 10.055397045000063 ], [ 40.739254043000074, 10.057069899000055 ], [ 40.743253972000048, 10.063070518000075 ], [ 40.746787896000058, 10.068372046000036 ], [ 40.747176238000065, 10.068954629000075 ], [ 40.747227491000046, 10.068946409000034 ], [ 40.748421, 10.070822 ], [ 40.760186, 10.122819 ], [ 40.704305, 10.169038 ], [ 40.627836, 10.23259 ], [ 40.627465794000045, 10.232825278000064 ], [ 40.627383920000057, 10.232829031000051 ], [ 40.621873098000037, 10.23574280400004 ], [ 40.620728700000029, 10.236347888000068 ], [ 40.621077897000077, 10.236884995000025 ], [ 40.617742173000067, 10.238582270000052 ], [ 40.609762603000036, 10.242642414000045 ], [ 40.596797894000076, 10.249239082000031 ], [ 40.588250555000059, 10.25358811600006 ], [ 40.577580927000042, 10.260127566000051 ], [ 40.575419278000027, 10.263372039000046 ], [ 40.574515563000034, 10.264728447000039 ], [ 40.535300533000054, 10.269007729000066 ], [ 40.535289707000061, 10.26898630200003 ], [ 40.527952750000054, 10.269682307000039 ], [ 40.52016810300006, 10.270420781000041 ], [ 40.517303814000059, 10.270692496000038 ], [ 40.517305002000057, 10.270716659000072 ], [ 40.486663, 10.273032 ], [ 40.513133, 10.382803 ], [ 40.546928269000034, 10.446423482000057 ], [ 40.546919528000046, 10.446432450000032 ], [ 40.547202488000039, 10.453680008000049 ], [ 40.547231956000076, 10.454434782000021 ], [ 40.547270362000063, 10.454434862000028 ], [ 40.547360475000062, 10.457726594000064 ], [ 40.548288368000044, 10.481493056000033 ], [ 40.549622093000039, 10.51565425900003 ], [ 40.550765002000048, 10.544928 ], [ 40.539207407000049, 10.566775101000076 ], [ 40.535062224000058, 10.573715288000074 ], [ 40.535073340000054, 10.573766824000074 ], [ 40.521956, 10.593678 ], [ 40.460193, 10.67745 ], [ 40.451391634000061, 10.708245992000059 ], [ 40.44622415300006, 10.724933911000051 ], [ 40.440819428000054, 10.741175609000038 ], [ 40.439030002000038, 10.746553 ], [ 40.439118257000075, 10.747088622000035 ], [ 40.439086963000079, 10.74709942800007 ], [ 40.439517863000049, 10.752020884000046 ], [ 40.439861988000075, 10.755877927000029 ], [ 40.439906381000071, 10.755879117000063 ], [ 40.439988974000073, 10.757301248000033 ], [ 40.438133698000058, 10.75779097700007 ], [ 40.437158298000043, 10.758048450000047 ], [ 40.437032321000061, 10.758489244000032 ], [ 40.437002663000044, 10.758593019000045 ], [ 40.432724516000064, 10.773562260000062 ], [ 40.413135, 10.842106 ], [ 40.433723, 10.954766 ], [ 40.474898, 11.03565 ], [ 40.477042986000072, 11.036990661000061 ], [ 40.47787700400005, 11.038629004000029 ], [ 40.503059362000045, 11.054368512000053 ], [ 40.517316531000063, 11.063279546000047 ], [ 40.542582004000053, 11.07907100400007 ], [ 40.578500303000055, 11.096710128000041 ], [ 40.612643569000056, 11.113477552000063 ], [ 40.633020870000053, 11.123484645000076 ], [ 40.671990004000065, 11.142622004000032 ], [ 40.713271903000077, 11.139918660000035 ], [ 40.716893005000031, 11.142770004000056 ], [ 40.759041421000063, 11.130088268000065 ], [ 40.774008061000075, 11.140208229000052 ], [ 40.774419082000065, 11.140646055000047 ], [ 40.782374666000067, 11.149120485000026 ], [ 40.786710946000028, 11.154154575000064 ], [ 40.788438789000054, 11.156275962000052 ], [ 40.788426290000075, 11.156288466000035 ], [ 40.788751655000056, 11.15768636100006 ], [ 40.789592388000074, 11.161298474000034 ], [ 40.789836275000027, 11.162346305000028 ], [ 40.789866965000044, 11.16234236300005 ], [ 40.790535337000051, 11.16534974700005 ], [ 40.795238287000075, 11.185555446000023 ], [ 40.79777719100008, 11.19646356100003 ], [ 40.801361, 11.211861 ], [ 40.803804983000077, 11.212541346000023 ], [ 40.804340004000039, 11.214840004000052 ], [ 40.872472466000033, 11.233806431000062 ], [ 40.981165343000043, 11.24302885700007 ], [ 41.03593375500003, 11.247675873000048 ], [ 41.130356911000035, 11.229919935000055 ], [ 41.131694424000045, 11.229668420000053 ], [ 41.13374400500004, 11.229283004000024 ], [ 41.137060351000059, 11.228262467000036 ], [ 41.140319265000073, 11.227259604000039 ], [ 41.144670311000027, 11.225920660000043 ], [ 41.146358256000042, 11.225401231000035 ], [ 41.150093814000059, 11.224251690000074 ], [ 41.151955583000074, 11.223678770000049 ], [ 41.156642797000075, 11.222236377000058 ], [ 41.158505111000068, 11.221663289000048 ], [ 41.16364218800004, 11.220082460000071 ], [ 41.165839578000032, 11.219406259000039 ], [ 41.170459558000061, 11.217984557000023 ], [ 41.174654274000034, 11.216693720000023 ], [ 41.176100615000053, 11.216248639000071 ], [ 41.179972281000062, 11.215057214000069 ], [ 41.181719259000033, 11.214519618000054 ], [ 41.183911181000042, 11.213845099000025 ], [ 41.18391159600003, 11.213844324000036 ], [ 41.183991589000073, 11.213820356000042 ], [ 41.307622846000072, 11.175775409000039 ] ], [ [ 42.185964642000044, 9.659550865000028 ], [ 42.18588823500005, 9.659268332000067 ], [ 42.18596980500007, 9.659533893000059 ], [ 42.18603952400008, 9.659559345000048 ], [ 42.185964642000044, 9.659550865000028 ] ] ] } },
{ "type": "Feature", "properties": { "Zone_Name": "Fafan", "Zone_PCode": "ET0505000" }, "geometry": { "type": "Polygon", "coordinates": [ [ [ 42.896242123000036, 10.194424348000041 ], [ 42.896253282000032, 10.194413913000062 ], [ 42.896253294000076, 10.194413943000029 ], [ 42.896268457000076, 10.19439972400005 ], [ 42.896278748000043, 10.194390232000046 ], [ 42.896305244000075, 10.194365550000043 ], [ 42.896330850000027, 10.194341699000063 ], [ 42.896385151000061, 10.194291117000034 ], [ 42.896436425000047, 10.194243355000026 ], [ 42.896503726000049, 10.194180663000054 ], [ 42.896546378000039, 10.194140933000028 ], [ 42.896566770000049, 10.194121938000023 ], [ 42.896613014000025, 10.194078861000037 ], [ 42.896641791000036, 10.194052056000032 ], [ 42.896700592000059, 10.193997283000044 ], [ 42.896769482000025, 10.193933112000025 ], [ 42.896861161000061, 10.193847712000036 ], [ 42.896947606000026, 10.193767188000038 ], [ 42.89703847800007, 10.193682541000044 ], [ 42.897093450000057, 10.193631334000031 ], [ 42.897116898000036, 10.193609492000064 ], [ 42.897155114000043, 10.193573894000053 ], [ 42.897233879000055, 10.193500524000058 ], [ 42.897442372000057, 10.193306312000061 ], [ 42.897735840000053, 10.193032945000027 ], [ 42.897977119000075, 10.192808193000076 ], [ 42.898239069000056, 10.192564186000027 ], [ 42.89846970900004, 10.192349344000036 ], [ 42.898750905000043, 10.192087410000056 ], [ 42.89907359800003, 10.191786820000061 ], [ 42.899508988000036, 10.191381252000042 ], [ 42.899646064000081, 10.191253566000057 ], [ 42.900740207000069, 10.190234368000063 ], [ 42.902447601000063, 10.188643925000065 ], [ 42.903870647000076, 10.187318353000023 ], [ 42.905951236000078, 10.185380277000036 ], [ 42.906406161000064, 10.184956513000031 ], [ 42.909114503000069, 10.182433684000046 ], [ 42.911180328000057, 10.180509361000077 ], [ 42.914300087000072, 10.17760329500004 ], [ 42.916636280000034, 10.175427124000066 ], [ 42.919200538000041, 10.173038509000037 ], [ 42.921670907000077, 10.170718328000021 ], [ 42.924298110000052, 10.168250123000064 ], [ 42.926778692000028, 10.165919665000047 ], [ 42.930143128000054, 10.162758845000042 ], [ 42.931670110000027, 10.161324276000073 ], [ 42.934191942000041, 10.158955065000043 ], [ 42.935525472000052, 10.15769296600007 ], [ 42.937612611000077, 10.155741415000023 ], [ 42.978977920000034, 10.116879529000073 ], [ 43.017398834000062, 10.080783844000052 ], [ 43.020863774000077, 10.071899984000027 ], [ 43.02924347000004, 10.050415039000029 ], [ 43.048900604000039, 10.0 ], [ 43.061820983000075, 9.966868400000067 ], [ 43.065181732000042, 9.961888313000031 ], [ 43.076381684000069, 9.933191300000033 ], [ 43.083549500000061, 9.914817810000045 ], [ 43.085895539000035, 9.908803940000041 ], [ 43.089473724000072, 9.904517173000045 ], [ 43.10169982900004, 9.895564080000042 ], [ 43.115348816000051, 9.88877868700007 ], [ 43.128849029000037, 9.886322021000069 ], [ 43.138130188000048, 9.886299134000069 ], [ 43.144481659000064, 9.892645835000053 ], [ 43.145259857000042, 9.898867607000057 ], [ 43.149890900000059, 9.899430275000043 ], [ 43.162151337000068, 9.890739441000051 ], [ 43.168483734000063, 9.888138771000058 ], [ 43.174128839000048, 9.885822468000072 ], [ 43.181808471000068, 9.882671357000049 ], [ 43.256870270000036, 9.842637062000051 ], [ 43.262989044000051, 9.815099716000077 ], [ 43.264798005000046, 9.806836597000029 ], [ 43.265952770000069, 9.801561769000045 ], [ 43.269000652000045, 9.778626469000073 ], [ 43.270968649000054, 9.766935071000034 ], [ 43.278381066000065, 9.722899666000046 ], [ 43.279451014000074, 9.721116752000057 ], [ 43.282884506000073, 9.715395331000025 ], [ 43.284164588000067, 9.713262258000043 ], [ 43.283315293000044, 9.712604247000058 ], [ 43.297706441000059, 9.619363660000033 ], [ 43.299190521000071, 9.611091614000031 ], [ 43.324790954000036, 9.606130600000029 ], [ 43.359500651000076, 9.584294408000062 ], [ 43.407316111000057, 9.536670140000069 ], [ 43.420652226000072, 9.49810678800003 ], [ 43.428765436000049, 9.481077586000026 ], [ 43.427588918000026, 9.481281205000073 ], [ 43.428081668000061, 9.480166254000039 ], [ 43.432220459000064, 9.47080135300007 ], [ 43.445518493000066, 9.44489193000004 ], [ 43.447280884000065, 9.442920684000057 ], [ 43.468303680000076, 9.419411659000048 ], [ 43.489151001000039, 9.403247833000023 ], [ 43.489979918000074, 9.402603041000077 ], [ 43.490005464000035, 9.402583170000071 ], [ 43.490186587000039, 9.40244227900007 ], [ 43.491374970000038, 9.401517868000042 ], [ 43.498236155000029, 9.398072375000027 ], [ 43.499143677000063, 9.397616644000038 ], [ 43.503435818000071, 9.395461253000065 ], [ 43.505068590000064, 9.394641321000051 ], [ 43.506361882000078, 9.393991867000068 ], [ 43.507477362000031, 9.393431704000022 ], [ 43.509034133000057, 9.392649938000034 ], [ 43.510316960000068, 9.392005739000069 ], [ 43.511537005000037, 9.391393067000024 ], [ 43.512677222000036, 9.390820482000038 ], [ 43.513625298000079, 9.390344385000049 ], [ 43.51429257500007, 9.390009298000052 ], [ 43.515451174000077, 9.389427482000031 ], [ 43.516347926000037, 9.388977159000035 ], [ 43.51755754800007, 9.388369721000061 ], [ 43.518943081000032, 9.387673946000064 ], [ 43.519920349000074, 9.387183189000041 ], [ 43.520051716000069, 9.387129423000033 ], [ 43.52086958700005, 9.386794678000058 ], [ 43.521848143000057, 9.386394166000059 ], [ 43.522948990000032, 9.385943603000044 ], [ 43.523930435000068, 9.38554190900004 ], [ 43.525241699000048, 9.385005224000054 ], [ 43.526257831000066, 9.384589334000054 ], [ 43.52724424400003, 9.384185607000063 ], [ 43.52823154400005, 9.383781516000056 ], [ 43.528648669000063, 9.38361079200007 ], [ 43.529514347000031, 9.383256481000046 ], [ 43.529970459000026, 9.383069799000054 ], [ 43.53021607800008, 9.382969270000046 ], [ 43.530216830000029, 9.382970056000033 ], [ 43.530250201000058, 9.382955304000063 ], [ 43.530909938000036, 9.382685281000022 ], [ 43.532997786000067, 9.381830750000063 ], [ 43.534870148000039, 9.381064415000026 ], [ 43.535478272000034, 9.380899781000039 ], [ 43.537773543000071, 9.380278394000072 ], [ 43.540313153000056, 9.379590859000075 ], [ 43.54207449300003, 9.379114020000031 ], [ 43.544447077000029, 9.378471703000059 ], [ 43.546148558000027, 9.378011070000071 ], [ 43.547801610000079, 9.377563548000069 ], [ 43.548532570000077, 9.377365659000077 ], [ 43.550518370000077, 9.376828054000043 ], [ 43.551609785000039, 9.376532581000049 ], [ 43.552299198000071, 9.376347736000071 ], [ 43.552997339000058, 9.376156936000029 ], [ 43.556258281000055, 9.37527411800005 ], [ 43.558803715000067, 9.374585006000075 ], [ 43.562352302000079, 9.373624316000075 ], [ 43.565608978000057, 9.372742653000046 ], [ 43.566212889000042, 9.372485120000022 ], [ 43.567984811000031, 9.371729498000036 ], [ 43.568827115000033, 9.371370304000038 ], [ 43.569808977000037, 9.370951598000033 ], [ 43.575397492000036, 9.368568420000031 ], [ 43.593860626000037, 9.360692024000059 ], [ 43.601539612000067, 9.359012604000043 ], [ 43.607269287000065, 9.358925819000035 ], [ 43.64644609700008, 9.358335362000048 ], [ 43.686282334000055, 9.318196416000035 ], [ 43.686436376000074, 9.318039062000025 ], [ 43.686436568000033, 9.318041010000059 ], [ 43.686595982000028, 9.317880385000024 ], [ 43.686945999000045, 9.317527708000057 ], [ 43.687300492000077, 9.317170522000026 ], [ 43.687901375000081, 9.316565073000049 ], [ 43.688474402000054, 9.315987691000032 ], [ 43.689219060000028, 9.315237375000038 ], [ 43.689651585000036, 9.314801562000071 ], [ 43.690058475000058, 9.314391580000063 ], [ 43.690402923000079, 9.314044516000024 ], [ 43.690831014000025, 9.313613171000043 ], [ 43.691041635000033, 9.313400949000027 ], [ 43.691043963000027, 9.313398605000032 ], [ 43.69565377300006, 9.308753766000052 ], [ 43.700642400000049, 9.303727231000039 ], [ 43.70365488300007, 9.300691857000061 ], [ 43.704067704000067, 9.300275899000042 ], [ 43.718435734000025, 9.285798688000057 ], [ 43.73519062500003, 9.268924225000035 ], [ 43.752375777000054, 9.25163124900007 ], [ 43.768106089000071, 9.235802241000044 ], [ 43.768036904000041, 9.235739766000052 ], [ 43.768345977000081, 9.235560848000034 ], [ 43.809453576000067, 9.19419533100006 ], [ 43.840252188000079, 9.162592873000051 ], [ 43.841159320000031, 9.16166206500003 ], [ 43.84482014200006, 9.157905695000068 ], [ 43.85390691200007, 9.148581759000024 ], [ 43.862127136000026, 9.140146987000037 ], [ 43.871868134000067, 9.130151749000049 ], [ 43.878764884000077, 9.12187734400004 ], [ 43.887715205000063, 9.111282945000028 ], [ 43.893502772000033, 9.104744561000075 ], [ 43.897312164000027, 9.100440979000041 ], [ 43.901882261000026, 9.095937129000049 ], [ 43.908383323000066, 9.08953030300006 ], [ 43.915828634000036, 9.082192915000064 ], [ 43.926764257000059, 9.071415811000065 ], [ 43.935302737000029, 9.063001101000054 ], [ 43.943047856000078, 9.055368252000051 ], [ 43.953609978000031, 9.044959234000032 ], [ 43.966581925000071, 9.032175323000047 ], [ 43.977067355000031, 9.021842035000077 ], [ 43.985641479000037, 9.013393402000077 ], [ 43.988378461000025, 9.011110925000025 ], [ 44.001893788000075, 8.99985861600004 ], [ 44.005859375000057, 8.996557236000058 ], [ 44.007535051000048, 8.995928028000037 ], [ 44.012885980000078, 8.993918781000048 ], [ 44.023554614000034, 8.989912762000074 ], [ 44.033794403000059, 8.986067772000069 ], [ 44.038421631000062, 8.985926628000072 ], [ 44.054648994000047, 8.980453847000035 ], [ 44.075768421000078, 8.973331188000031 ], [ 44.098055945000056, 8.965814579000039 ], [ 44.111862780000081, 8.961155978000022 ], [ 44.105755272000067, 8.91174838400002 ], [ 44.122467208000046, 8.840897588000075 ], [ 44.161961078000047, 8.746558632000074 ], [ 43.978476416000035, 8.50364423700006 ], [ 43.781452093000041, 8.57715027100005 ], [ 43.707438972000034, 8.604722238000022 ], [ 43.66856075100003, 8.633708708000029 ], [ 43.634457544000043, 8.647208794000051 ], [ 43.628280559000075, 8.653175318000024 ], [ 43.56624008600005, 8.713129910000021 ], [ 43.473859803000039, 8.802338356000064 ], [ 43.469840238000074, 8.822683686000062 ], [ 43.462797033000072, 8.831059389000075 ], [ 43.450994906000062, 8.839054378000071 ], [ 43.449662408000052, 8.844955441000025 ], [ 43.436296334000076, 8.861296082000024 ], [ 43.433003474000031, 8.880002707000074 ], [ 43.42975939400003, 8.898432212000046 ], [ 43.420135476000041, 8.897549312000024 ], [ 43.390115052000056, 8.899304892000032 ], [ 43.339729895000062, 8.878589044000023 ], [ 43.325438373000054, 8.858432786000037 ], [ 43.324352108000028, 8.840953789000025 ], [ 43.325043368000081, 8.818339719000051 ], [ 43.324672188000079, 8.800621781000075 ], [ 43.287581798000076, 8.796923309000022 ], [ 43.232628164000062, 8.793772915000034 ], [ 43.260414809000054, 8.675381762000029 ], [ 43.209729619000029, 8.599149080000075 ], [ 43.232181, 8.539078 ], [ 43.10067699800004, 8.462797203000036 ], [ 42.882478549000041, 8.473605333000023 ], [ 42.761003176000031, 8.321440693000056 ], [ 42.530081513000027, 8.538738712000054 ], [ 42.414392105000047, 8.492521969000052 ], [ 42.253293454000072, 8.509864115000028 ], [ 41.99969102700004, 8.914951846000065 ], [ 42.071220284000049, 8.999821093000037 ], [ 42.143340795000029, 9.085391861000062 ], [ 42.145070242000031, 9.086888270000031 ], [ 42.146319798000036, 9.088370865000059 ], [ 42.15237340200008, 9.093608762000031 ], [ 42.157445218000078, 9.097997165000038 ], [ 42.161228265000034, 9.101270457000055 ], [ 42.167403388000025, 9.106613498000058 ], [ 42.171347569000034, 9.110026211000047 ], [ 42.176102802000059, 9.114140690000056 ], [ 42.179385697000043, 9.116981224000028 ], [ 42.186820672000067, 9.123414356000069 ], [ 42.189586664000046, 9.125807638000026 ], [ 42.194707139000059, 9.130238142000053 ], [ 42.199488596000037, 9.134375312000031 ], [ 42.20601789300008, 9.140024803000074 ], [ 42.209829059000072, 9.143322425000065 ], [ 42.219160164000073, 9.151396189000025 ], [ 42.227593030000037, 9.158692750000057 ], [ 42.233110390000036, 9.163466659000051 ], [ 42.249861094000039, 9.177960252000048 ], [ 42.254079680000075, 9.181610395000064 ], [ 42.264229096000065, 9.190392205000023 ], [ 42.269905063000067, 9.195303351000064 ], [ 42.276342692000071, 9.200873527000056 ], [ 42.282184845000074, 9.205928466000046 ], [ 42.289089654000065, 9.211902871000063 ], [ 42.29519278500004, 9.217183620000071 ], [ 42.303718635000052, 9.224560635000046 ], [ 42.311427649000052, 9.231230881000045 ], [ 42.316350260000036, 9.235490184000071 ], [ 42.32059909700007, 9.239166501000057 ], [ 42.328229538000073, 9.245768761000022 ], [ 42.330617535000044, 9.247834982000029 ], [ 42.408836787000041, 9.448376848000066 ], [ 42.419302385000037, 9.475208998000028 ], [ 42.427872699000034, 9.497181932000046 ], [ 42.434080839000046, 9.530211682000072 ], [ 42.435200720000068, 9.530803727000034 ], [ 42.434226, 9.53113 ], [ 42.425077721000036, 9.571689090000064 ], [ 42.411780986000053, 9.665009146000045 ], [ 42.409538326000074, 9.680749687000059 ], [ 42.569795719000069, 9.68003079500005 ], [ 42.613533973000074, 9.673541043000057 ], [ 42.728156487000035, 9.711890338000046 ], [ 42.725854714000036, 9.739873251000063 ], [ 42.730028, 9.753115 ], [ 42.783773891000067, 9.770363967000037 ], [ 42.79386319300005, 9.80994507500003 ], [ 42.82025059800003, 9.837884680000059 ], [ 42.880010309000056, 9.879017988000044 ], [ 42.884666911000068, 9.908509793000064 ], [ 42.844201, 9.942541 ], [ 42.785326091000059, 9.976806606000025 ], [ 42.733327381000038, 10.042775118000066 ], [ 42.706989, 10.119554 ], [ 42.770228776000067, 10.221180199000059 ], [ 42.812832168000057, 10.300610253000059 ], [ 42.820295670000064, 10.310695342000031 ], [ 42.832630158000029, 10.27787971500004 ], [ 42.851884845000029, 10.245049853000069 ], [ 42.869359391000046, 10.220684541000026 ], [ 42.871992851000073, 10.217012625000052 ], [ 42.896242123000036, 10.194424348000041 ] ] ] } },
{ "type": "Feature", "properties": { "Zone_Name": "Jarar", "Zone_PCode": "ET0506000" }, "geometry": { "type": "Polygon", "coordinates": [ [ [ 44.252838135000047, 8.91575431800004 ], [ 44.262329562000048, 8.913193927000066 ], [ 44.261651126000061, 8.913650299000039 ], [ 44.263327401000026, 8.913250104000042 ], [ 44.26539796000003, 8.912755777000029 ], [ 44.267507929000033, 8.912252042000034 ], [ 44.268881330000056, 8.911924155000065 ], [ 44.270112254000026, 8.911630284000069 ], [ 44.270113980000076, 8.911633388000041 ], [ 44.270228026000041, 8.911596737000025 ], [ 44.270234623000078, 8.911601069000028 ], [ 44.270709991000047, 8.911487579000038 ], [ 44.271289284000034, 8.911282629000027 ], [ 44.272023937000029, 8.911022712000033 ], [ 44.272020255000029, 8.911020766000036 ], [ 44.272235250000051, 8.910951673000056 ], [ 44.272231146000081, 8.910949403000075 ], [ 44.273812495000072, 8.910389929000075 ], [ 44.274432095000066, 8.910170718000074 ], [ 44.276057319000074, 8.909595722000063 ], [ 44.277490991000036, 8.909088497000027 ], [ 44.278993920000062, 8.908556768000039 ], [ 44.281328798000061, 8.907730701000048 ], [ 44.283194304000062, 8.907070694000026 ], [ 44.284394435000081, 8.906646095000042 ], [ 44.286024392000058, 8.906069424000066 ], [ 44.286023317000058, 8.906067786000051 ], [ 44.28609534900005, 8.906044319000046 ], [ 44.320720673000039, 8.893794059000072 ], [ 44.34092232900008, 8.887792313000034 ], [ 44.343024165000031, 8.887167874000056 ], [ 44.345590086000072, 8.886405560000071 ], [ 44.349237865000077, 8.885321693000037 ], [ 44.354645461000075, 8.883714854000061 ], [ 44.360240388000079, 8.882052350000038 ], [ 44.364705978000075, 8.880725423000058 ], [ 44.368366947000027, 8.879637585000069 ], [ 44.373290338000061, 8.878174624000053 ], [ 44.37823764400008, 8.876704557000039 ], [ 44.379396415000031, 8.876339014000052 ], [ 44.38593959800005, 8.874017539000022 ], [ 44.390982216000054, 8.872228453000048 ], [ 44.395670798000026, 8.870564977000072 ], [ 44.400337605000061, 8.868899796000051 ], [ 44.400588651000078, 8.868820157000073 ], [ 44.411640100000056, 8.864899179000076 ], [ 44.432352937000076, 8.857550410000044 ], [ 44.444370269000046, 8.853286743000069 ], [ 44.466911316000051, 8.846018792000052 ], [ 44.50244903600003, 8.834555626000054 ], [ 44.520080566000047, 8.830498696000063 ], [ 44.52568817100007, 8.826692581000032 ], [ 44.556838989000028, 8.815749168000025 ], [ 44.586910248000038, 8.805898666000076 ], [ 44.619527232000053, 8.795203956000023 ], [ 44.620971822000058, 8.794728880000036 ], [ 44.638910837000026, 8.788848309000059 ], [ 44.678974492000066, 8.775711925000053 ], [ 44.690177917000028, 8.772038460000033 ], [ 44.692031861000032, 8.771430016000068 ], [ 44.707344055000078, 8.766075134000062 ], [ 44.78099823000008, 8.740300178000041 ], [ 44.792869568000071, 8.734983444000022 ], [ 44.804908752000074, 8.732884407000029 ], [ 44.830780030000028, 8.719887733000064 ], [ 44.866928100000052, 8.710700035000059 ], [ 44.948059082000043, 8.684393883000041 ], [ 44.991100311000025, 8.670425415000068 ], [ 45.0, 8.666075706000072 ], [ 45.001571655000077, 8.665308952000032 ], [ 45.068244934000063, 8.644347191000065 ], [ 45.101089477000073, 8.634014130000025 ], [ 45.123149872000056, 8.625396729000045 ], [ 45.188278198000035, 8.603647232000071 ], [ 45.238910675000056, 8.586724282000034 ], [ 45.25767898600003, 8.582180024000024 ], [ 45.269432067000025, 8.578292847000057 ], [ 45.309020996000072, 8.565198898000062 ], [ 45.429340362000062, 8.525360108000029 ], [ 45.481658936000031, 8.508019447000038 ], [ 45.494148254000038, 8.505667686000038 ], [ 45.513401032000047, 8.498128891000022 ], [ 45.529140472000051, 8.494672775000026 ], [ 45.55017852800006, 8.487819671000068 ], [ 45.595996857000046, 8.472887993000029 ], [ 45.615392818000032, 8.465884032000076 ], [ 45.615726916000028, 8.465747610000051 ], [ 45.615723073000026, 8.465764776000071 ], [ 45.618164189000026, 8.464883279000048 ], [ 45.622554802000082, 8.463297811000075 ], [ 45.625873176000027, 8.462099533000071 ], [ 45.62989174900008, 8.460648409000044 ], [ 45.632663498000056, 8.459647520000033 ], [ 45.63769559900004, 8.457830408000063 ], [ 45.640799834000063, 8.456709455000066 ], [ 45.642921752000063, 8.45594322200003 ], [ 45.642918339000062, 8.455929107000031 ], [ 45.645320983000033, 8.455076850000069 ], [ 45.656150818000071, 8.451166153000031 ], [ 45.657084644000065, 8.451016634000041 ], [ 45.657082829000046, 8.451036149000061 ], [ 45.665168762000064, 8.449908257000061 ], [ 45.666102353000042, 8.449586364000027 ], [ 45.666098194000028, 8.449573431000033 ], [ 45.666173306000076, 8.449561405000054 ], [ 45.68819760100007, 8.441956786000048 ], [ 45.755644382000071, 8.418668323000077 ], [ 45.757157175000032, 8.418185352000023 ], [ 45.757128413000032, 8.418155863000038 ], [ 45.76573181100008, 8.415184975000045 ], [ 45.777389689000074, 8.411525038000036 ], [ 45.787580387000048, 8.408325715000046 ], [ 45.794228598000075, 8.406238039000073 ], [ 45.801180521000049, 8.404054624000025 ], [ 45.807340279000073, 8.402120007000065 ], [ 45.811540581000031, 8.400800804000028 ], [ 45.81155048200003, 8.400819898000066 ], [ 45.815833764000047, 8.399452429000064 ], [ 45.830881402000045, 8.394616163000023 ], [ 45.859314077000079, 8.384064743000067 ], [ 45.859170506000055, 8.383980628000074 ], [ 45.861024239000074, 8.383430099000066 ], [ 45.894760132000044, 8.370910645000038 ], [ 45.910282135000045, 8.367093086000068 ], [ 45.91164016700003, 8.36675834600004 ], [ 45.926940918000071, 8.36006164500003 ], [ 45.977190857000039, 8.344123508000052 ], [ 46.014980729000058, 8.332138276000023 ], [ 46.051708222000059, 8.320485115000054 ], [ 46.060718536000081, 8.318984986000032 ], [ 46.069068909000066, 8.314723015000027 ], [ 46.088508606000062, 8.308066368000027 ], [ 46.021233616000075, 8.232295025000042 ], [ 46.008589855000025, 8.113945320000028 ], [ 46.010658489000036, 8.098775420000038 ], [ 46.010296414000038, 8.098371438000072 ], [ 45.98008774200008, 8.064666380000062 ], [ 45.917993714000033, 7.995385518000035 ], [ 45.81869894700003, 7.942152605000047 ], [ 45.77544720800006, 7.892570548000037 ], [ 45.757982458000072, 7.872549659000072 ], [ 45.752561717000049, 7.866864819000057 ], [ 45.743864138000049, 7.857743493000044 ], [ 45.681846859000075, 7.792704721000064 ], [ 45.665351643000065, 7.75890630300006 ], [ 45.63605147800007, 7.69887076200007 ], [ 45.61482120200003, 7.651511440000036 ], [ 45.460023800000045, 7.663412176000065 ], [ 45.354529269000068, 7.656731530000059 ], [ 44.98074911100008, 7.736721139000053 ], [ 44.983095332000062, 7.763543063000043 ], [ 44.717668367000044, 7.750501383000028 ], [ 44.674488326000073, 7.685431221000044 ], [ 44.662033296000061, 7.65115412800003 ], [ 44.659174348000079, 7.641858145000072 ], [ 44.652023733000078, 7.62326497600003 ], [ 44.650603985000032, 7.606821062000051 ], [ 44.649897324000051, 7.594667134000076 ], [ 44.654209369000057, 7.578227790000028 ], [ 44.662102107000067, 7.563220976000025 ], [ 44.670000243000061, 7.540350014000069 ], [ 44.658559143000048, 7.513174789000061 ], [ 44.651401322000027, 7.506020099000068 ], [ 44.636359983000034, 7.503863194000076 ], [ 44.621316962000037, 7.503850493000073 ], [ 44.614878130000079, 7.494551148000028 ], [ 44.597689141000046, 7.491676160000054 ], [ 44.589809715000058, 7.491668890000028 ], [ 44.561877204000041, 7.488067484000055 ], [ 44.551850435000063, 7.486627600000077 ], [ 44.498732011000072, 7.487419872000032 ], [ 44.471558440000081, 7.400958507000041 ], [ 44.459206816000062, 7.326848766000069 ], [ 44.392508049000071, 7.299675194000031 ], [ 44.357923503000052, 7.307086168000069 ], [ 44.323909190000052, 7.339826463000065 ], [ 44.323904126000059, 7.339827681000031 ], [ 44.292961683000044, 7.347267544000033 ], [ 44.279992478000054, 7.382469671000024 ], [ 44.250348582000072, 7.395438876000071 ], [ 44.239232120000054, 7.441757464000034 ], [ 44.207735481000043, 7.458432156000072 ], [ 44.194766276000053, 7.488076052000054 ], [ 44.159564149000062, 7.504750744000035 ], [ 44.139183970000033, 7.534394640000073 ], [ 44.102883102000078, 7.567593746000057 ], [ 44.096081, 7.565763 ], [ 43.932918, 7.558652 ], [ 43.824949814000036, 7.441101662000051 ], [ 43.759562974000062, 7.380985609000049 ], [ 43.708389818000057, 7.333937484000046 ], [ 43.701276680000035, 7.288851201000057 ], [ 43.562121583000078, 7.335427826000057 ], [ 43.557602236000037, 7.338157620000061 ], [ 43.479301208000038, 7.385439549000068 ], [ 43.501668702000075, 7.456885796000051 ], [ 43.482448, 7.540479 ], [ 43.317873, 7.657317 ], [ 43.308407647000081, 7.660950166000021 ], [ 43.309624876000044, 7.661229115000026 ], [ 43.125978418000045, 7.74833330000007 ], [ 42.950230866000027, 7.831691004000049 ], [ 42.878285093000045, 7.865815146000045 ], [ 42.711717, 7.944819 ], [ 42.70412549100007, 7.945339448000027 ], [ 42.691596897000068, 7.967356253000048 ], [ 42.68920907100005, 7.99165447200005 ], [ 42.693325113000071, 7.999999956000067 ], [ 42.693885876000024, 8.004258126000025 ], [ 42.691917441000044, 8.011857060000068 ], [ 42.701644894000026, 8.032600378000041 ], [ 42.70354995100007, 8.042363219000038 ], [ 42.704368573000067, 8.04655840700002 ], [ 42.702861865000045, 8.054151482000066 ], [ 42.697948432000032, 8.065463133000037 ], [ 42.694999653000025, 8.068716957000049 ], [ 42.686523381000029, 8.072047326000074 ], [ 42.680618265000078, 8.077865691000056 ], [ 42.674669820000076, 8.089228438000021 ], [ 42.686720716000025, 8.121641932000045 ], [ 42.761003176000031, 8.321440693000056 ], [ 42.882478549000041, 8.473605333000023 ], [ 43.10067699800004, 8.462797203000036 ], [ 43.232181, 8.539078 ], [ 43.209729619000029, 8.599149080000075 ], [ 43.260414809000054, 8.675381762000029 ], [ 43.232628164000062, 8.793772915000034 ], [ 43.287581798000076, 8.796923309000022 ], [ 43.324672188000079, 8.800621781000075 ], [ 43.325043368000081, 8.818339719000051 ], [ 43.324352108000028, 8.840953789000025 ], [ 43.325438373000054, 8.858432786000037 ], [ 43.339729895000062, 8.878589044000023 ], [ 43.390115052000056, 8.899304892000032 ], [ 43.420135476000041, 8.897549312000024 ], [ 43.42975939400003, 8.898432212000046 ], [ 43.433003474000031, 8.880002707000074 ], [ 43.43629633300003, 8.861296082000024 ], [ 43.449662408000052, 8.844955441000025 ], [ 43.450994906000062, 8.839054378000071 ], [ 43.462797033000072, 8.831059389000075 ], [ 43.469840238000074, 8.822683686000062 ], [ 43.473859803000039, 8.802338356000064 ], [ 43.56624008600005, 8.713129910000021 ], [ 43.628280559000075, 8.653175318000024 ], [ 43.634457544000043, 8.647208794000051 ], [ 43.66856075100003, 8.633708708000029 ], [ 43.707438972000034, 8.604722238000022 ], [ 43.781452093000041, 8.57715027100005 ], [ 43.978476416000035, 8.50364423700006 ], [ 44.161961078000047, 8.746558632000074 ], [ 44.122467208000046, 8.840897588000075 ], [ 44.105755272000067, 8.91174838400002 ], [ 44.111862780000081, 8.961155978000022 ], [ 44.124948882000069, 8.956739957000025 ], [ 44.149018409000064, 8.948616569000023 ], [ 44.179622650000056, 8.938287735000074 ], [ 44.19087888200005, 8.935054458000025 ], [ 44.234458923000034, 8.922535896000056 ], [ 44.252838135000047, 8.91575431800004 ] ] ] } },
{ "type": "Feature", "properties": { "Zone_Name": "Doollo", "Zone_PCode": "ET0503000" }, "geometry": { "type": "Polygon", "coordinates": [ [ [ 46.092991763000043, 8.307731017000037 ], [ 46.093238232000033, 8.307649773000037 ], [ 46.093251448000046, 8.307711592000032 ], [ 46.099128723000035, 8.307271957000069 ], [ 46.107706664000034, 8.302925316000028 ], [ 46.107675427000061, 8.302890865000052 ], [ 46.107959333000053, 8.302797282000029 ], [ 46.113739014000032, 8.299868584000023 ], [ 46.15005874600007, 8.287952423000036 ], [ 46.189411163000045, 8.275033951000069 ], [ 46.193370819000052, 8.271866799000065 ], [ 46.211853027000075, 8.267944336000028 ], [ 46.227272034000066, 8.263104439000074 ], [ 46.239379883000026, 8.259303093000028 ], [ 46.269950866000045, 8.248594284000035 ], [ 46.293991089000031, 8.240171432000068 ], [ 46.329830170000037, 8.229549408000025 ], [ 46.34627914400005, 8.222381592000033 ], [ 46.389907837000067, 8.208386421000057 ], [ 46.436686644000076, 8.193370052000034 ], [ 46.450801849000072, 8.188838959000066 ], [ 46.456138611000029, 8.18545341500004 ], [ 46.48062896700003, 8.179280281000047 ], [ 46.484119415000066, 8.176562309000076 ], [ 46.509204865000072, 8.167610168000067 ], [ 46.524131774000068, 8.162285805000067 ], [ 46.574217273000045, 8.147533216000056 ], [ 46.574876614000061, 8.147339009000063 ], [ 46.579128266000055, 8.146086693000029 ], [ 46.581784584000047, 8.14469026300003 ], [ 46.584757744000058, 8.143127271000026 ], [ 46.587699890000067, 8.141580582000074 ], [ 46.592938237000055, 8.139640413000052 ], [ 46.602066577000073, 8.136259477000067 ], [ 46.614277064000078, 8.131736981000074 ], [ 46.61545181300005, 8.131301880000024 ], [ 46.629081726000038, 8.127763748000064 ], [ 46.643087771000069, 8.122829914000022 ], [ 46.668528411000068, 8.113868078000053 ], [ 46.671699524000076, 8.112751006000053 ], [ 46.688202475000026, 8.10693758900004 ], [ 46.713647877000028, 8.097974054000076 ], [ 46.72049060900008, 8.095531349000055 ], [ 46.721566522000046, 8.095184590000031 ], [ 46.748485565000067, 8.085701942000071 ], [ 46.750205994000055, 8.085095405000061 ], [ 46.763137817000029, 8.081773758000054 ], [ 46.784482213000047, 8.074205476000031 ], [ 46.804018202000066, 8.067278418000058 ], [ 46.821311736000041, 8.061146490000056 ], [ 46.838861308000048, 8.054923774000031 ], [ 46.855325724000068, 8.049085833000049 ], [ 46.870250338000062, 8.043793181000069 ], [ 46.878425831000072, 8.040891690000024 ], [ 46.879307275000031, 8.040578864000054 ], [ 46.88124976000006, 8.039889474000063 ], [ 46.882665007000071, 8.039387202000057 ], [ 46.884097738000037, 8.038878724000028 ], [ 46.885217050000051, 8.038481479000041 ], [ 46.88579509300007, 8.038276331000077 ], [ 46.886841051000033, 8.037905119000072 ], [ 46.886981568000067, 8.037855250000064 ], [ 46.88702977500003, 8.037838141000066 ], [ 46.887115566000034, 8.037807693000047 ], [ 46.889308930000027, 8.037029266000047 ], [ 46.903003059000071, 8.033184808000044 ], [ 46.903089697000041, 8.033160485000053 ], [ 46.903169044000038, 8.033138210000061 ], [ 46.903576102000045, 8.033023933000038 ], [ 46.904548781000074, 8.032750865000025 ], [ 46.906706834000033, 8.032145019000041 ], [ 46.908696908000081, 8.031586330000039 ], [ 46.910826636000081, 8.03098843500004 ], [ 46.912619364000079, 8.030485149000071 ], [ 46.914653899000029, 8.029913978000025 ], [ 46.916668353000034, 8.029348445000039 ], [ 46.918628693000073, 8.028798103000042 ], [ 46.91938117400008, 8.028525458000047 ], [ 46.920431060000055, 8.028145056000028 ], [ 46.920930066000039, 8.027964252000061 ], [ 46.920986937000066, 8.02794364600004 ], [ 46.953181530000052, 8.016278656000054 ], [ 46.953386247000026, 8.016203490000066 ], [ 46.953388008000047, 8.016203843000028 ], [ 46.953765987000054, 8.016066891000037 ], [ 46.954091565000056, 8.015948925000032 ], [ 46.956309155000042, 8.015145431000064 ], [ 46.958791216000066, 8.014246111000034 ], [ 46.961301139000057, 8.013336697000057 ], [ 46.964280138000049, 8.012257323000028 ], [ 46.967013319000046, 8.011267016000033 ], [ 46.969360402000063, 8.010416603000067 ], [ 46.97046606300006, 8.010015992000035 ], [ 46.971404457000062, 8.009675986000047 ], [ 46.972923713000057, 8.00912551700003 ], [ 46.97431040500004, 8.008623080000064 ], [ 46.975411945000076, 8.008223962000045 ], [ 46.976285812000071, 8.007907336000073 ], [ 46.977336871000034, 8.007526508000069 ], [ 46.978024645000062, 8.007277309000074 ], [ 46.97918641900003, 8.006856365000033 ], [ 46.980677095000033, 8.006316252000033 ], [ 46.981668993000028, 8.005956860000026 ], [ 46.98277755600003, 8.005555197000035 ], [ 46.983813350000048, 8.005179901000076 ], [ 46.984829561000026, 8.004811699000072 ], [ 46.985851113000081, 8.004441563000057 ], [ 46.987095924000073, 8.003990533000035 ], [ 46.98812652600003, 8.003617205000069 ], [ 46.989057728000034, 8.003280046000043 ], [ 46.989201087000026, 8.003228140000033 ], [ 46.989507194000055, 8.003117308000071 ], [ 46.989643730000068, 8.003067872000031 ], [ 46.989643099000034, 8.003067471000065 ], [ 46.989669799000069, 8.003058434000025 ], [ 46.989700317000029, 8.0 ], [ 47.0, 8.0 ], [ 47.012390137000068, 8.0 ], [ 47.045224641000061, 8.0 ], [ 47.099998474000074, 8.0 ], [ 47.200000763000048, 8.0 ], [ 47.299999237000065, 8.0 ], [ 47.332399776000045, 8.0 ], [ 47.40000152600004, 8.0 ], [ 47.5, 8.0 ], [ 47.599998474000074, 8.0 ], [ 47.600362246000032, 7.999994775000062 ], [ 47.600362127000039, 8.0 ], [ 47.601088021000066, 8.0 ], [ 47.601097778000053, 8.0 ], [ 47.606809598000041, 8.0 ], [ 47.606825955000033, 8.0 ], [ 47.647655096000051, 8.0 ], [ 47.666919342000028, 8.0 ], [ 47.698827818000041, 8.0 ], [ 47.729875693000054, 8.0 ], [ 47.76429977500004, 8.0 ], [ 47.790184036000028, 8.0 ], [ 47.825402520000068, 8.0 ], [ 47.844068573000072, 8.0 ], [ 47.853777110000067, 8.0 ], [ 47.863473866000049, 8.0 ], [ 47.872180916000048, 8.0 ], [ 47.87903816000005, 8.0 ], [ 47.888911648000033, 8.0 ], [ 47.898985434000053, 8.0 ], [ 47.908882487000028, 8.0 ], [ 47.917188943000042, 8.0 ], [ 47.924232483000026, 7.999999523000042 ], [ 47.928499862000081, 7.99999929300003 ], [ 47.935192155000038, 7.999998933000029 ], [ 47.938738597000054, 7.99999874100007 ], [ 47.943427916000076, 7.999998489000063 ], [ 47.948812385000053, 7.999998199000061 ], [ 47.957436956000038, 7.999997734000033 ], [ 47.962161622000053, 7.999997480000047 ], [ 47.967711039000051, 7.999997180000037 ], [ 47.971716990000061, 7.999996964000047 ], [ 47.979563940000048, 7.999996542000076 ], [ 47.983781969000063, 7.999996315000033 ], [ 47.986179351000033, 7.999996185000043 ], [ 47.986089967000055, 7.999904473000072 ], [ 47.98607826600005, 7.999892467000052 ], [ 47.913066098000058, 7.924979062000034 ], [ 47.912204139000039, 7.924116943000058 ], [ 47.912214813000048, 7.924105610000026 ], [ 47.90800407200004, 7.91978522200003 ], [ 47.904879488000063, 7.916579274000071 ], [ 47.902816907000044, 7.914462982000032 ], [ 47.899560230000077, 7.911121503000061 ], [ 47.89518778200005, 7.906635195000035 ], [ 47.891659865000065, 7.903015412000059 ], [ 47.88469606600006, 7.89587027500005 ], [ 47.878663970000048, 7.889681104000033 ], [ 47.874127423000061, 7.885026424000046 ], [ 47.872181428000033, 7.883029757000031 ], [ 47.867855495000072, 7.878591176000043 ], [ 47.865505770000027, 7.876180264000027 ], [ 47.862683237000056, 7.873284233000049 ], [ 47.85969859800008, 7.870221873000048 ], [ 47.855797761000076, 7.866219458000046 ], [ 47.852308707000077, 7.86263954900005 ], [ 47.848199646000069, 7.858423489000074 ], [ 47.845818512000051, 7.855980349000049 ], [ 47.84321404700006, 7.853308065000022 ], [ 47.843194193000045, 7.853310923000038 ], [ 47.842956843000081, 7.85304416300005 ], [ 47.842702638000048, 7.852797025000029 ], [ 47.842706047000036, 7.852794924000023 ], [ 47.841811334000056, 7.851860448000025 ], [ 47.84121654900008, 7.851259196000058 ], [ 47.841201606000027, 7.851244091000069 ], [ 47.841200869000033, 7.851244085000076 ], [ 47.840293639000038, 7.850313297000071 ], [ 47.838809082000068, 7.84878161000006 ], [ 47.837583732000041, 7.84753269600003 ], [ 47.836487987000055, 7.84640160400005 ], [ 47.835309767000069, 7.845211602000063 ], [ 47.834626399000058, 7.844481105000057 ], [ 47.83462946800006, 7.844474965000074 ], [ 47.834491960000037, 7.844336134000059 ], [ 47.834485012000073, 7.844339718000072 ], [ 47.834166893000031, 7.844009817000028 ], [ 47.834167745000059, 7.844008803000065 ], [ 47.832103988000028, 7.841925201000038 ], [ 47.814715413000044, 7.824095292000038 ], [ 47.794943633000059, 7.803705644000047 ], [ 47.785146009000073, 7.793643219000046 ], [ 47.77252384600007, 7.780844522000052 ], [ 47.765815564000036, 7.773783172000037 ], [ 47.765618929000027, 7.773859964000053 ], [ 47.761188083000036, 7.769146145000036 ], [ 47.659004816000049, 7.66430202600003 ], [ 47.659004792000076, 7.664302002000056 ], [ 47.558032990000072, 7.560700893000046 ], [ 47.557662963000041, 7.560320854000054 ], [ 47.413865645000044, 7.412778055000047 ], [ 47.36411208700008, 7.361728569000036 ], [ 47.339317322000056, 7.336287975000062 ], [ 47.339009059000034, 7.335971312000027 ], [ 47.265772761000051, 7.26082634900007 ], [ 47.248902573000066, 7.243516631000034 ], [ 47.173518036000075, 7.166168055000071 ], [ 47.119169681000074, 7.110403729000041 ], [ 47.049686875000077, 7.03911064600004 ], [ 47.009541597000066, 6.997919438000054 ], [ 46.968336716000067, 6.955641022000066 ], [ 46.837772020000045, 6.821678964000057 ], [ 46.797237396000071, 6.78009271600007 ], [ 46.794769287000065, 6.777562618000047 ], [ 46.670811508000043, 6.650369230000024 ], [ 46.496341705000077, 6.471348762000048 ], [ 46.486934241000029, 6.461696196000048 ], [ 46.47895813000008, 6.453513146000034 ], [ 46.474595114000067, 6.449035585000047 ], [ 46.446196343000054, 6.419896910000034 ], [ 46.37824131800005, 6.350171379000074 ], [ 46.378241130000049, 6.350171396000064 ], [ 46.209443400000055, 6.176976319000062 ], [ 46.208521274000077, 6.176030175000051 ], [ 46.042170007000038, 6.005345985000076 ], [ 45.845194608000043, 6.113624457000071 ], [ 45.542771194000068, 6.29778806500002 ], [ 45.408316514000035, 6.302353830000072 ], [ 45.318764983000051, 6.305394790000037 ], [ 45.113287859000081, 6.370872329000065 ], [ 45.027914636000048, 6.473836755000036 ], [ 44.829206361000047, 6.541897770000048 ], [ 44.81647511500006, 6.789758912000025 ], [ 44.807498833000068, 6.964515686000027 ], [ 44.839791683000044, 7.068374268000071 ], [ 44.871618237000064, 7.170733171000052 ], [ 44.863882889000081, 7.191520326000045 ], [ 44.919484941000064, 7.194611313000053 ], [ 44.918408815000078, 7.212104858000032 ], [ 44.866771216000075, 7.232991845000072 ], [ 44.845211362000043, 7.241712630000052 ], [ 44.795771546000026, 7.37455553500007 ], [ 44.866936644000077, 7.490198819000057 ], [ 44.941135163000069, 7.555354728000054 ], [ 44.958108300000049, 7.558209956000042 ], [ 44.967679215000032, 7.567914583000061 ], [ 44.97529349000007, 7.573625289000063 ], [ 44.985119264000048, 7.58143552000007 ], [ 44.981480088000069, 7.595992222000064 ], [ 44.981004196000072, 7.613124342000049 ], [ 44.973865813000032, 7.646436796000046 ], [ 44.964347969000073, 7.673562651000054 ], [ 44.96103215100004, 7.692973427000027 ], [ 44.965204947000075, 7.702231967000046 ], [ 44.969304554000075, 7.71132811700005 ], [ 44.98074911100008, 7.736721139000053 ], [ 45.354529269000068, 7.656731530000059 ], [ 45.460023800000045, 7.663412176000065 ], [ 45.61482120200003, 7.651511440000036 ], [ 45.63605147800007, 7.69887076200007 ], [ 45.665351643000065, 7.75890630300006 ], [ 45.681846859000075, 7.792704721000064 ], [ 45.743864138000049, 7.857743493000044 ], [ 45.752561717000049, 7.866864819000057 ], [ 45.757982458000072, 7.872549659000072 ], [ 45.77544720800006, 7.892570548000037 ], [ 45.81869894700003, 7.942152605000047 ], [ 45.917993714000033, 7.995385518000035 ], [ 45.98008774200008, 8.064666380000062 ], [ 46.010296414000038, 8.098371438000072 ], [ 46.010658489000036, 8.098775420000038 ], [ 46.008589855000025, 8.113945320000028 ], [ 46.021233616000075, 8.232295025000042 ], [ 46.088508606000062, 8.308066368000027 ], [ 46.092991763000043, 8.307731017000037 ] ], [ [ 46.978523995000046, 7.015504402000033 ], [ 46.982524458000057, 7.01323639900005 ], [ 46.980026, 7.017028 ], [ 46.978523995000046, 7.015504402000033 ] ] ] } },
{ "type": "Feature", "properties": { "Zone_Name": "Korahea", "Zone_PCode": "ET0507000" }, "geometry": { "type": "Polygon", "coordinates": [ [ [ 44.866936644000077, 7.490198819000057 ], [ 44.795771546000026, 7.37455553500007 ], [ 44.845211362000043, 7.241712630000052 ], [ 44.866771216000075, 7.232991845000072 ], [ 44.918408815000078, 7.212104858000032 ], [ 44.919484941000064, 7.194611313000053 ], [ 44.863882889000081, 7.191520326000045 ], [ 44.871618237000064, 7.170733171000052 ], [ 44.839791683000044, 7.068374268000071 ], [ 44.807498833000068, 6.964515686000027 ], [ 44.815422683000065, 6.810248430000058 ], [ 44.81647511500006, 6.789758912000025 ], [ 44.829206361000047, 6.541897770000048 ], [ 45.027914636000048, 6.473836755000036 ], [ 45.113287859000081, 6.370872329000065 ], [ 45.318764983000051, 6.305394790000037 ], [ 45.408316514000035, 6.302353830000072 ], [ 45.542771194000068, 6.29778806500002 ], [ 45.845194608000043, 6.113624457000071 ], [ 46.042170007000038, 6.005345985000076 ], [ 45.963061371000038, 5.92417682100006 ], [ 45.81520942800006, 5.772473804000072 ], [ 45.73185258400008, 5.686945779000041 ], [ 45.680060281000067, 5.63380445100006 ], [ 45.569650882000076, 5.52051923700003 ], [ 45.569650861000071, 5.520519216000025 ], [ 45.532863617000032, 5.482773781000049 ], [ 45.494839898000066, 5.44375941900006 ], [ 45.40856900600005, 5.355240889000072 ], [ 45.407812995000029, 5.356893964000051 ], [ 45.40618061400005, 5.360463290000041 ], [ 45.359623, 5.37543 ], [ 45.274521, 5.402786 ], [ 45.196024, 5.419733 ], [ 45.057271, 5.449688 ], [ 44.956365178000055, 5.507303307000029 ], [ 44.895693318000042, 5.505660635000027 ], [ 44.873344699000029, 5.505053994000036 ], [ 44.873341569000047, 5.505051432000073 ], [ 44.813376, 5.523101 ], [ 44.769396254000071, 5.49308615800004 ], [ 44.64599318900008, 5.483469208000031 ], [ 44.639009451000049, 5.482924957000023 ], [ 44.574117093000041, 5.464927105000072 ], [ 44.566585689000078, 5.477280886000074 ], [ 44.440866068000048, 5.612883927000041 ], [ 44.357425626000065, 5.628116014000057 ], [ 44.195622277000041, 5.687602539000068 ], [ 44.152856271000076, 5.925247797000054 ], [ 44.200916174000042, 5.983492315000035 ], [ 44.213408344000072, 6.012640713000053 ], [ 44.232444032000046, 6.043573706000075 ], [ 44.262782160000029, 6.08699886900007 ], [ 44.258023238000078, 6.107819153000037 ], [ 44.219951862000073, 6.11674213200007 ], [ 44.202700770000035, 6.134588089000033 ], [ 44.197941848000028, 6.164926217000072 ], [ 44.207459692000043, 6.183367040000064 ], [ 44.226495380000074, 6.196454075000077 ], [ 44.226495380000074, 6.210135976000061 ], [ 44.20567509600005, 6.221438416000069 ], [ 44.153326954000079, 6.235715182000035 ], [ 44.117040174000067, 6.245827891000033 ], [ 44.121265502000028, 6.27229542200007 ], [ 44.12953234400004, 6.305195443000059 ], [ 44.130127209000079, 6.349096499000041 ], [ 44.09124758300004, 6.35025872500006 ], [ 44.053176207000035, 6.355017647000068 ], [ 44.022719106000068, 6.358824785000024 ], [ 43.998448604000032, 6.357873 ], [ 43.968903022000063, 6.347224898000036 ], [ 43.956107577000068, 6.331518282000047 ], [ 43.838256867000041, 6.471923594000032 ], [ 43.838253333000068, 6.471928803000026 ], [ 43.838244668000073, 6.471929101000057 ], [ 43.792243746000054, 6.492696970000054 ], [ 43.756551831000081, 6.491507240000033 ], [ 43.725083487000063, 6.475825606000058 ], [ 43.71477662500007, 6.515428225000051 ], [ 43.714709443000061, 6.541767965000076 ], [ 43.742880219000028, 6.582539362000034 ], [ 43.745056921000071, 6.586137650000069 ], [ 43.75300775200003, 6.600049813000055 ], [ 43.761017535000065, 6.614007445000027 ], [ 43.591777, 6.81952 ], [ 43.654673, 6.993456 ], [ 43.67301089800003, 7.109689889000038 ], [ 43.69632789700006, 7.257483577000073 ], [ 43.701276680000035, 7.288851201000057 ], [ 43.708389818000057, 7.333937484000046 ], [ 43.759562974000062, 7.380985609000049 ], [ 43.824949814000036, 7.441101662000051 ], [ 43.932918, 7.558652 ], [ 44.096081, 7.565763 ], [ 44.102883102000078, 7.567593746000057 ], [ 44.139183970000033, 7.534394640000073 ], [ 44.159564149000062, 7.504750744000035 ], [ 44.194766276000053, 7.488076052000054 ], [ 44.207735481000043, 7.458432156000072 ], [ 44.239232120000054, 7.441757464000034 ], [ 44.250348582000072, 7.395438876000071 ], [ 44.279992478000054, 7.382469671000024 ], [ 44.292961683000044, 7.347267544000033 ], [ 44.323904126000059, 7.339827681000031 ], [ 44.323909190000052, 7.339826463000065 ], [ 44.357923503000052, 7.307086168000069 ], [ 44.392508049000071, 7.299675194000031 ], [ 44.459206816000062, 7.326848766000069 ], [ 44.471558440000081, 7.400958507000041 ], [ 44.498732011000072, 7.487419872000032 ], [ 44.551850435000063, 7.486627600000077 ], [ 44.561877204000041, 7.488067484000055 ], [ 44.589809715000058, 7.491668890000028 ], [ 44.597689141000046, 7.491676160000054 ], [ 44.614878130000079, 7.494551148000028 ], [ 44.621316962000037, 7.503850493000073 ], [ 44.636359983000034, 7.503863194000076 ], [ 44.651401322000027, 7.506020099000068 ], [ 44.658559143000048, 7.513174789000061 ], [ 44.670000243000061, 7.540350014000069 ], [ 44.662102107000067, 7.563220976000025 ], [ 44.654209369000057, 7.578227790000028 ], [ 44.649897324000051, 7.594667134000076 ], [ 44.650603985000032, 7.606821062000051 ], [ 44.652023733000078, 7.62326497600003 ], [ 44.659174348000079, 7.641858145000072 ], [ 44.662033296000061, 7.65115412800003 ], [ 44.674488326000073, 7.685431221000044 ], [ 44.717668367000044, 7.750501383000028 ], [ 44.983095332000062, 7.763543063000043 ], [ 44.98074911100008, 7.736721139000053 ], [ 44.969304554000075, 7.71132811700005 ], [ 44.965204947000075, 7.702231967000046 ], [ 44.96103215100004, 7.692973427000027 ], [ 44.964347969000073, 7.673562651000054 ], [ 44.973865813000032, 7.646436796000046 ], [ 44.981004196000072, 7.613124342000049 ], [ 44.981480088000069, 7.595992222000064 ], [ 44.985119264000048, 7.58143552000007 ], [ 44.97529349000007, 7.573625289000063 ], [ 44.967679215000032, 7.567914583000061 ], [ 44.958108300000049, 7.558209956000042 ], [ 44.941135163000069, 7.555354728000054 ], [ 44.866936644000077, 7.490198819000057 ] ] ] } },
{ "type": "Feature", "properties": { "Zone_Name": "Shabelle", "Zone_PCode": "ET0510000" }, "geometry": { "type": "Polygon", "coordinates": [ [ [ 42.196893214000056, 6.909416978000024 ], [ 42.315646579000031, 6.892887023000071 ], [ 42.44525965400004, 6.90411914200007 ], [ 42.515290121000078, 6.928048529000023 ], [ 42.550611743000047, 6.827443839000068 ], [ 42.604863454000053, 6.761770715000068 ], [ 42.681957991000047, 6.730361830000049 ], [ 42.730962181000052, 6.738157951000062 ], [ 42.744775761000028, 6.740355566000062 ], [ 42.762916704000077, 6.745087986000044 ], [ 42.777612323000028, 6.748921626000026 ], [ 42.844203926000034, 6.761854102000029 ], [ 42.841870048000033, 6.672579164000069 ], [ 42.809747325000046, 6.47984282300007 ], [ 42.92891703600003, 6.401564549000057 ], [ 42.945061, 6.309813 ], [ 42.995399095000039, 6.313301841000055 ], [ 43.04678317500003, 6.326702061000049 ], [ 43.096156991000043, 6.344548019000058 ], [ 43.138392424000074, 6.366558033000047 ], [ 43.182412452000051, 6.376075877000062 ], [ 43.21096598400004, 6.390947508000068 ], [ 43.247252765000042, 6.404034544000069 ], [ 43.26390899200004, 6.41057806200007 ], [ 43.279970353000067, 6.414742119000039 ], [ 43.302575233000027, 6.420095906000029 ], [ 43.334044107000068, 6.429801306000059 ], [ 43.319070181000029, 6.462825915000053 ], [ 43.287045887000033, 6.537549268000021 ], [ 43.24834986500008, 6.629619114000036 ], [ 43.218994262000081, 6.709679849000054 ], [ 43.192307350000078, 6.811090114000024 ], [ 43.403470054000024, 6.743210919000035 ], [ 43.471165720000045, 6.75272876300005 ], [ 43.486156324000035, 6.755227197000067 ], [ 43.517208290000042, 6.764864014000068 ], [ 43.527915865000068, 6.770217802000047 ], [ 43.542906469000059, 6.776285427000062 ], [ 43.54968793300003, 6.784494568000071 ], [ 43.56218010300006, 6.796272900000076 ], [ 43.591777, 6.81952 ], [ 43.761017535000065, 6.614007445000027 ], [ 43.75300775200003, 6.600049813000055 ], [ 43.745056921000071, 6.586137650000069 ], [ 43.742880219000028, 6.582539362000034 ], [ 43.714709443000061, 6.541767965000076 ], [ 43.71477662500007, 6.515428225000051 ], [ 43.725083487000063, 6.475825606000058 ], [ 43.756551831000081, 6.491507240000033 ], [ 43.792243746000054, 6.492696970000054 ], [ 43.838244668000073, 6.471929101000057 ], [ 43.838256867000041, 6.471923594000032 ], [ 43.956107577000068, 6.331518282000047 ], [ 43.968903022000063, 6.347224898000036 ], [ 43.998448604000032, 6.357873 ], [ 44.022719106000068, 6.358824785000024 ], [ 44.053176207000035, 6.355017647000068 ], [ 44.09124758300004, 6.35025872500006 ], [ 44.130127209000079, 6.349096499000041 ], [ 44.12953234400004, 6.305195443000059 ], [ 44.121265502000028, 6.27229542200007 ], [ 44.117040174000067, 6.245827891000033 ], [ 44.153326954000079, 6.235715182000035 ], [ 44.20567509600005, 6.221438416000069 ], [ 44.226495380000074, 6.210135976000061 ], [ 44.226495380000074, 6.196454075000077 ], [ 44.207459692000043, 6.183367040000064 ], [ 44.197941848000028, 6.164926217000072 ], [ 44.202700770000035, 6.134588089000033 ], [ 44.219951862000073, 6.11674213200007 ], [ 44.258023238000078, 6.107819153000037 ], [ 44.262782160000029, 6.08699886900007 ], [ 44.232444032000046, 6.043573706000075 ], [ 44.213408344000072, 6.012640713000053 ], [ 44.200916174000042, 5.983492315000035 ], [ 44.152856271000076, 5.925247797000054 ], [ 44.195622277000041, 5.687602539000068 ], [ 44.357425626000065, 5.628116014000057 ], [ 44.440866068000048, 5.612883927000041 ], [ 44.566585689000078, 5.477280886000074 ], [ 44.574117093000041, 5.464927105000072 ], [ 44.639009451000049, 5.482924957000023 ], [ 44.64599318900008, 5.483469208000031 ], [ 44.769396254000071, 5.49308615800004 ], [ 44.813376, 5.523101 ], [ 44.873341569000047, 5.505051432000073 ], [ 44.873344699000029, 5.505053994000036 ], [ 44.895693318000042, 5.505660635000027 ], [ 44.956365178000055, 5.507303307000029 ], [ 45.057271, 5.449688 ], [ 45.196024, 5.419733 ], [ 45.274521, 5.402786 ], [ 45.359623, 5.37543 ], [ 45.40618061400005, 5.360463290000041 ], [ 45.407812995000029, 5.356893964000051 ], [ 45.389573572000074, 5.336381495000069 ], [ 45.386207102000071, 5.337485169000047 ], [ 45.38574111500003, 5.336998755000025 ], [ 45.389481181000065, 5.336277590000066 ], [ 45.363578061000055, 5.309381568000049 ], [ 45.34535562700006, 5.290543405000051 ], [ 45.327576444000044, 5.272163470000066 ], [ 45.324310827000033, 5.268787510000038 ], [ 45.135452351000026, 5.075008653000054 ], [ 45.135042157000044, 5.075309957000059 ], [ 45.135027552000054, 5.075294712000073 ], [ 45.135344699000029, 5.074898197000039 ], [ 45.048179626000035, 4.985462188000042 ], [ 44.981739044000051, 4.917295933000048 ], [ 44.774159439000073, 4.926606500000048 ], [ 44.58755874600007, 4.934976101000075 ], [ 44.326547122000079, 4.946683342000028 ], [ 44.243198395000036, 4.950421810000023 ], [ 44.030281067000033, 4.959679126000026 ], [ 44.015136719000054, 4.96043682100003 ], [ 44.009555817000034, 4.959356785000068 ], [ 44.007583618000069, 4.958975792000047 ], [ 43.825921747000052, 4.913026435000063 ], [ 43.798631920000048, 4.86921770500004 ], [ 43.539719044000037, 4.78974217800004 ], [ 43.512731942000073, 4.821180155000036 ], [ 43.381738329000029, 5.074533749000068 ], [ 43.325974046000056, 5.182386960000031 ], [ 43.303958, 5.224968 ], [ 43.243487834000064, 5.471173919000023 ], [ 43.235847020000051, 5.502283221000027 ], [ 43.253770226000029, 5.548213493000048 ], [ 43.310313824000048, 5.629381755000054 ], [ 43.278551441000047, 5.684038729000065 ], [ 43.23380607100006, 5.72375611700005 ], [ 43.143655553000031, 5.715105034000032 ], [ 43.094847357000049, 5.68895436400004 ], [ 43.071282773000064, 5.643471900000065 ], [ 43.018287059000045, 5.687189433000071 ], [ 42.964334847000032, 5.73169600500006 ], [ 42.856667453000057, 5.820513618000064 ], [ 42.812885, 5.826853 ], [ 42.812341821000075, 5.869197113000041 ], [ 42.811806111000067, 5.910958939000068 ], [ 42.811535909000042, 5.932022859000028 ], [ 42.811535633000062, 5.932354262000047 ], [ 42.811531632000026, 5.932356323000022 ], [ 42.811527549000061, 5.932674599000052 ], [ 42.811518601000046, 5.93337215300005 ], [ 42.811511836000079, 5.933899543000052 ], [ 42.811458139000081, 5.938085494000063 ], [ 42.811415854000074, 5.941381896000053 ], [ 42.81140018900004, 5.94260306700005 ], [ 42.811403582000025, 5.942605176000029 ], [ 42.811396053000067, 5.942925498000022 ], [ 42.811526732000061, 5.943049355000028 ], [ 42.813605291000044, 5.945019407000075 ], [ 42.866258728000048, 5.994924167000022 ], [ 42.90128530000004, 6.06697882900005 ], [ 42.915744859000029, 6.100995537000074 ], [ 42.912521275000074, 6.101415117000045 ], [ 42.90551372200008, 6.110525106000068 ], [ 42.906612378000034, 6.114447990000031 ], [ 42.911140441000043, 6.120022357000039 ], [ 42.911552461000042, 6.123705778000044 ], [ 42.907402020000063, 6.124804057000063 ], [ 42.903148575000046, 6.116014423000024 ], [ 42.898582524000062, 6.113657971000066 ], [ 42.893760756000063, 6.113367478000043 ], [ 42.889137249000044, 6.115839976000075 ], [ 42.885871895000037, 6.119707672000061 ], [ 42.885131771000033, 6.12360674200005 ], [ 42.891033108000045, 6.129198496000072 ], [ 42.890785140000048, 6.130805563000024 ], [ 42.887100206000071, 6.131449298000064 ], [ 42.880691594000041, 6.12953000300007 ], [ 42.86367318200007, 6.133020330000022 ], [ 42.862724309000043, 6.133214936000059 ], [ 42.858783659000039, 6.135923305000063 ], [ 42.855011030000071, 6.143464028000039 ], [ 42.85110099700006, 6.143875103000028 ], [ 42.849521713000058, 6.141555695000022 ], [ 42.850727155000072, 6.137202647000038 ], [ 42.849365221000028, 6.135806504000072 ], [ 42.845458969000049, 6.135986810000077 ], [ 42.840370144000076, 6.138682895000045 ], [ 42.836467672000026, 6.138173540000025 ], [ 42.830314587000032, 6.134418488000051 ], [ 42.826168116000076, 6.135055607000027 ], [ 42.817955772000062, 6.138359300000047 ], [ 42.809703759000058, 6.147034616000042 ], [ 42.806892383000047, 6.151367630000038 ], [ 42.811473932000069, 6.152344761000052 ], [ 42.812816588000032, 6.15535118300005 ], [ 42.811420446000056, 6.156712929000037 ], [ 42.806152259000044, 6.155267645000038 ], [ 42.804469140000037, 6.15661736800007 ], [ 42.803833040000029, 6.157077320000042 ], [ 42.804320215000075, 6.157563153000069 ], [ 42.805704190000029, 6.158888269000045 ], [ 42.811775199000067, 6.164763951000054 ], [ 42.812885196000025, 6.167767539000067 ], [ 42.811012206000044, 6.170502181000074 ], [ 42.805244492000043, 6.172499154000036 ], [ 42.803154109000047, 6.175712029000067 ], [ 42.801343632000055, 6.178494693000061 ], [ 42.800944510000079, 6.179001483000036 ], [ 42.800882883000043, 6.179392863000032 ], [ 42.80100257600003, 6.180953502000023 ], [ 42.810462972000039, 6.177623700000026 ], [ 42.812286443000062, 6.178795311000044 ], [ 42.813163781000071, 6.182255713000075 ], [ 42.811744769000029, 6.185456806000047 ], [ 42.799514768000051, 6.189441682000052 ], [ 42.799181618000034, 6.190197214000023 ], [ 42.798568634000048, 6.191498758000023 ], [ 42.798875341000041, 6.192142305000061 ], [ 42.800357897000026, 6.195429769000043 ], [ 42.798511555000061, 6.196096372000056 ], [ 42.798260028000072, 6.196050021000076 ], [ 42.796411892000037, 6.195709449000049 ], [ 42.795617335000031, 6.195618272000047 ], [ 42.787963843000057, 6.194353981000063 ], [ 42.78639608900005, 6.191115844000024 ], [ 42.783382483000025, 6.193147594000038 ], [ 42.781269085000076, 6.196797941000057 ], [ 42.783290819000058, 6.20027308300007 ], [ 42.782566003000056, 6.203022467000039 ], [ 42.780475663000061, 6.204835355000057 ], [ 42.776126773000044, 6.203631425000026 ], [ 42.771976522000045, 6.204728570000043 ], [ 42.768735212000081, 6.208697757000039 ], [ 42.764576304000059, 6.213689228000021 ], [ 42.762870880000037, 6.215879003000055 ], [ 42.754337339000074, 6.218530107000049 ], [ 42.754054974000042, 6.222435413000028 ], [ 42.751232070000071, 6.227687345000049 ], [ 42.753032673000064, 6.230699061000053 ], [ 42.752758056000062, 6.234145098000056 ], [ 42.751144374000035, 6.234583389000022 ], [ 42.747268739000049, 6.232235820000028 ], [ 42.745632189000048, 6.234284013000035 ], [ 42.746261559000061, 6.239119956000025 ], [ 42.742092218000039, 6.241596234000042 ], [ 42.740909646000034, 6.244110123000041 ], [ 42.745422399000063, 6.250604542000076 ], [ 42.744918902000052, 6.254276812000057 ], [ 42.740329793000058, 6.253758385000026 ], [ 42.73745718300006, 6.262688635000075 ], [ 42.734703074000038, 6.262424413000076 ], [ 42.731979395000053, 6.259630237000067 ], [ 42.728984879000052, 6.260282098000062 ], [ 42.72478870100008, 6.264827737000076 ], [ 42.714653009000074, 6.266768012000057 ], [ 42.711681361000046, 6.265581091000058 ], [ 42.708759232000034, 6.260485651000067 ], [ 42.706226443000048, 6.260913358000039 ], [ 42.701091691000045, 6.26728587100007 ], [ 42.697895133000031, 6.265635901000053 ], [ 42.688274466000053, 6.263214622000021 ], [ 42.686180157000081, 6.26525695600003 ], [ 42.687274845000047, 6.269409664000023 ], [ 42.678527925000026, 6.270448219000059 ], [ 42.676952420000077, 6.268128811000054 ], [ 42.678142553000043, 6.264925450000021 ], [ 42.675869073000058, 6.262827361000063 ], [ 42.669403005000049, 6.265273966000052 ], [ 42.666515274000062, 6.257650462000072 ], [ 42.663742076000062, 6.258994063000046 ], [ 42.657989483000051, 6.259611526000072 ], [ 42.656997611000065, 6.265115206000075 ], [ 42.651046756000028, 6.263200825000069 ], [ 42.645019546000071, 6.267261490000067 ], [ 42.640430437000077, 6.266744198000026 ], [ 42.63846351400008, 6.261354937000021 ], [ 42.636215169000025, 6.255194596000024 ], [ 42.630733414000076, 6.252595846000077 ], [ 42.624698644000034, 6.257116726000049 ], [ 42.617549907000068, 6.259325002000026 ], [ 42.616569564000031, 6.263909386000023 ], [ 42.619937922000076, 6.269930359000057 ], [ 42.616211031000034, 6.273790873000053 ], [ 42.614299863000042, 6.279514361000054 ], [ 42.612022413000034, 6.27787535300007 ], [ 42.610740614000065, 6.270272638000051 ], [ 42.608219165000037, 6.269780671000035 ], [ 42.606094428000063, 6.274351070000023 ], [ 42.606964206000043, 6.278040916000066 ], [ 42.602172867000036, 6.275450672000034 ], [ 42.594562592000045, 6.277652333000049 ], [ 42.591548987000067, 6.279452369000069 ], [ 42.587196316000075, 6.278476184000056 ], [ 42.583724954000047, 6.280501886000025 ], [ 42.581230154000025, 6.277941314000032 ], [ 42.578243198000052, 6.277902191000067 ], [ 42.578891845000044, 6.280898975000071 ], [ 42.57725907400004, 6.282717155000057 ], [ 42.564117526000075, 6.285996872000055 ], [ 42.554748606000032, 6.281968526000071 ], [ 42.551281024000048, 6.283762892000027 ], [ 42.548656380000068, 6.291086264000057 ], [ 42.540614997000034, 6.290982692000057 ], [ 42.535808538000026, 6.289310987000022 ], [ 42.53163900800007, 6.29201652200004 ], [ 42.523803635000036, 6.293524175000073 ], [ 42.519149699000025, 6.298062254000058 ], [ 42.514816307000046, 6.295707315000072 ], [ 42.510108883000044, 6.304152024000075 ], [ 42.506904577000057, 6.303191715000025 ], [ 42.502170505000038, 6.296003855000038 ], [ 42.496391263000078, 6.298687467000036 ], [ 42.489296013000057, 6.296527386000037 ], [ 42.484710684000049, 6.295778189000032 ], [ 42.478695003000041, 6.298688412000047 ], [ 42.476409993000061, 6.29773906500003 ], [ 42.47858425000004, 6.289720550000027 ], [ 42.472770609000065, 6.294932793000044 ], [ 42.466598436000027, 6.292553471000076 ], [ 42.464275437000026, 6.294362579000051 ], [ 42.467674224000064, 6.298085124000067 ], [ 42.466926539000042, 6.30244403100005 ], [ 42.46368783500003, 6.304241232000038 ], [ 42.455739913000059, 6.303903702000071 ], [ 42.448066796000035, 6.303577842000038 ], [ 42.443878178000034, 6.307662510000057 ], [ 42.439571434000072, 6.303008952000027 ], [ 42.433277168000075, 6.309822969000038 ], [ 42.430526650000047, 6.309327600000074 ], [ 42.428520226000046, 6.304704282000046 ], [ 42.43247599700004, 6.300846603000025 ], [ 42.43287904400006, 6.299586423000051 ], [ 42.433428677000052, 6.298087127000031 ], [ 42.432102154000063, 6.294404916000076 ], [ 42.42631913200006, 6.297317595000038 ], [ 42.424329070000056, 6.303229332000058 ], [ 42.423454269000047, 6.30532684800005 ], [ 42.421138831000064, 6.306676308000021 ], [ 42.419966272000067, 6.305088201000046 ], [ 42.414150178000057, 6.29646974000002 ], [ 42.412750254000059, 6.298060365000026 ], [ 42.413364505000061, 6.303816360000042 ], [ 42.410987995000028, 6.308913600000039 ], [ 42.410293632000048, 6.310213632000057 ], [ 42.407745778000049, 6.310295020000069 ], [ 42.403625523000073, 6.310355571000059 ], [ 42.400146410000048, 6.312839598000039 ], [ 42.401021343000025, 6.313160118000042 ], [ 42.404487552000035, 6.31473545700004 ], [ 42.406505505000041, 6.318440424000073 ], [ 42.40321728300006, 6.323914621000029 ], [ 42.397773705000077, 6.318556281000042 ], [ 42.395240726000054, 6.318982098000049 ], [ 42.392120336000062, 6.32882692000004 ], [ 42.389583578000043, 6.329483506000031 ], [ 42.386615711000047, 6.328065817000038 ], [ 42.378272279000043, 6.321705736000069 ], [ 42.374512758000037, 6.318839905000061 ], [ 42.374007053000071, 6.318269353000062 ], [ 42.369293847000051, 6.318306114000052 ], [ 42.366268159000072, 6.320212867000066 ], [ 42.365268727000057, 6.326176573000055 ], [ 42.357688882000048, 6.325848090000022 ], [ 42.352254928000036, 6.320265199000062 ], [ 42.35063081100003, 6.318451674000073 ], [ 42.350135933000047, 6.318455534000066 ], [ 42.348564099000043, 6.317545295000059 ], [ 42.345638241000074, 6.316034266000031 ], [ 42.344515010000066, 6.317733753000027 ], [ 42.34384938900007, 6.318504565000069 ], [ 42.343528812000045, 6.319224774000077 ], [ 42.348144571000034, 6.335147836000033 ], [ 42.34764107500007, 6.338359891000039 ], [ 42.346015864000037, 6.339718423000022 ], [ 42.336463992000063, 6.33200590000007 ], [ 42.330661692000035, 6.336297901000023 ], [ 42.32352826500005, 6.337123453000061 ], [ 42.320568146000028, 6.335015725000062 ], [ 42.319686840000031, 6.332245363000027 ], [ 42.320271948000027, 6.327421277000042 ], [ 42.320334203000073, 6.325084287000038 ], [ 42.320716890000028, 6.32375283600004 ], [ 42.318649230000062, 6.323725621000051 ], [ 42.31470876800006, 6.326202844000022 ], [ 42.314352713000062, 6.326876292000065 ], [ 42.312541883000051, 6.333530941000049 ], [ 42.308628071000044, 6.334169383000074 ], [ 42.302879850000068, 6.329348018000076 ], [ 42.301132141000039, 6.32763338500007 ], [ 42.293109847000039, 6.325918587000047 ], [ 42.289886452000076, 6.326565724000034 ], [ 42.290538880000042, 6.329332306000026 ], [ 42.293834281000045, 6.330111221000038 ], [ 42.295074, 6.330776 ], [ 42.297157283000047, 6.33263867200003 ], [ 42.298015532000079, 6.337248382000041 ], [ 42.295207936000054, 6.34111985800007 ], [ 42.288764926000056, 6.341722957000059 ], [ 42.285903844000075, 6.349271807000036 ], [ 42.27915200800004, 6.355849763000037 ], [ 42.267902349000053, 6.35501154800005 ], [ 42.269599947000074, 6.365378766000049 ], [ 42.269046745000026, 6.372497640000063 ], [ 42.26451490200003, 6.384851436000076 ], [ 42.261966615000063, 6.386197116000062 ], [ 42.256458210000062, 6.385664892000023 ], [ 42.250327995000077, 6.380066334000048 ], [ 42.246887250000043, 6.379791339000064 ], [ 42.239316040000062, 6.382417020000048 ], [ 42.237419105000072, 6.383113392000041 ], [ 42.236015402000078, 6.384934029000021 ], [ 42.236413981000055, 6.385979478000024 ], [ 42.236904080000045, 6.387245121000035 ], [ 42.242870243000027, 6.387783961000025 ], [ 42.248081163000052, 6.393369666000069 ], [ 42.247814105000032, 6.396355111000048 ], [ 42.24088290800006, 6.399021145000063 ], [ 42.238784819000045, 6.401292358000035 ], [ 42.238010486000064, 6.407488913000066 ], [ 42.23588952800003, 6.41136889400002 ], [ 42.226512860000071, 6.408025672000065 ], [ 42.222572398000068, 6.410502517000054 ], [ 42.219985934000078, 6.414835532000041 ], [ 42.22060396300003, 6.419900921000021 ], [ 42.217731541000035, 6.428598323000074 ], [ 42.212665585000025, 6.429220133000058 ], [ 42.202587159000075, 6.426558068000077 ], [ 42.199344675000077, 6.428584148000027 ], [ 42.195812265000029, 6.434743470000058 ], [ 42.192367551000075, 6.434698110000056 ], [ 42.190698753000049, 6.43386278600002 ], [ 42.18697880600007, 6.432018446000029 ], [ 42.180492492000042, 6.428792993000059 ], [ 42.178379093000046, 6.432212381000056 ], [ 42.181305002000045, 6.436849118000055 ], [ 42.175037384000063, 6.441362816000037 ], [ 42.175697372000059, 6.443670318000045 ], [ 42.179191169000035, 6.444887805000064 ], [ 42.179714115000024, 6.444907717000035 ], [ 42.179635391000033, 6.444986874000051 ], [ 42.182071775000054, 6.448123536000026 ], [ 42.180419916000062, 6.451319148000039 ], [ 42.177417839000043, 6.452428389000033 ], [ 42.170989949000045, 6.451883313000053 ], [ 42.166229228000077, 6.446763114000021 ], [ 42.161632558000065, 6.446931324000047 ], [ 42.156974843000057, 6.451236177000055 ], [ 42.145877896000059, 6.456145830000025 ], [ 42.14654166400004, 6.457993117000058 ], [ 42.150417298000036, 6.460343899000065 ], [ 42.148998286000051, 6.463312711000071 ], [ 42.137241352000046, 6.465914673000043 ], [ 42.132808735000026, 6.470682199000066 ], [ 42.130111705000047, 6.483058864000043 ], [ 42.130436028000076, 6.493177358000025 ], [ 42.131462875000068, 6.49384492400003 ], [ 42.134304102000044, 6.495987977000027 ], [ 42.140529574000027, 6.494461991000037 ], [ 42.142578145000073, 6.496098542000027 ], [ 42.144119251000063, 6.50094563600004 ], [ 42.140621239000041, 6.504805584000053 ], [ 42.133730840000055, 6.506379182000046 ], [ 42.127910610000072, 6.509922947000064 ], [ 42.126163494000025, 6.52001384700003 ], [ 42.122699691000037, 6.521116284000072 ], [ 42.11904518700004, 6.519458754000027 ], [ 42.113525442000025, 6.519614301000047 ], [ 42.110034989000042, 6.522786099000029 ], [ 42.11205672300008, 6.526261242000032 ], [ 42.119178810000051, 6.526586133000023 ], [ 42.121189203000029, 6.530750749000049 ], [ 42.117900792000057, 6.535993609000059 ], [ 42.105423011000028, 6.540652837000039 ], [ 42.098442107000039, 6.54699567800003 ], [ 42.091041622000034, 6.550343435000059 ], [ 42.079593703000057, 6.563751284000034 ], [ 42.076835627000037, 6.563714051000034 ], [ 42.073425310000061, 6.560910236000041 ], [ 42.070427014000074, 6.56155926200006 ], [ 42.067398100000048, 6.564736352000068 ], [ 42.067573492000065, 6.568646006000051 ], [ 42.07238391900006, 6.56986052000002 ], [ 42.075328918000025, 6.573116801000026 ], [ 42.06765740700007, 6.579219800000033 ], [ 42.058681419000038, 6.597027381000032 ], [ 42.055190967000044, 6.59996897700006 ], [ 42.051742473000047, 6.600151551000067 ], [ 42.048328357000059, 6.597840426000062 ], [ 42.043087029000048, 6.594059514000037 ], [ 42.041187200000024, 6.598629912000035 ], [ 42.045619946000045, 6.608267742000066 ], [ 42.046268466000072, 6.613638403000039 ], [ 42.043819407000058, 6.615199774000075 ], [ 42.043563378000044, 6.616185479000023 ], [ 42.034317050000027, 6.613477753000041 ], [ 42.02878180700003, 6.614781853000068 ], [ 42.022720387000049, 6.620905831000073 ], [ 42.022209143000055, 6.624576022000042 ], [ 42.024673513000039, 6.629435968000053 ], [ 42.031101215000035, 6.629982935000044 ], [ 42.033111609000059, 6.634376618000033 ], [ 42.030540452000025, 6.637559 ], [ 42.018020714000045, 6.645204617000047 ], [ 42.014469215000076, 6.652511547000074 ], [ 42.018119750000039, 6.654629292000038 ], [ 42.021831521000081, 6.652151124000056 ], [ 42.024360718000025, 6.652185522000025 ], [ 42.032073999000033, 6.659874042000069 ], [ 42.038028633000067, 6.661563324000042 ], [ 42.040636601000074, 6.66398386700007 ], [ 42.039176459000032, 6.665430981000043 ], [ 42.037483179000048, 6.667761390000067 ], [ 42.032192313000053, 6.667920150000043 ], [ 42.029846255000052, 6.671336136000036 ], [ 42.02826697100005, 6.686023327000044 ], [ 42.030063606000056, 6.689035420000039 ], [ 42.032115956000041, 6.690442148000045 ], [ 42.045429306000074, 6.69200083000004 ], [ 42.047378925000032, 6.693256921000057 ], [ 42.049076061000051, 6.694348400000024 ], [ 42.048888091000038, 6.694999399000039 ], [ 42.046897665000074, 6.701662589000023 ], [ 42.045940362000067, 6.704876834000061 ], [ 42.048006830000077, 6.716437631000076 ], [ 42.049358427000072, 6.723999099000025 ], [ 42.051425898000048, 6.724256517000072 ], [ 42.053588814000079, 6.717390524000052 ], [ 42.05633933200005, 6.717887973000074 ], [ 42.057365412000081, 6.727094163000061 ], [ 42.06624184900005, 6.734201849000044 ], [ 42.073511307000047, 6.740022768000074 ], [ 42.076923322000027, 6.74275489300004 ], [ 42.078922186000057, 6.748067871000046 ], [ 42.078411130000063, 6.751737685000023 ], [ 42.075599755000042, 6.755606137000029 ], [ 42.068492182000057, 6.760897383000042 ], [ 42.06748131300003, 6.761649926000075 ], [ 42.066399876000048, 6.762455003000071 ], [ 42.064681981000035, 6.763733893000051 ], [ 42.06326296800006, 6.766702139000074 ], [ 42.063896119000049, 6.770617085000026 ], [ 42.070037863000039, 6.775525982000033 ], [ 42.072742453000046, 6.779698913000061 ], [ 42.076443402000052, 6.783613802000048 ], [ 42.08022307300007, 6.787611966000043 ], [ 42.082885705000081, 6.794541840000022 ], [ 42.081410678000054, 6.800511078000056 ], [ 42.079411161000053, 6.808602858000029 ], [ 42.078459211000052, 6.812345657000037 ], [ 42.078018199000041, 6.814239988000054 ], [ 42.073551184000053, 6.821533120000026 ], [ 42.070156176000069, 6.834357337000029 ], [ 42.070774018000066, 6.839651039000046 ], [ 42.073501666000027, 6.841984811000032 ], [ 42.081516211000064, 6.844390403000034 ], [ 42.087436637000053, 6.848606048000022 ], [ 42.089893258000075, 6.854155088000027 ], [ 42.092414897000026, 6.871652520000055 ], [ 42.090087928000059, 6.890463880000027 ], [ 42.090934838000067, 6.895760038000049 ], [ 42.093193009000061, 6.898777990000042 ], [ 42.100559285000031, 6.898417001000041 ], [ 42.103752062000069, 6.900297550000062 ], [ 42.108039905000055, 6.906329675000052 ], [ 42.111011552000036, 6.907748686000048 ], [ 42.116069760000073, 6.907586146000028 ], [ 42.11936195100003, 6.90234517600004 ], [ 42.123050664000061, 6.901705222000032 ], [ 42.126705168000058, 6.903592199000059 ], [ 42.134845776000077, 6.91381124000003 ], [ 42.137752597000031, 6.919825031000073 ], [ 42.137245132000032, 6.923265020000031 ], [ 42.13515082300006, 6.925074506000044 ], [ 42.122943879000047, 6.926520357000072 ], [ 42.119911185000035, 6.929696501000024 ], [ 42.120536775000062, 6.934299974000055 ], [ 42.124412598000049, 6.936879636000072 ], [ 42.132667552000044, 6.938598591000073 ], [ 42.145855027000039, 6.949803834000022 ], [ 42.151382521000073, 6.949418463000029 ], [ 42.15998466800005, 6.942409587000043 ], [ 42.16459267700003, 6.941781918000061 ], [ 42.165255461000072, 6.935840010000049 ], [ 42.162809, 6.927355 ], [ 42.196893214000056, 6.909416978000024 ] ] ] } },
{ "type": "Feature", "properties": { "Zone_Name": "Afder", "Zone_PCode": "ET0501000" }, "geometry": { "type": "Polygon", "coordinates": [ [ [ 42.167799908000063, 6.951950454000041 ], [ 42.167329650000056, 6.945443813000054 ], [ 42.165749383000048, 6.943329519000031 ], [ 42.16459267700003, 6.941781918000061 ], [ 42.15998466800005, 6.942409587000043 ], [ 42.151382521000073, 6.949418463000029 ], [ 42.145855027000039, 6.949803834000022 ], [ 42.132667552000044, 6.938598591000073 ], [ 42.124412598000049, 6.936879636000072 ], [ 42.120536775000062, 6.934299974000055 ], [ 42.119911185000035, 6.929696501000024 ], [ 42.122943879000047, 6.926520357000072 ], [ 42.13515082300006, 6.925074506000044 ], [ 42.137245132000032, 6.923265020000031 ], [ 42.137752597000031, 6.919825031000073 ], [ 42.134845776000077, 6.91381124000003 ], [ 42.126705168000058, 6.903592199000059 ], [ 42.123050664000061, 6.901705222000032 ], [ 42.11936195100003, 6.90234517600004 ], [ 42.116069760000073, 6.907586146000028 ], [ 42.111011552000036, 6.907748686000048 ], [ 42.108039905000055, 6.906329675000052 ], [ 42.103752062000069, 6.900297550000062 ], [ 42.100559285000031, 6.898417001000041 ], [ 42.093193009000061, 6.898777990000042 ], [ 42.090934838000067, 6.895760038000049 ], [ 42.090087928000059, 6.890463880000027 ], [ 42.092414897000026, 6.871652520000055 ], [ 42.089893258000075, 6.854155088000027 ], [ 42.087436637000053, 6.848606048000022 ], [ 42.081516211000064, 6.844390403000034 ], [ 42.073501666000027, 6.841984811000032 ], [ 42.070774018000066, 6.839651039000046 ], [ 42.070156176000069, 6.834357337000029 ], [ 42.073551184000053, 6.821533120000026 ], [ 42.078018199000041, 6.814239988000054 ], [ 42.078459211000052, 6.812345657000037 ], [ 42.079411161000053, 6.808602858000029 ], [ 42.081410678000054, 6.800511078000056 ], [ 42.082885705000081, 6.794541840000022 ], [ 42.08022307300007, 6.787611966000043 ], [ 42.076443402000052, 6.783613802000048 ], [ 42.072742453000046, 6.779698913000061 ], [ 42.070037863000039, 6.775525982000033 ], [ 42.063896119000049, 6.770617085000026 ], [ 42.06326296800006, 6.766702139000074 ], [ 42.064681981000035, 6.763733893000051 ], [ 42.066399876000048, 6.762455003000071 ], [ 42.06748131300003, 6.761649926000075 ], [ 42.068492182000057, 6.760897383000042 ], [ 42.075599755000042, 6.755606137000029 ], [ 42.078411130000063, 6.751737685000023 ], [ 42.078922186000057, 6.748067871000046 ], [ 42.076923322000027, 6.74275489300004 ], [ 42.073511307000047, 6.740022768000074 ], [ 42.06624184900005, 6.734201849000044 ], [ 42.057365412000081, 6.727094163000061 ], [ 42.05633933200005, 6.717887973000074 ], [ 42.053588814000079, 6.717390524000052 ], [ 42.051425898000048, 6.724256517000072 ], [ 42.049358427000072, 6.723999099000025 ], [ 42.048006830000077, 6.716437631000076 ], [ 42.045940362000067, 6.704876834000061 ], [ 42.046897665000074, 6.701662589000023 ], [ 42.048888091000038, 6.694999399000039 ], [ 42.049076061000051, 6.694348400000024 ], [ 42.047378925000032, 6.693256921000057 ], [ 42.045429306000074, 6.69200083000004 ], [ 42.032115956000041, 6.690442148000045 ], [ 42.030063606000056, 6.689035420000039 ], [ 42.02826697100005, 6.686023327000044 ], [ 42.029846255000052, 6.671336136000036 ], [ 42.032192313000053, 6.667920150000043 ], [ 42.037483179000048, 6.667761390000067 ], [ 42.039176459000032, 6.665430981000043 ], [ 42.040636601000074, 6.66398386700007 ], [ 42.038028633000067, 6.661563324000042 ], [ 42.032073999000033, 6.659874042000069 ], [ 42.024360718000025, 6.652185522000025 ], [ 42.021831521000081, 6.652151124000056 ], [ 42.018119750000039, 6.654629292000038 ], [ 42.014469215000076, 6.652511547000074 ], [ 42.018020714000045, 6.645204617000047 ], [ 42.030540452000025, 6.637559 ], [ 42.033111609000059, 6.634376618000033 ], [ 42.031101215000035, 6.629982935000044 ], [ 42.024673513000039, 6.629435968000053 ], [ 42.022209143000055, 6.624576022000042 ], [ 42.022720387000049, 6.620905831000073 ], [ 42.02878180700003, 6.614781853000068 ], [ 42.034317050000027, 6.613477753000041 ], [ 42.043563378000044, 6.616185479000023 ], [ 42.043819407000058, 6.615199774000075 ], [ 42.046268466000072, 6.613638403000039 ], [ 42.045619946000045, 6.608267742000066 ], [ 42.041187200000024, 6.598629912000035 ], [ 42.043087029000048, 6.594059514000037 ], [ 42.048328357000059, 6.597840426000062 ], [ 42.051742473000047, 6.600151551000067 ], [ 42.055190967000044, 6.59996897700006 ], [ 42.058681419000038, 6.597027381000032 ], [ 42.06765740700007, 6.579219800000033 ], [ 42.075328918000025, 6.573116801000026 ], [ 42.07238391900006, 6.56986052000002 ], [ 42.067573492000065, 6.568646006000051 ], [ 42.067398100000048, 6.564736352000068 ], [ 42.070427014000074, 6.56155926200006 ], [ 42.073425310000061, 6.560910236000041 ], [ 42.076835627000037, 6.563714051000034 ], [ 42.079593703000057, 6.563751284000034 ], [ 42.091041622000034, 6.550343435000059 ], [ 42.098442107000039, 6.54699567800003 ], [ 42.105423011000028, 6.540652837000039 ], [ 42.117900792000057, 6.535993609000059 ], [ 42.121189203000029, 6.530750749000049 ], [ 42.119178810000051, 6.526586133000023 ], [ 42.11205672300008, 6.526261242000032 ], [ 42.110034989000042, 6.522786099000029 ], [ 42.113525442000025, 6.519614301000047 ], [ 42.11904518700004, 6.519458754000027 ], [ 42.122699691000037, 6.521116284000072 ], [ 42.126163494000025, 6.52001384700003 ], [ 42.127910610000072, 6.509922947000064 ], [ 42.133730840000055, 6.506379182000046 ], [ 42.140621239000041, 6.504805584000053 ], [ 42.144119251000063, 6.50094563600004 ], [ 42.142578145000073, 6.496098542000027 ], [ 42.140529574000027, 6.494461991000037 ], [ 42.134304102000044, 6.495987977000027 ], [ 42.131462875000068, 6.49384492400003 ], [ 42.130436028000076, 6.493177358000025 ], [ 42.130111705000047, 6.483058864000043 ], [ 42.132808735000026, 6.470682199000066 ], [ 42.137241352000046, 6.465914673000043 ], [ 42.148998286000051, 6.463312711000071 ], [ 42.150417298000036, 6.460343899000065 ], [ 42.14654166400004, 6.457993117000058 ], [ 42.145877896000059, 6.456145830000025 ], [ 42.156974843000057, 6.451236177000055 ], [ 42.161632558000065, 6.446931324000047 ], [ 42.166229228000077, 6.446763114000021 ], [ 42.170989949000045, 6.451883313000053 ], [ 42.177417839000043, 6.452428389000033 ], [ 42.180419916000062, 6.451319148000039 ], [ 42.182071775000054, 6.448123536000026 ], [ 42.179635391000033, 6.444986874000051 ], [ 42.179714115000024, 6.444907717000035 ], [ 42.179191169000035, 6.444887805000064 ], [ 42.175697372000059, 6.443670318000045 ], [ 42.175037384000063, 6.441362816000037 ], [ 42.181305002000045, 6.436849118000055 ], [ 42.178379093000046, 6.432212381000056 ], [ 42.180492492000042, 6.428792993000059 ], [ 42.18697880600007, 6.432018446000029 ], [ 42.190698753000049, 6.43386278600002 ], [ 42.192367551000075, 6.434698110000056 ], [ 42.195812265000029, 6.434743470000058 ], [ 42.199344675000077, 6.428584148000027 ], [ 42.202587159000075, 6.426558068000077 ], [ 42.212665585000025, 6.429220133000058 ], [ 42.217731541000035, 6.428598323000074 ], [ 42.22060396300003, 6.419900921000021 ], [ 42.219985934000078, 6.414835532000041 ], [ 42.222572398000068, 6.410502517000054 ], [ 42.226512860000071, 6.408025672000065 ], [ 42.23588952800003, 6.41136889400002 ], [ 42.238010486000064, 6.407488913000066 ], [ 42.238784819000045, 6.401292358000035 ], [ 42.24088290800006, 6.399021145000063 ], [ 42.247814105000032, 6.396355111000048 ], [ 42.248081163000052, 6.393369666000069 ], [ 42.242870243000027, 6.387783961000025 ], [ 42.236904080000045, 6.387245121000035 ], [ 42.236413981000055, 6.385979478000024 ], [ 42.236015402000078, 6.384934029000021 ], [ 42.237419105000072, 6.383113392000041 ], [ 42.239316040000062, 6.382417020000048 ], [ 42.246887250000043, 6.379791339000064 ], [ 42.250327995000077, 6.380066334000048 ], [ 42.256458210000062, 6.385664892000023 ], [ 42.261966615000063, 6.386197116000062 ], [ 42.26451490200003, 6.384851436000076 ], [ 42.269046745000026, 6.372497640000063 ], [ 42.269599947000074, 6.365378766000049 ], [ 42.267902349000053, 6.35501154800005 ], [ 42.27915200800004, 6.355849763000037 ], [ 42.285903844000075, 6.349271807000036 ], [ 42.288764926000056, 6.341722957000059 ], [ 42.295207936000054, 6.34111985800007 ], [ 42.298015532000079, 6.337248382000041 ], [ 42.297157283000047, 6.33263867200003 ], [ 42.295074, 6.330776 ], [ 42.293834281000045, 6.330111221000038 ], [ 42.290538880000042, 6.329332306000026 ], [ 42.289886452000076, 6.326565724000034 ], [ 42.293109847000039, 6.325918587000047 ], [ 42.301132141000039, 6.32763338500007 ], [ 42.302879850000068, 6.329348018000076 ], [ 42.308628071000044, 6.334169383000074 ], [ 42.312541883000051, 6.333530941000049 ], [ 42.314352713000062, 6.326876292000065 ], [ 42.31470876800006, 6.326202844000022 ], [ 42.318649230000062, 6.323725621000051 ], [ 42.320716890000028, 6.32375283600004 ], [ 42.320334203000073, 6.325084287000038 ], [ 42.320271948000027, 6.327421277000042 ], [ 42.319686840000031, 6.332245363000027 ], [ 42.320568146000028, 6.335015725000062 ], [ 42.32352826500005, 6.337123453000061 ], [ 42.330661692000035, 6.336297901000023 ], [ 42.336463992000063, 6.33200590000007 ], [ 42.346015864000037, 6.339718423000022 ], [ 42.34764107500007, 6.338359891000039 ], [ 42.348144571000034, 6.335147836000033 ], [ 42.343528812000045, 6.319224774000077 ], [ 42.34384938900007, 6.318504565000069 ], [ 42.344515010000066, 6.317733753000027 ], [ 42.345638241000074, 6.316034266000031 ], [ 42.348564099000043, 6.317545295000059 ], [ 42.350135933000047, 6.318455534000066 ], [ 42.35063081100003, 6.318451674000073 ], [ 42.352254928000036, 6.320265199000062 ], [ 42.357688882000048, 6.325848090000022 ], [ 42.365268727000057, 6.326176573000055 ], [ 42.366268159000072, 6.320212867000066 ], [ 42.369293847000051, 6.318306114000052 ], [ 42.374007053000071, 6.318269353000062 ], [ 42.374512758000037, 6.318839905000061 ], [ 42.378272279000043, 6.321705736000069 ], [ 42.386615711000047, 6.328065817000038 ], [ 42.389583578000043, 6.329483506000031 ], [ 42.392120336000062, 6.32882692000004 ], [ 42.395240726000054, 6.318982098000049 ], [ 42.397773705000077, 6.318556281000042 ], [ 42.40321728300006, 6.323914621000029 ], [ 42.406505505000041, 6.318440424000073 ], [ 42.404487552000035, 6.31473545700004 ], [ 42.401021343000025, 6.313160118000042 ], [ 42.400146410000048, 6.312839598000039 ], [ 42.403625523000073, 6.310355571000059 ], [ 42.407745778000049, 6.310295020000069 ], [ 42.410293632000048, 6.310213632000057 ], [ 42.410987995000028, 6.308913600000039 ], [ 42.413364505000061, 6.303816360000042 ], [ 42.412750254000059, 6.298060365000026 ], [ 42.414150178000057, 6.29646974000002 ], [ 42.419966272000067, 6.305088201000046 ], [ 42.421138831000064, 6.306676308000021 ], [ 42.423454269000047, 6.30532684800005 ], [ 42.424329070000056, 6.303229332000058 ], [ 42.42631913200006, 6.297317595000038 ], [ 42.432102154000063, 6.294404916000076 ], [ 42.433428677000052, 6.298087127000031 ], [ 42.43287904400006, 6.299586423000051 ], [ 42.43247599700004, 6.300846603000025 ], [ 42.428520226000046, 6.304704282000046 ], [ 42.430526650000047, 6.309327600000074 ], [ 42.433277168000075, 6.309822969000038 ], [ 42.439571434000072, 6.303008952000027 ], [ 42.443878178000034, 6.307662510000057 ], [ 42.448066796000035, 6.303577842000038 ], [ 42.455739913000059, 6.303903702000071 ], [ 42.46368783500003, 6.304241232000038 ], [ 42.466926539000042, 6.30244403100005 ], [ 42.467674224000064, 6.298085124000067 ], [ 42.464275437000026, 6.294362579000051 ], [ 42.466598436000027, 6.292553471000076 ], [ 42.472770609000065, 6.294932793000044 ], [ 42.47858425000004, 6.289720550000027 ], [ 42.476409993000061, 6.29773906500003 ], [ 42.478695003000041, 6.298688412000047 ], [ 42.484710684000049, 6.295778189000032 ], [ 42.489296013000057, 6.296527386000037 ], [ 42.496391263000078, 6.298687467000036 ], [ 42.502170505000038, 6.296003855000038 ], [ 42.506904577000057, 6.303191715000025 ], [ 42.510108883000044, 6.304152024000075 ], [ 42.514816307000046, 6.295707315000072 ], [ 42.519149699000025, 6.298062254000058 ], [ 42.523803635000036, 6.293524175000073 ], [ 42.53163900800007, 6.29201652200004 ], [ 42.535808538000026, 6.289310987000022 ], [ 42.540614997000034, 6.290982692000057 ], [ 42.548656380000068, 6.291086264000057 ], [ 42.551281024000048, 6.283762892000027 ], [ 42.554748606000032, 6.281968526000071 ], [ 42.564117526000075, 6.285996872000055 ], [ 42.57725907400004, 6.282717155000057 ], [ 42.578891845000044, 6.280898975000071 ], [ 42.578243198000052, 6.277902191000067 ], [ 42.581230154000025, 6.277941314000032 ], [ 42.583724954000047, 6.280501886000025 ], [ 42.587196316000075, 6.278476184000056 ], [ 42.591548987000067, 6.279452369000069 ], [ 42.594562592000045, 6.277652333000049 ], [ 42.602172867000036, 6.275450672000034 ], [ 42.606964206000043, 6.278040916000066 ], [ 42.606094428000063, 6.274351070000023 ], [ 42.608219165000037, 6.269780671000035 ], [ 42.610740614000065, 6.270272638000051 ], [ 42.612022413000034, 6.27787535300007 ], [ 42.614299863000042, 6.279514361000054 ], [ 42.616211031000034, 6.273790873000053 ], [ 42.619937922000076, 6.269930359000057 ], [ 42.616569564000031, 6.263909386000023 ], [ 42.617549907000068, 6.259325002000026 ], [ 42.624698644000034, 6.257116726000049 ], [ 42.630733414000076, 6.252595846000077 ], [ 42.636215169000025, 6.255194596000024 ], [ 42.63846351400008, 6.261354937000021 ], [ 42.640430437000077, 6.266744198000026 ], [ 42.645019546000071, 6.267261490000067 ], [ 42.651046756000028, 6.263200825000069 ], [ 42.656997611000065, 6.265115206000075 ], [ 42.657989483000051, 6.259611526000072 ], [ 42.663742076000062, 6.258994063000046 ], [ 42.666515274000062, 6.257650462000072 ], [ 42.669403005000049, 6.265273966000052 ], [ 42.675869073000058, 6.262827361000063 ], [ 42.678142553000043, 6.264925450000021 ], [ 42.676952420000077, 6.268128811000054 ], [ 42.678527925000026, 6.270448219000059 ], [ 42.687274845000047, 6.269409664000023 ], [ 42.686180157000081, 6.26525695600003 ], [ 42.688274466000053, 6.263214622000021 ], [ 42.697895133000031, 6.265635901000053 ], [ 42.701091691000045, 6.26728587100007 ], [ 42.706226443000048, 6.260913358000039 ], [ 42.708759232000034, 6.260485651000067 ], [ 42.711681361000046, 6.265581091000058 ], [ 42.714653009000074, 6.266768012000057 ], [ 42.72478870100008, 6.264827737000076 ], [ 42.728984879000052, 6.260282098000062 ], [ 42.731979395000053, 6.259630237000067 ], [ 42.734703074000038, 6.262424413000076 ], [ 42.73745718300006, 6.262688635000075 ], [ 42.740329793000058, 6.253758385000026 ], [ 42.744918902000052, 6.254276812000057 ], [ 42.745422399000063, 6.250604542000076 ], [ 42.740909646000034, 6.244110123000041 ], [ 42.742092218000039, 6.241596234000042 ], [ 42.746261559000061, 6.239119956000025 ], [ 42.745632189000048, 6.234284013000035 ], [ 42.747268739000049, 6.232235820000028 ], [ 42.751144374000035, 6.234583389000022 ], [ 42.752758056000062, 6.234145098000056 ], [ 42.753032673000064, 6.230699061000053 ], [ 42.751232070000071, 6.227687345000049 ], [ 42.754054974000042, 6.222435413000028 ], [ 42.754337339000074, 6.218530107000049 ], [ 42.762870880000037, 6.215879003000055 ], [ 42.764576304000059, 6.213689228000021 ], [ 42.768735212000081, 6.208697757000039 ], [ 42.771976522000045, 6.204728570000043 ], [ 42.776126773000044, 6.203631425000026 ], [ 42.780475663000061, 6.204835355000057 ], [ 42.782566003000056, 6.203022467000039 ], [ 42.783290819000058, 6.20027308300007 ], [ 42.781269085000076, 6.196797941000057 ], [ 42.783382483000025, 6.193147594000038 ], [ 42.78639608900005, 6.191115844000024 ], [ 42.787963843000057, 6.194353981000063 ], [ 42.795617335000031, 6.195618272000047 ], [ 42.796411892000037, 6.195709449000049 ], [ 42.798260028000072, 6.196050021000076 ], [ 42.798511555000061, 6.196096372000056 ], [ 42.800357897000026, 6.195429769000043 ], [ 42.798875341000041, 6.192142305000061 ], [ 42.798568634000048, 6.191498758000023 ], [ 42.799181618000034, 6.190197214000023 ], [ 42.799514768000051, 6.189441682000052 ], [ 42.811744769000029, 6.185456806000047 ], [ 42.813163781000071, 6.182255713000075 ], [ 42.812286443000062, 6.178795311000044 ], [ 42.810462972000039, 6.177623700000026 ], [ 42.80100257600003, 6.180953502000023 ], [ 42.800882883000043, 6.179392863000032 ], [ 42.800944510000079, 6.179001483000036 ], [ 42.801343632000055, 6.178494693000061 ], [ 42.803154109000047, 6.175712029000067 ], [ 42.805244492000043, 6.172499154000036 ], [ 42.811012206000044, 6.170502181000074 ], [ 42.812885196000025, 6.167767539000067 ], [ 42.811775199000067, 6.164763951000054 ], [ 42.805704190000029, 6.158888269000045 ], [ 42.804320215000075, 6.157563153000069 ], [ 42.803833040000029, 6.157077320000042 ], [ 42.804469140000037, 6.15661736800007 ], [ 42.806152259000044, 6.155267645000038 ], [ 42.811420446000056, 6.156712929000037 ], [ 42.812816588000032, 6.15535118300005 ], [ 42.811473932000069, 6.152344761000052 ], [ 42.806892383000047, 6.151367630000038 ], [ 42.809703759000058, 6.147034616000042 ], [ 42.817955772000062, 6.138359300000047 ], [ 42.826168116000076, 6.135055607000027 ], [ 42.830314587000032, 6.134418488000051 ], [ 42.836467672000026, 6.138173540000025 ], [ 42.840370144000076, 6.138682895000045 ], [ 42.845458969000049, 6.135986810000077 ], [ 42.849365221000028, 6.135806504000072 ], [ 42.850727155000072, 6.137202647000038 ], [ 42.849521713000058, 6.141555695000022 ], [ 42.85110099700006, 6.143875103000028 ], [ 42.855011030000071, 6.143464028000039 ], [ 42.858783659000039, 6.135923305000063 ], [ 42.862724309000043, 6.133214936000059 ], [ 42.86367318200007, 6.133020330000022 ], [ 42.880691594000041, 6.12953000300007 ], [ 42.887100206000071, 6.131449298000064 ], [ 42.890785140000048, 6.130805563000024 ], [ 42.891033108000045, 6.129198496000072 ], [ 42.885131771000033, 6.12360674200005 ], [ 42.885871895000037, 6.119707672000061 ], [ 42.889137249000044, 6.115839976000075 ], [ 42.893760756000063, 6.113367478000043 ], [ 42.898582524000062, 6.113657971000066 ], [ 42.903148575000046, 6.116014423000024 ], [ 42.907402020000063, 6.124804057000063 ], [ 42.911552461000042, 6.123705778000044 ], [ 42.911140441000043, 6.120022357000039 ], [ 42.906612378000034, 6.114447990000031 ], [ 42.90551372200008, 6.110525106000068 ], [ 42.912521275000074, 6.101415117000045 ], [ 42.915744859000029, 6.100995537000074 ], [ 42.90128530000004, 6.06697882900005 ], [ 42.866258728000048, 5.994924167000022 ], [ 42.813605291000044, 5.945019407000075 ], [ 42.811526732000061, 5.943049355000028 ], [ 42.811396053000067, 5.942925498000022 ], [ 42.81140018900004, 5.94260306700005 ], [ 42.811415854000074, 5.941381896000053 ], [ 42.811458139000081, 5.938085494000063 ], [ 42.811511836000079, 5.933899543000052 ], [ 42.811518601000046, 5.93337215300005 ], [ 42.811527549000061, 5.932674599000052 ], [ 42.811531632000026, 5.932356323000022 ], [ 42.811535909000042, 5.932022859000028 ], [ 42.811806111000067, 5.910958939000068 ], [ 42.812341821000075, 5.869197113000041 ], [ 42.812885, 5.826853 ], [ 42.856667453000057, 5.820513618000064 ], [ 42.964334847000032, 5.73169600500006 ], [ 43.018287059000045, 5.687189433000071 ], [ 43.071282773000064, 5.643471900000065 ], [ 43.094847357000049, 5.68895436400004 ], [ 43.143655553000031, 5.715105034000032 ], [ 43.23380607100006, 5.72375611700005 ], [ 43.278551441000047, 5.684038729000065 ], [ 43.310313824000048, 5.629381755000054 ], [ 43.253770226000029, 5.548213493000048 ], [ 43.235847020000051, 5.502283221000027 ], [ 43.243487834000064, 5.471173919000023 ], [ 43.303958, 5.224968 ], [ 43.325974046000056, 5.182386960000031 ], [ 43.381738329000029, 5.074533749000068 ], [ 43.512731942000073, 4.821180155000036 ], [ 43.539719044000037, 4.78974217800004 ], [ 43.330851090000067, 4.600897774000032 ], [ 43.181063710000046, 4.635254836000058 ], [ 43.123543382000037, 4.612405831000046 ], [ 43.082447622000075, 4.588142097000059 ], [ 43.057803513000067, 4.56682986900006 ], [ 43.022216400000048, 4.503937173000054 ], [ 43.019981809000058, 4.443818132000047 ], [ 43.01611209500004, 4.382947905000037 ], [ 42.914956249000056, 4.255566470000076 ], [ 42.693911995000065, 4.204988547000028 ], [ 42.605004575000066, 4.20392965700006 ], [ 42.585087331000068, 4.214725171000055 ], [ 42.573940277000077, 4.212010860000021 ], [ 42.56571579000007, 4.20983886700003 ], [ 42.554531097000051, 4.206250191000038 ], [ 42.542629242000032, 4.204951763000054 ], [ 42.527348192000034, 4.203004767000039 ], [ 42.516747955000028, 4.202878518000034 ], [ 42.494118612000079, 4.202609002000031 ], [ 42.48582839900007, 4.203320026000029 ], [ 42.47552108800005, 4.202731133000043 ], [ 42.472099392000075, 4.202346753000029 ], [ 42.456862233000038, 4.200635069000043 ], [ 42.445549011000026, 4.199364185000036 ], [ 42.419036064000068, 4.19525145800003 ], [ 42.370979309000063, 4.189451217000055 ], [ 42.326998249000042, 4.186269788000061 ], [ 42.266151204000039, 4.182680943000037 ], [ 42.193443203000072, 4.178970202000073 ], [ 42.138561303000074, 4.179476101000034 ], [ 42.117179871000076, 4.179673195000021 ], [ 42.097740173000034, 4.179727078000042 ], [ 42.08766937300004, 4.179365158000053 ], [ 42.08454637300008, 4.17779770900006 ], [ 42.075090575000047, 4.18365760100005 ], [ 42.055798271000072, 4.214615019000064 ], [ 42.056246929000054, 4.234355982000068 ], [ 42.059083136000027, 4.27860266600004 ], [ 42.026878, 4.280844 ], [ 42.001929, 4.289982 ], [ 41.999361658000055, 4.298511655000027 ], [ 41.997566188000064, 4.288515134000022 ], [ 41.982883533000063, 4.287438778000023 ], [ 41.979907917000048, 4.289294759000029 ], [ 41.97399598100003, 4.311945653000066 ], [ 41.973834969000052, 4.312562549000063 ], [ 41.971538619000057, 4.311654026000042 ], [ 41.969890539000062, 4.303839632000063 ], [ 41.96804419700004, 4.301318560000027 ], [ 41.96620938600006, 4.30155802400003 ], [ 41.966243783000039, 4.30845935900004 ], [ 41.96441653200003, 4.30938905000005 ], [ 41.960502530000042, 4.306648172000052 ], [ 41.955192575000069, 4.299772730000029 ], [ 41.949680390000026, 4.298650258000066 ], [ 41.947628039000051, 4.300500947000046 ], [ 41.945369678000077, 4.308104984000067 ], [ 41.935783408000077, 4.317355589000044 ], [ 41.935802497000054, 4.320805973000063 ], [ 41.940647134000073, 4.326764199000024 ], [ 41.941581739000071, 4.330210236000028 ], [ 41.940452653000079, 4.333666857000026 ], [ 41.934978457000057, 4.340136138000048 ], [ 41.93177415100007, 4.340842243000054 ], [ 41.92946627200007, 4.338093237000066 ], [ 41.932395961000054, 4.328185479000069 ], [ 41.93123625700008, 4.325430804000064 ], [ 41.918395974000077, 4.325955468000075 ], [ 41.917484238000043, 4.327569906000065 ], [ 41.92162711900005, 4.330540230000054 ], [ 41.920963351000069, 4.335145026000021 ], [ 41.919136098000081, 4.336994581000056 ], [ 41.885250098000029, 4.349126868000042 ], [ 41.882976617000054, 4.353509401000053 ], [ 41.882350838000036, 4.365935395000065 ], [ 41.885635469000079, 4.380873768000072 ], [ 41.884956544000033, 4.385094564000042 ], [ 41.88246537200007, 4.388711975000035 ], [ 41.868694264000055, 4.387399182000024 ], [ 41.866436093000061, 4.395002841000064 ], [ 41.863685575000034, 4.395246462000046 ], [ 41.859275827000033, 4.384684952000043 ], [ 41.855140696000035, 4.383324530000039 ], [ 41.85170751000004, 4.384952010000063 ], [ 41.84898761200003, 4.391407493000031 ], [ 41.849719986000025, 4.400376300000062 ], [ 41.84491730700006, 4.403850498000054 ], [ 41.845390374000033, 4.406839344000048 ], [ 41.851833385000077, 4.410948771000051 ], [ 41.852542891000041, 4.415086737000024 ], [ 41.841121620000081, 4.424575294000022 ], [ 41.834735877000071, 4.432198609000068 ], [ 41.825569187000042, 4.434773923000023 ], [ 41.823295518000066, 4.438696429000061 ], [ 41.819850992000056, 4.437562429000025 ], [ 41.81408687000004, 4.432299536000073 ], [ 41.81110766300003, 4.432313900000054 ], [ 41.809558808000077, 4.444054579000067 ], [ 41.805042275000062, 4.459260953000069 ], [ 41.797042849000036, 4.465051157000062 ], [ 41.788326358000063, 4.465553331000024 ], [ 41.784667885000033, 4.467641403000073 ], [ 41.77828214200008, 4.47595456800002 ], [ 41.774877252000067, 4.483654863000027 ], [ 41.771247939000034, 4.491862699000023 ], [ 41.77745432100005, 4.494133534000071 ], [ 41.784092001000033, 4.491340681000054 ], [ 41.787074989000075, 4.491556141000046 ], [ 41.788238473000035, 4.495001800000068 ], [ 41.784583968000049, 4.498239937000051 ], [ 41.763969359000043, 4.505241442000056 ], [ 41.760097505000033, 4.510551398000075 ], [ 41.761959156000046, 4.516063772000052 ], [ 41.759452826000029, 4.519527008000068 ], [ 41.747527747000049, 4.526946140000064 ], [ 41.74366754600004, 4.52972507000004 ], [ 41.742573902000061, 4.532224618000043 ], [ 41.741851823000047, 4.533874943000058 ], [ 41.74349215400008, 4.540308504000052 ], [ 41.740985825000053, 4.544001564000041 ], [ 41.732280673000048, 4.546803867000051 ], [ 41.729010137000046, 4.548698113000057 ], [ 41.725872061000075, 4.550515638000036 ], [ 41.721992458000045, 4.554674583000065 ], [ 41.717929903000027, 4.569188084000075 ], [ 41.720378011000037, 4.589019412000027 ], [ 41.720491898000034, 4.589941972000076 ], [ 41.721030653000071, 4.59430625300007 ], [ 41.721988678000059, 4.602066903000036 ], [ 41.709815943000081, 4.599824039000055 ], [ 41.702593731000036, 4.595813149000037 ], [ 41.698314726000035, 4.593436784000062 ], [ 41.697845439000048, 4.591138355000055 ], [ 41.701042185000063, 4.587902486000075 ], [ 41.711818777000076, 4.586701391000076 ], [ 41.713646029000074, 4.584621824000067 ], [ 41.711363540000036, 4.578307366000047 ], [ 41.71098850900006, 4.578132907000054 ], [ 41.710845218000031, 4.577743973000054 ], [ 41.710917026000061, 4.577072097000041 ], [ 41.710159356000077, 4.574976020000065 ], [ 41.704410544000041, 4.572472525000023 ], [ 41.700969609000026, 4.572488779000025 ], [ 41.696478951000074, 4.57808325000002 ], [ 41.695884168000077, 4.578824234000024 ], [ 41.691124184000046, 4.584754232000023 ], [ 41.690998218000061, 4.588089260000061 ], [ 41.690597912000044, 4.588635132000036 ], [ 41.689106079000055, 4.587268391000066 ], [ 41.685447605000036, 4.589586287000031 ], [ 41.684011055000042, 4.591109753000069 ], [ 41.683283226000071, 4.592529020000029 ], [ 41.682737354000039, 4.592601803000036 ], [ 41.678400561000046, 4.589086595000026 ], [ 41.673282620000066, 4.588723691000041 ], [ 41.670288897000034, 4.595684664000032 ], [ 41.66491850400007, 4.608171841000058 ], [ 41.66465760400007, 4.608778482000048 ], [ 41.660549123000067, 4.61385918000002 ], [ 41.659080055000061, 4.613760804000037 ], [ 41.657337256000062, 4.613644098000066 ], [ 41.660049406000041, 4.604659038000023 ], [ 41.658657044000051, 4.600985067000067 ], [ 41.65429681300003, 4.601465316000031 ], [ 41.648336535000055, 4.618456239000068 ], [ 41.644771590000062, 4.625435431000028 ], [ 41.639057176000051, 4.630293298000026 ], [ 41.631389634000072, 4.65862553300002 ], [ 41.623983857000042, 4.667709795000064 ], [ 41.62385949600008, 4.667862341000045 ], [ 41.621491933000073, 4.669137517000024 ], [ 41.616366277000054, 4.671898209000062 ], [ 41.609211050000056, 4.675752147000026 ], [ 41.601188567000065, 4.677859308000052 ], [ 41.597076493000031, 4.681559550000031 ], [ 41.596179877000054, 4.686854385000061 ], [ 41.597576210000057, 4.690528924000034 ], [ 41.601711341000055, 4.692120492000072 ], [ 41.614078556000038, 4.686312145000045 ], [ 41.617752149000069, 4.686755161000065 ], [ 41.618003897000051, 4.691354664000073 ], [ 41.612545011000066, 4.702652895000028 ], [ 41.597961392000059, 4.724574628000028 ], [ 41.596836086000053, 4.729411139000035 ], [ 41.599441451000075, 4.746882867000068 ], [ 41.599479629000029, 4.755394482000042 ], [ 41.598117884000033, 4.758621279000067 ], [ 41.590442593000034, 4.786722179000037 ], [ 41.584056850000024, 4.795263845000022 ], [ 41.57331087700004, 4.804054235000024 ], [ 41.570350570000073, 4.808668670000031 ], [ 41.571289143000058, 4.813496108000038 ], [ 41.574512538000079, 4.815781686000037 ], [ 41.582775053000034, 4.816203156000029 ], [ 41.584404043000063, 4.821026814000049 ], [ 41.581241695000074, 4.83162347800004 ], [ 41.576000158000056, 4.839929083000072 ], [ 41.570739721000052, 4.843863874000021 ], [ 41.556045537000045, 4.843010350000043 ], [ 41.553783395000039, 4.849922269000047 ], [ 41.553592695000077, 4.858665031000044 ], [ 41.554933920000053, 4.865320662000045 ], [ 41.556880917000058, 4.874982347000071 ], [ 41.55415345800003, 4.880975726000031 ], [ 41.539077683000073, 4.896916932000067 ], [ 41.531360624000058, 4.916045245000021 ], [ 41.526321317000054, 4.918828459000053 ], [ 41.515071847000058, 4.918189072000075 ], [ 41.510036509000031, 4.921202678000043 ], [ 41.502727501000038, 4.929286019000074 ], [ 41.496120439000038, 4.940817854000045 ], [ 41.491302450000035, 4.941299048000076 ], [ 41.489246319000074, 4.943378993000067 ], [ 41.487899694000077, 4.950285431000054 ], [ 41.489093796000077, 4.960631292000073 ], [ 41.484756435000065, 4.965941814000075 ], [ 41.47397228300008, 4.967140641000071 ], [ 41.470085120000078, 4.970378400000072 ], [ 41.467384311000046, 4.982582131000072 ], [ 41.464187564000042, 4.986276703000044 ], [ 41.453256340000053, 4.991628758000047 ], [ 41.443801834000055, 4.996257793000041 ], [ 41.436923935000038, 4.998358340000038 ], [ 41.424991608000028, 4.999330933000067 ], [ 41.418350148000059, 5.00327063800006 ], [ 41.400650108000036, 5.050504198000056 ], [ 41.39882663700007, 5.052812644000028 ], [ 41.391254351000043, 5.054225419000034 ], [ 41.386226573000044, 5.059307629000045 ], [ 41.379611950000026, 5.069227673000057 ], [ 41.375301428000057, 5.080977992000044 ], [ 41.371284421000041, 5.086542153000039 ], [ 41.364803233000032, 5.095514738000077 ], [ 41.362323742000058, 5.10587590800003 ], [ 41.354316757000049, 5.112581250000062 ], [ 41.350917780000032, 5.12294676700003 ], [ 41.346580419000077, 5.129175640000028 ], [ 41.347518993000051, 5.134002133000024 ], [ 41.350318840000057, 5.14411117700007 ], [ 41.350345677000064, 5.150092082000072 ], [ 41.348068227000056, 5.154471968000053 ], [ 41.344848612000078, 5.153795726000055 ], [ 41.341815918000066, 5.142077536000045 ], [ 41.339279160000046, 5.13978817900005 ], [ 41.337203916000078, 5.14024941100007 ], [ 41.334003414000051, 5.140960736000068 ], [ 41.331062384000063, 5.15086414700005 ], [ 41.323966946000041, 5.156415077000077 ], [ 41.321918564000043, 5.160564383000064 ], [ 41.319892862000074, 5.170463070000039 ], [ 41.320610117000058, 5.176900788000069 ], [ 41.326381610000055, 5.183776797000064 ], [ 41.329402964000053, 5.192734263000034 ], [ 41.329429614000048, 5.19848496700007 ], [ 41.323040090000063, 5.208402553000042 ], [ 41.321239487000071, 5.216460758000039 ], [ 41.315990390000024, 5.224533515000076 ], [ 41.312381812000069, 5.239269657000023 ], [ 41.313343067000062, 5.24915605800004 ], [ 41.31660842000008, 5.261102749000031 ], [ 41.316177311000047, 5.268004462000022 ], [ 41.318546237000078, 5.284555004000026 ], [ 41.314910822000058, 5.294460683000068 ], [ 41.309200375000046, 5.301615278000043 ], [ 41.30445235500008, 5.304637683000067 ], [ 41.303016674000048, 5.305551582000021 ], [ 41.301883618000033, 5.308776866000073 ], [ 41.302368214000069, 5.31475455900005 ], [ 41.299655875000042, 5.324656081000057 ], [ 41.300343674000032, 5.327302924000037 ], [ 41.302223251000044, 5.334536056000047 ], [ 41.294944672000042, 5.35135705600004 ], [ 41.288310960000047, 5.357594435000067 ], [ 41.274337812000056, 5.36616331700003 ], [ 41.261474256000042, 5.375909548000038 ], [ 41.261311258000035, 5.376033046000032 ], [ 41.257854554000062, 5.378652060000036 ], [ 41.251205534000064, 5.381439621000027 ], [ 41.248252787000069, 5.389272159000029 ], [ 41.249202701000058, 5.39639764900005 ], [ 41.255447450000077, 5.406951409000044 ], [ 41.256058136000036, 5.412265538000042 ], [ 41.256160736000027, 5.413158358000032 ], [ 41.253444617000071, 5.422139639000022 ], [ 41.247501323000051, 5.429063276000022 ], [ 41.23306266700007, 5.436483416000044 ], [ 41.218143385000076, 5.43907555100003 ], [ 41.211727212000028, 5.442321815000071 ], [ 41.204410644000063, 5.450171553000075 ], [ 41.201675436000073, 5.456162475000042 ], [ 41.198318418000042, 5.476644972000031 ], [ 41.190372479000075, 5.499906527000064 ], [ 41.186031338000078, 5.505673484000056 ], [ 41.181847854000068, 5.506589471000041 ], [ 41.179607417000057, 5.507080022000025 ], [ 41.177326187000062, 5.510999126000058 ], [ 41.178855663000036, 5.514784056000053 ], [ 41.179645595000068, 5.516738867000072 ], [ 41.182767597000066, 5.51983801800003 ], [ 41.18679811100003, 5.523839031000023 ], [ 41.18704230000003, 5.527977942000064 ], [ 41.185447706000048, 5.530973970000048 ], [ 41.183113178000042, 5.537105509000071 ], [ 41.171691907000024, 5.537929548000022 ], [ 41.169989431000033, 5.539180129000044 ], [ 41.169932292000055, 5.539222101000064 ], [ 41.16161726200005, 5.545330033000027 ], [ 41.157497440000043, 5.549485765000043 ], [ 41.150436399000057, 5.564003423000031 ], [ 41.14310830200003, 5.569552463000036 ], [ 41.142433195000081, 5.573004169000058 ], [ 41.152674686000069, 5.587027868000064 ], [ 41.152695664000078, 5.587056594000046 ], [ 41.155830460000061, 5.591349077000075 ], [ 41.155849549000038, 5.595487989000048 ], [ 41.154258736000031, 5.600323743000047 ], [ 41.146930639000061, 5.605412946000058 ], [ 41.146055865000051, 5.605438368000023 ], [ 41.146046140000067, 5.605438651000043 ], [ 41.137741080000069, 5.605680004000021 ], [ 41.136138927000047, 5.607526344000064 ], [ 41.137081092000074, 5.612581717000069 ], [ 41.139323177000051, 5.615511081000022 ], [ 41.139405914000065, 5.615619179000021 ], [ 41.141467971000054, 5.618313331000024 ], [ 41.150976953000054, 5.622694687000035 ], [ 41.151363445000072, 5.622872767000047 ], [ 41.151739620000058, 5.623577363000038 ], [ 41.228632580000067, 5.712569685000062 ], [ 41.408508845000028, 5.665572687000065 ], [ 41.545900169000049, 5.761479971000028 ], [ 41.619870877000039, 5.877786746000027 ], [ 41.623534664000033, 5.936955201000046 ], [ 41.566291, 6.041727 ], [ 41.481531, 6.446528 ], [ 41.484413288000042, 6.448362179000071 ], [ 41.484510004000072, 6.449507004000054 ], [ 41.493133699000055, 6.454994796000051 ], [ 41.500973108000039, 6.459983498000042 ], [ 41.511010869000074, 6.466371149000054 ], [ 41.52234577300004, 6.473584250000044 ], [ 41.540924305000033, 6.485406923000028 ], [ 41.552677763000077, 6.492886377000048 ], [ 41.564054144000067, 6.500125874000048 ], [ 41.578168097000059, 6.509107458000074 ], [ 41.598021147000054, 6.521741185000053 ], [ 41.615426973000069, 6.532817592000072 ], [ 41.630992669000079, 6.542723009000042 ], [ 41.504586826000036, 6.827873495000063 ], [ 41.567487399000072, 6.852231176000032 ], [ 41.614199433000067, 6.901101995000033 ], [ 41.604453225000043, 6.955257158000052 ], [ 41.750076238000077, 6.968820086000051 ], [ 41.858579660000032, 7.030210179000051 ], [ 41.944954095000071, 7.101594010000042 ], [ 42.186634047000041, 7.063848518000043 ], [ 42.181888635000064, 7.057582412000045 ], [ 42.174835155000039, 7.051744391000057 ], [ 42.172145873000034, 7.046424418000072 ], [ 42.171680366000032, 7.036360735000073 ], [ 42.172115255000051, 7.031719273000022 ], [ 42.17636114000004, 7.023964792000072 ], [ 42.179351950000068, 7.020186193000029 ], [ 42.183380033000049, 7.015097100000048 ], [ 42.18608577100008, 7.007487627000046 ], [ 42.183647, 6.999627 ], [ 42.17792511500005, 6.993427304000022 ], [ 42.163562816000081, 6.983816087000037 ], [ 42.161559983000075, 6.978964268000027 ], [ 42.167877119000025, 6.954003792000037 ], [ 42.168037240000046, 6.952071058000058 ], [ 42.167799908000063, 6.951950454000041 ] ], [ [ 41.641809694000074, 4.67506460200002 ], [ 41.641829052000048, 4.675039643000048 ], [ 41.64527, 4.676453 ], [ 41.641809694000074, 4.67506460200002 ] ] ] } },
{ "type": "Feature", "properties": { "Zone_Name": "Liban", "Zone_PCode": "ET0508000" }, "geometry": { "type": "MultiPolygon", "coordinates": [ [ [ [ 41.64527, 4.676453 ], [ 41.641829052000048, 4.675039643000048 ], [ 41.641809694000074, 4.67506460200002 ], [ 41.64527, 4.676453 ] ] ], [ [ [ 41.545900169000049, 5.761479971000028 ], [ 41.408508845000028, 5.665572687000065 ], [ 41.228632580000067, 5.712569685000062 ], [ 41.151739620000058, 5.623577363000038 ], [ 41.151363445000072, 5.622872767000047 ], [ 41.150976953000054, 5.622694687000035 ], [ 41.141467971000054, 5.618313331000024 ], [ 41.139405914000065, 5.615619179000021 ], [ 41.139323177000051, 5.615511081000022 ], [ 41.137081092000074, 5.612581717000069 ], [ 41.136138927000047, 5.607526344000064 ], [ 41.137741080000069, 5.605680004000021 ], [ 41.146046140000067, 5.605438651000043 ], [ 41.146152034000067, 5.605144530000075 ], [ 41.146930639000061, 5.605412946000058 ], [ 41.154258736000031, 5.600323743000047 ], [ 41.155849549000038, 5.595487989000048 ], [ 41.155830460000061, 5.591349077000075 ], [ 41.152695664000078, 5.587056594000046 ], [ 41.152674686000069, 5.587027868000064 ], [ 41.142433195000081, 5.573004169000058 ], [ 41.14310830200003, 5.569552463000036 ], [ 41.150436399000057, 5.564003423000031 ], [ 41.157497440000043, 5.549485765000043 ], [ 41.16161726200005, 5.545330033000027 ], [ 41.169932292000055, 5.539222101000064 ], [ 41.170502635000048, 5.537660128000027 ], [ 41.171691907000024, 5.537929548000022 ], [ 41.183113178000042, 5.537105509000071 ], [ 41.185447706000048, 5.530973970000048 ], [ 41.18704230000003, 5.527977942000064 ], [ 41.18679811100003, 5.523839031000023 ], [ 41.182767597000066, 5.51983801800003 ], [ 41.179645595000068, 5.516738867000072 ], [ 41.178855663000036, 5.514784056000053 ], [ 41.177326187000062, 5.510999126000058 ], [ 41.179607417000057, 5.507080022000025 ], [ 41.181847854000068, 5.506589471000041 ], [ 41.186031338000078, 5.505673484000056 ], [ 41.190372479000075, 5.499906527000064 ], [ 41.198318418000042, 5.476644972000031 ], [ 41.201675436000073, 5.456162475000042 ], [ 41.204410644000063, 5.450171553000075 ], [ 41.211727212000028, 5.442321815000071 ], [ 41.218143385000076, 5.43907555100003 ], [ 41.23306266700007, 5.436483416000044 ], [ 41.247501323000051, 5.429063276000022 ], [ 41.253444617000071, 5.422139639000022 ], [ 41.256058136000036, 5.412265538000042 ], [ 41.255447450000077, 5.406951409000044 ], [ 41.249202701000058, 5.39639764900005 ], [ 41.248252787000069, 5.389272159000029 ], [ 41.251205534000064, 5.381439621000027 ], [ 41.257854554000062, 5.378652060000036 ], [ 41.261311258000035, 5.376033046000032 ], [ 41.261474256000042, 5.375909548000038 ], [ 41.274337812000056, 5.36616331700003 ], [ 41.288310960000047, 5.357594435000067 ], [ 41.294944672000042, 5.35135705600004 ], [ 41.302223251000044, 5.334536056000047 ], [ 41.300343674000032, 5.327302924000037 ], [ 41.299655875000042, 5.324656081000057 ], [ 41.302368214000069, 5.31475455900005 ], [ 41.301883618000033, 5.308776866000073 ], [ 41.303016674000048, 5.305551582000021 ], [ 41.30445235500008, 5.304637683000067 ], [ 41.309200375000046, 5.301615278000043 ], [ 41.314910822000058, 5.294460683000068 ], [ 41.318546237000078, 5.284555004000026 ], [ 41.316177311000047, 5.268004462000022 ], [ 41.31660842000008, 5.261102749000031 ], [ 41.313343067000062, 5.24915605800004 ], [ 41.312381812000069, 5.239269657000023 ], [ 41.315990390000024, 5.224533515000076 ], [ 41.321239487000071, 5.216460758000039 ], [ 41.323040090000063, 5.208402553000042 ], [ 41.329429614000048, 5.19848496700007 ], [ 41.329402964000053, 5.192734263000034 ], [ 41.326381610000055, 5.183776797000064 ], [ 41.320610117000058, 5.176900788000069 ], [ 41.319892862000074, 5.170463070000039 ], [ 41.321918564000043, 5.160564383000064 ], [ 41.323966946000041, 5.156415077000077 ], [ 41.331062384000063, 5.15086414700005 ], [ 41.334003414000051, 5.140960736000068 ], [ 41.337203916000078, 5.14024941100007 ], [ 41.339279160000046, 5.13978817900005 ], [ 41.341815918000066, 5.142077536000045 ], [ 41.344848612000078, 5.153795726000055 ], [ 41.348068227000056, 5.154471968000053 ], [ 41.350345677000064, 5.150092082000072 ], [ 41.350318840000057, 5.14411117700007 ], [ 41.347518993000051, 5.134002133000024 ], [ 41.346580419000077, 5.129175640000028 ], [ 41.350917780000032, 5.12294676700003 ], [ 41.354316757000049, 5.112581250000062 ], [ 41.362323742000058, 5.10587590800003 ], [ 41.364803233000032, 5.095514738000077 ], [ 41.371284421000041, 5.086542153000039 ], [ 41.375301428000057, 5.080977992000044 ], [ 41.379611950000026, 5.069227673000057 ], [ 41.386226573000044, 5.059307629000045 ], [ 41.391254351000043, 5.054225419000034 ], [ 41.39882663700007, 5.052812644000028 ], [ 41.400650108000036, 5.050504198000056 ], [ 41.418350148000059, 5.00327063800006 ], [ 41.424991608000028, 4.999330933000067 ], [ 41.436923935000038, 4.998358340000038 ], [ 41.443801834000055, 4.996257793000041 ], [ 41.453256340000053, 4.991628758000047 ], [ 41.464187564000042, 4.986276703000044 ], [ 41.467384311000046, 4.982582131000072 ], [ 41.470085120000078, 4.970378400000072 ], [ 41.47397228300008, 4.967140641000071 ], [ 41.484756435000065, 4.965941814000075 ], [ 41.489093796000077, 4.960631292000073 ], [ 41.487899694000077, 4.950285431000054 ], [ 41.489246319000074, 4.943378993000067 ], [ 41.491302450000035, 4.941299048000076 ], [ 41.496120439000038, 4.940817854000045 ], [ 41.502727501000038, 4.929286019000074 ], [ 41.510036509000031, 4.921202678000043 ], [ 41.515071847000058, 4.918189072000075 ], [ 41.526321317000054, 4.918828459000053 ], [ 41.531360624000058, 4.916045245000021 ], [ 41.539077683000073, 4.896916932000067 ], [ 41.55415345800003, 4.880975726000031 ], [ 41.556880917000058, 4.874982347000071 ], [ 41.554933920000053, 4.865320662000045 ], [ 41.553592695000077, 4.858665031000044 ], [ 41.553783395000039, 4.849922269000047 ], [ 41.556045537000045, 4.843010350000043 ], [ 41.570739721000052, 4.843863874000021 ], [ 41.576000158000056, 4.839929083000072 ], [ 41.581241695000074, 4.83162347800004 ], [ 41.584404043000063, 4.821026814000049 ], [ 41.582775053000034, 4.816203156000029 ], [ 41.574512538000079, 4.815781686000037 ], [ 41.571289143000058, 4.813496108000038 ], [ 41.570350570000073, 4.808668670000031 ], [ 41.57331087700004, 4.804054235000024 ], [ 41.584056850000024, 4.795263845000022 ], [ 41.590442593000034, 4.786722179000037 ], [ 41.598117884000033, 4.758621279000067 ], [ 41.599479629000029, 4.755394482000042 ], [ 41.599441451000075, 4.746882867000068 ], [ 41.596836086000053, 4.729411139000035 ], [ 41.597961392000059, 4.724574628000028 ], [ 41.612545011000066, 4.702652895000028 ], [ 41.618003897000051, 4.691354664000073 ], [ 41.617752149000069, 4.686755161000065 ], [ 41.614078556000038, 4.686312145000045 ], [ 41.601711341000055, 4.692120492000072 ], [ 41.597576210000057, 4.690528924000034 ], [ 41.596179877000054, 4.686854385000061 ], [ 41.597076493000031, 4.681559550000031 ], [ 41.601188567000065, 4.677859308000052 ], [ 41.609211050000056, 4.675752147000026 ], [ 41.616366277000054, 4.671898209000062 ], [ 41.621491933000073, 4.669137517000024 ], [ 41.62385949600008, 4.667862341000045 ], [ 41.623983857000042, 4.667709795000064 ], [ 41.631389634000072, 4.65862553300002 ], [ 41.639057176000051, 4.630293298000026 ], [ 41.644771590000062, 4.625435431000028 ], [ 41.648336535000055, 4.618456239000068 ], [ 41.65429681300003, 4.601465316000031 ], [ 41.658657044000051, 4.600985067000067 ], [ 41.660049406000041, 4.604659038000023 ], [ 41.657337256000062, 4.613644098000066 ], [ 41.659080055000061, 4.613760804000037 ], [ 41.660549123000067, 4.61385918000002 ], [ 41.66465760400007, 4.608778482000048 ], [ 41.66491850400007, 4.608171841000058 ], [ 41.670288897000034, 4.595684664000032 ], [ 41.673282620000066, 4.588723691000041 ], [ 41.678400561000046, 4.589086595000026 ], [ 41.682737354000039, 4.592601803000036 ], [ 41.683283226000071, 4.592529020000029 ], [ 41.684011055000042, 4.591109753000069 ], [ 41.685447605000036, 4.589586287000031 ], [ 41.689106079000055, 4.587268391000066 ], [ 41.690597912000044, 4.588635132000036 ], [ 41.690998218000061, 4.588089260000061 ], [ 41.691124184000046, 4.584754232000023 ], [ 41.695884168000077, 4.578824234000024 ], [ 41.696478951000074, 4.57808325000002 ], [ 41.700969609000026, 4.572488779000025 ], [ 41.704410544000041, 4.572472525000023 ], [ 41.710159356000077, 4.574976020000065 ], [ 41.710917026000061, 4.577072097000041 ], [ 41.710845218000031, 4.577743973000054 ], [ 41.71098850900006, 4.578132907000054 ], [ 41.711363540000036, 4.578307366000047 ], [ 41.713646029000074, 4.584621824000067 ], [ 41.711818777000076, 4.586701391000076 ], [ 41.701042185000063, 4.587902486000075 ], [ 41.697845439000048, 4.591138355000055 ], [ 41.698314726000035, 4.593436784000062 ], [ 41.702593731000036, 4.595813149000037 ], [ 41.709815943000081, 4.599824039000055 ], [ 41.721988678000059, 4.602066903000036 ], [ 41.721030653000071, 4.59430625300007 ], [ 41.720491898000034, 4.589941972000076 ], [ 41.720378011000037, 4.589019412000027 ], [ 41.717929903000027, 4.569188084000075 ], [ 41.721992458000045, 4.554674583000065 ], [ 41.725872061000075, 4.550515638000036 ], [ 41.729010137000046, 4.548698113000057 ], [ 41.732280673000048, 4.546803867000051 ], [ 41.740985825000053, 4.544001564000041 ], [ 41.74349215400008, 4.540308504000052 ], [ 41.741851823000047, 4.533874943000058 ], [ 41.742573902000061, 4.532224618000043 ], [ 41.74366754600004, 4.52972507000004 ], [ 41.746410314000059, 4.527641346000053 ], [ 41.747527747000049, 4.526946140000064 ], [ 41.759452826000029, 4.519527008000068 ], [ 41.761959156000046, 4.516063772000052 ], [ 41.760097505000033, 4.510551398000075 ], [ 41.763969359000043, 4.505241442000056 ], [ 41.784583968000049, 4.498239937000051 ], [ 41.788238473000035, 4.495001800000068 ], [ 41.787074989000075, 4.491556141000046 ], [ 41.784092001000033, 4.491340681000054 ], [ 41.77745432100005, 4.494133534000071 ], [ 41.771247939000034, 4.491862699000023 ], [ 41.774877252000067, 4.483654863000027 ], [ 41.77828214200008, 4.47595456800002 ], [ 41.784667885000033, 4.467641403000073 ], [ 41.788326358000063, 4.465553331000024 ], [ 41.797042849000036, 4.465051157000062 ], [ 41.805042275000062, 4.459260953000069 ], [ 41.809558808000077, 4.444054579000067 ], [ 41.81110766300003, 4.432313900000054 ], [ 41.81408687000004, 4.432299536000073 ], [ 41.819850992000056, 4.437562429000025 ], [ 41.823295518000066, 4.438696429000061 ], [ 41.825569187000042, 4.434773923000023 ], [ 41.834735877000071, 4.432198609000068 ], [ 41.841121620000081, 4.424575294000022 ], [ 41.852542891000041, 4.415086737000024 ], [ 41.851833385000077, 4.410948771000051 ], [ 41.845390374000033, 4.406839344000048 ], [ 41.84491730700006, 4.403850498000054 ], [ 41.849719986000025, 4.400376300000062 ], [ 41.84898761200003, 4.391407493000031 ], [ 41.85170751000004, 4.384952010000063 ], [ 41.855140696000035, 4.383324530000039 ], [ 41.859275827000033, 4.384684952000043 ], [ 41.863685575000034, 4.395246462000046 ], [ 41.866436093000061, 4.395002841000064 ], [ 41.868694264000055, 4.387399182000024 ], [ 41.88246537200007, 4.388711975000035 ], [ 41.884956544000033, 4.385094564000042 ], [ 41.885635469000079, 4.380873768000072 ], [ 41.882350838000036, 4.365935395000065 ], [ 41.882976617000054, 4.353509401000053 ], [ 41.885250098000029, 4.349126868000042 ], [ 41.919136098000081, 4.336994581000056 ], [ 41.920963351000069, 4.335145026000021 ], [ 41.92162711900005, 4.330540230000054 ], [ 41.917484238000043, 4.327569906000065 ], [ 41.918395974000077, 4.325955468000075 ], [ 41.93123625700008, 4.325430804000064 ], [ 41.932395961000054, 4.328185479000069 ], [ 41.92946627200007, 4.338093237000066 ], [ 41.93177415100007, 4.340842243000054 ], [ 41.934978457000057, 4.340136138000048 ], [ 41.940452653000079, 4.333666857000026 ], [ 41.941581739000071, 4.330210236000028 ], [ 41.940647134000073, 4.326764199000024 ], [ 41.935802497000054, 4.320805973000063 ], [ 41.935783408000077, 4.317355589000044 ], [ 41.945369678000077, 4.308104984000067 ], [ 41.947628039000051, 4.300500947000046 ], [ 41.949680390000026, 4.298650258000066 ], [ 41.955192575000069, 4.299772730000029 ], [ 41.960502530000042, 4.306648172000052 ], [ 41.96441653200003, 4.30938905000005 ], [ 41.966243783000039, 4.30845935900004 ], [ 41.96620938600006, 4.30155802400003 ], [ 41.96804419700004, 4.301318560000027 ], [ 41.969890539000062, 4.303839632000063 ], [ 41.971538619000057, 4.311654026000042 ], [ 41.973834969000052, 4.312562549000063 ], [ 41.97399598100003, 4.311945653000066 ], [ 41.979907917000048, 4.289294759000029 ], [ 41.982883533000063, 4.287438778000023 ], [ 41.997566188000064, 4.288515134000022 ], [ 41.999361658000055, 4.298511655000027 ], [ 42.001929, 4.289982 ], [ 42.026878, 4.280844 ], [ 42.059083136000027, 4.27860266600004 ], [ 42.056246929000054, 4.234355982000068 ], [ 42.055798271000072, 4.214615019000064 ], [ 42.075090575000047, 4.18365760100005 ], [ 42.08454637300008, 4.17779770900006 ], [ 42.084406626000032, 4.177624005000041 ], [ 42.080158234000066, 4.175356865000026 ], [ 42.069023132000041, 4.168312073000038 ], [ 42.061088562000066, 4.161539078000033 ], [ 42.051139832000047, 4.151518822000071 ], [ 42.043159485000047, 4.141767979000065 ], [ 42.035346985000047, 4.132223129000067 ], [ 42.008708954000042, 4.101514816000076 ], [ 42.0, 4.093367100000023 ], [ 41.979049683000028, 4.095186234000039 ], [ 41.97422027600004, 4.080558777000022 ], [ 41.972679138000046, 4.079374790000031 ], [ 41.966911316000051, 4.080088138000065 ], [ 41.946220398000037, 4.055664063000052 ], [ 41.945991516000049, 4.04458999600007 ], [ 41.946090698000035, 4.044024944000057 ], [ 41.946910366000054, 4.039404215000047 ], [ 41.948955536000028, 4.027874947000043 ], [ 41.943458557000042, 4.016658783000025 ], [ 41.931462985000053, 4.006779268000059 ], [ 41.926399231000062, 4.002608776000045 ], [ 41.921424866000052, 3.994117021000022 ], [ 41.913089752000076, 3.990753889000075 ], [ 41.906898499000079, 3.978008032000048 ], [ 41.899078369000051, 3.975493908000033 ], [ 41.893829346000075, 3.978760004000037 ], [ 41.890090942000029, 3.978439092000031 ], [ 41.882437447000029, 3.971598934000042 ], [ 41.88144118200006, 3.970708542000068 ], [ 41.878150940000069, 3.967767954000067 ], [ 41.870424807000063, 3.965598267000075 ], [ 41.863864898000031, 3.963756084000067 ], [ 41.860458374000075, 3.961218118000033 ], [ 41.860094913000069, 3.960564049000027 ], [ 41.856681824000077, 3.954421997000054 ], [ 41.852069855000025, 3.950186968000025 ], [ 41.84545135500008, 3.950052023000069 ], [ 41.84055709900008, 3.955019951000054 ], [ 41.838115692000031, 3.952358007000043 ], [ 41.835556030000077, 3.947025061000033 ], [ 41.833488464000027, 3.945880889000023 ], [ 41.829360962000067, 3.946814060000065 ], [ 41.824310303000061, 3.944529056000022 ], [ 41.820648193000068, 3.94615006500004 ], [ 41.819969177000075, 3.948223114000029 ], [ 41.822509766000053, 3.953737021000052 ], [ 41.822153271000047, 3.954142030000071 ], [ 41.820682526000041, 3.955812931000025 ], [ 41.80990982000003, 3.956074953000041 ], [ 41.805778503000056, 3.957468033000055 ], [ 41.802108765000071, 3.955409050000071 ], [ 41.798213958000076, 3.956800938000072 ], [ 41.79478836100003, 3.960262060000048 ], [ 41.792980194000052, 3.969010114000071 ], [ 41.794139862000065, 3.975447893000023 ], [ 41.79254913300008, 3.979363918000047 ], [ 41.78726959200003, 3.97707891400006 ], [ 41.784290314000032, 3.977318049000075 ], [ 41.782234192000033, 3.979393959000049 ], [ 41.77808761600005, 3.973886013000026 ], [ 41.77257919300007, 3.972290993000058 ], [ 41.754024506000064, 3.976717949000033 ], [ 41.753768920000027, 3.978400946000022 ], [ 41.753570557000046, 3.97971010200007 ], [ 41.755420685000047, 3.984766006000029 ], [ 41.751525879000042, 3.985466957000028 ], [ 41.746932983000079, 3.983409882000046 ], [ 41.74419021600005, 3.985949039000047 ], [ 41.740749359000063, 3.984579086000053 ], [ 41.735710144000052, 3.986893892000069 ], [ 41.734119415000066, 3.991499901000054 ], [ 41.730205536000028, 3.986680031000049 ], [ 41.72356033300008, 3.987159967000025 ], [ 41.720588685000052, 3.992460012000038 ], [ 41.71369171200007, 3.983278036000058 ], [ 41.692581177000079, 3.978048086000058 ], [ 41.687511444000052, 3.969779968000068 ], [ 41.684070587000065, 3.970710039000039 ], [ 41.680629730000078, 3.969340086000045 ], [ 41.674411774000077, 3.95992493600005 ], [ 41.663879394000048, 3.965707064000071 ], [ 41.655166626000039, 3.965502024000045 ], [ 41.631599426000037, 3.982362032000026 ], [ 41.627700806000064, 3.983294010000066 ], [ 41.61782074000007, 3.973889113000041 ], [ 41.608184814000026, 3.972995997000055 ], [ 41.602230072000054, 3.974852085000066 ], [ 41.593273163000049, 3.970046043000025 ], [ 41.588001251000037, 3.969369888000074 ], [ 41.582038879000038, 3.971226931000047 ], [ 41.57630920400004, 3.970782996000025 ], [ 41.569774627000072, 3.967925071000025 ], [ 41.566898346000073, 3.96666693700007 ], [ 41.560260772000049, 3.970827103000033 ], [ 41.557064057000048, 3.975897074000045 ], [ 41.554450988000042, 3.978252888000043 ], [ 41.550659179000036, 3.981666088000054 ], [ 41.545158386000026, 3.982140064000021 ], [ 41.524032593000072, 3.97115397500005 ], [ 41.518268585000044, 3.959666968000022 ], [ 41.509769440000071, 3.954627991000052 ], [ 41.505191803000059, 3.954870939000045 ], [ 41.506809235000048, 3.961997986000029 ], [ 41.505668640000067, 3.964761972000076 ], [ 41.499710083000025, 3.963627100000053 ], [ 41.489379882000037, 3.957902908000051 ], [ 41.484329223000032, 3.958606958000075 ], [ 41.482040406000067, 3.957462073000045 ], [ 41.480358356000067, 3.953610213000047 ], [ 41.479732513000044, 3.952177048000067 ], [ 41.477175804000069, 3.952525512000022 ], [ 41.476291657000047, 3.952646017000063 ], [ 41.472858429000041, 3.955185891000042 ], [ 41.46930268400007, 3.953590535000046 ], [ 41.468269348000035, 3.953126907000069 ], [ 41.466438640000035, 3.95392 ], [ 41.460254669000051, 3.956598997000071 ], [ 41.458957672000054, 3.956342936000055 ], [ 41.446718719000046, 3.95392 ], [ 41.44533920300006, 3.953646899000034 ], [ 41.443417491000048, 3.95392 ], [ 41.437091827000074, 3.954818964000026 ], [ 41.435466766000047, 3.947460890000059 ], [ 41.430187226000044, 3.944943905000059 ], [ 41.427660130000049, 3.945288891000075 ], [ 41.426750183000024, 3.945413113000029 ], [ 41.425914773000045, 3.946063956000046 ], [ 41.421714783000027, 3.949336052000035 ], [ 41.419189453000058, 3.947962999000026 ], [ 41.413688660000048, 3.948896885000067 ], [ 41.405448913000043, 3.953289032000043 ], [ 41.394695282000043, 3.96228790300006 ], [ 41.391254425000056, 3.962757110000041 ], [ 41.378616333000025, 3.951745987000038 ], [ 41.375400114000058, 3.951607724000041 ], [ 41.373569488000044, 3.95152902600006 ], [ 41.369920785000033, 3.952831815000025 ], [ 41.365783691000047, 3.954308987000047 ], [ 41.359603882000044, 3.958925009000041 ], [ 41.359382630000027, 3.960995913000033 ], [ 41.354564667000034, 3.960318089000054 ], [ 41.354190827000025, 3.959758997000051 ], [ 41.348350525000058, 3.950901031000058 ], [ 41.338939666000044, 3.946552992000022 ], [ 41.333093903000076, 3.941883843000028 ], [ 41.332931314000064, 3.941790365000031 ], [ 41.332953257000042, 3.941771506000066 ], [ 41.329750061000027, 3.939213037000059 ], [ 41.328063995000036, 3.938991998000063 ], [ 41.32630920500003, 3.938761950000071 ], [ 41.322647095000036, 3.940610886000059 ], [ 41.320133209000062, 3.943837881000036 ], [ 41.314933777000078, 3.944274903000064 ], [ 41.309829712000067, 3.947866916000066 ], [ 41.286552429000039, 3.948429108000028 ], [ 41.281738281000059, 3.948544979000076 ], [ 41.278068543000074, 3.949794054000051 ], [ 41.277275085000042, 3.95173692700007 ], [ 41.27577590900006, 3.955415011000071 ], [ 41.252189636000026, 3.954701901000021 ], [ 41.235301971000069, 3.958884954000041 ], [ 41.232704162000061, 3.957459927000059 ], [ 41.230110169000056, 3.956034899000031 ], [ 41.227077484000063, 3.94989109100004 ], [ 41.214550019000058, 3.953505993000022 ], [ 41.208877564000034, 3.950726986000063 ], [ 41.20320892400008, 3.947947979000048 ], [ 41.202806425000063, 3.940009118000035 ], [ 41.202751160000048, 3.938919068000075 ], [ 41.200981140000067, 3.938106060000052 ], [ 41.194887694000045, 3.939440107000053 ], [ 41.194898483000031, 3.93953551200002 ], [ 41.194547838000062, 3.939514512000073 ], [ 41.185871124000073, 3.941414118000068 ], [ 41.181571960000042, 3.939517975000058 ], [ 41.169265747000054, 3.942579985000066 ], [ 41.162860871000078, 3.951335907000043 ], [ 41.148891449000075, 3.957349062000048 ], [ 41.135879517000035, 3.964741945000071 ], [ 41.132629395000038, 3.966588021000064 ], [ 41.13562011700003, 3.971411944000067 ], [ 41.133338928000057, 3.974178076000044 ], [ 41.124855042000036, 3.974195957000063 ], [ 41.122581482000044, 3.982482910000044 ], [ 41.118003845000032, 3.987095117000024 ], [ 41.111816406000059, 3.987567902000023 ], [ 41.105388641000047, 3.985281945000054 ], [ 41.104019165000068, 3.989195108000047 ], [ 41.100131989000033, 3.99343800500003 ], [ 41.098529816000053, 3.995188952000035 ], [ 41.091869354000039, 4.013317108000024 ], [ 41.07265091000005, 4.022595882000076 ], [ 41.065368652000075, 4.036427975000038 ], [ 41.060699463000049, 4.043039799000042 ], [ 41.057388306000064, 4.047733784000059 ], [ 41.044361115000072, 4.058828831000028 ], [ 41.040710449000073, 4.064825058000054 ], [ 41.035228729000039, 4.070367813000075 ], [ 41.031799316000047, 4.071531773000061 ], [ 41.026065826000035, 4.070864201000063 ], [ 41.023109436000027, 4.076626777000058 ], [ 41.009860992000029, 4.089333058000022 ], [ 41.001422882000043, 4.102709771000036 ], [ 40.993419647000053, 4.107801915000039 ], [ 40.982192994000059, 4.110606193000024 ], [ 40.977169037000067, 4.11637687700005 ], [ 40.972156525000059, 4.125369072000069 ], [ 40.965080261000026, 4.132068157000049 ], [ 40.947910308000075, 4.140876770000034 ], [ 40.929805756000064, 4.144166947000031 ], [ 40.913780212000063, 4.151128769000024 ], [ 40.908217089000061, 4.152197181000076 ], [ 40.906448364000028, 4.152536869000073 ], [ 40.904159546000074, 4.154615879000062 ], [ 40.90355549800006, 4.156334378000054 ], [ 40.898490905000074, 4.170742989000075 ], [ 40.883205414000031, 4.19265699400006 ], [ 40.881401062000066, 4.19885778400004 ], [ 40.883781433000024, 4.206212998000069 ], [ 40.884010315000069, 4.206934929000056 ], [ 40.882381440000074, 4.212838173000023 ], [ 40.873218537000071, 4.22088909200005 ], [ 40.855766297000059, 4.226706981000063 ], [ 40.844100952000076, 4.246257782000043 ], [ 40.830688477000081, 4.248429775000034 ], [ 40.813842774000079, 4.25515079500002 ], [ 40.802509308000026, 4.262080193000031 ], [ 40.784641266000051, 4.273006916000043 ], [ 40.778388977000077, 4.280996800000025 ], [ 40.77492141700003, 4.281918049000069 ], [ 40.774341629000048, 4.28149813400006 ], [ 40.768879026000036, 4.286942086000067 ], [ 40.767990158000032, 4.294767820000061 ], [ 40.762966160000076, 4.301227652000023 ], [ 40.76183310600004, 4.304912585000068 ], [ 40.76391985500004, 4.311807116000068 ], [ 40.762565669000026, 4.31802370500003 ], [ 40.755718199000057, 4.326791226000068 ], [ 40.747921004000034, 4.327048833000049 ], [ 40.745178236000072, 4.329589371000054 ], [ 40.744731818000048, 4.333961886000054 ], [ 40.748436029000061, 4.342691419000062 ], [ 40.751888303000044, 4.346590111000069 ], [ 40.757765608000057, 4.349165626000058 ], [ 40.759700808000048, 4.350013657000034 ], [ 40.763077827000075, 4.353071044000046 ], [ 40.764762795000024, 4.354596529000048 ], [ 40.767543740000065, 4.362868871000046 ], [ 40.771282161000045, 4.381031015000076 ], [ 40.771922060000065, 4.39032848100004 ], [ 40.772190419000026, 4.390302935000022 ], [ 40.771937720000039, 4.391787541000042 ], [ 40.772030698000037, 4.391906942000048 ], [ 40.77297597900008, 4.405641462000062 ], [ 40.774826099000052, 4.410006039000052 ], [ 40.77415458300004, 4.414149298000041 ], [ 40.767691254000056, 4.417052154000032 ], [ 40.767643403000079, 4.41701665100004 ], [ 40.767621957000074, 4.417142648000038 ], [ 40.767572139000038, 4.417105652000032 ], [ 40.745754307000027, 4.426904719000049 ], [ 40.742557561000069, 4.431746899000075 ], [ 40.74168022300006, 4.442793383000037 ], [ 40.739627872000028, 4.445791679000024 ], [ 40.714458552000053, 4.464515153000036 ], [ 40.710575169000037, 4.469360358000074 ], [ 40.708583865000037, 4.489612654000041 ], [ 40.706089065000072, 4.498133719000066 ], [ 40.69238656400006, 4.516126142000076 ], [ 40.67982108800004, 4.531124049000027 ], [ 40.671359935000055, 4.538975676000064 ], [ 40.664032027000076, 4.54383222000007 ], [ 40.658065864000037, 4.542472365000037 ], [ 40.65346900600008, 4.540647570000033 ], [ 40.650032041000031, 4.541810109000039 ], [ 40.648223877000078, 4.55032777200006 ], [ 40.640220672000055, 4.557487470000069 ], [ 40.621749890000046, 4.591138922000027 ], [ 40.586788102000071, 4.633817581000073 ], [ 40.581174377000025, 4.649669287000052 ], [ 40.580975444000046, 4.649799359000042 ], [ 40.58105474000007, 4.65000715900004 ], [ 40.577243790000068, 4.660765580000032 ], [ 40.559139291000065, 4.667267748000029 ], [ 40.546100558000035, 4.680424226000071 ], [ 40.537189397000077, 4.691956062000031 ], [ 40.526355010000032, 4.695895527000062 ], [ 40.526187724000067, 4.696081279000055 ], [ 40.526106393000077, 4.695985926000048 ], [ 40.519313776000047, 4.698455773000035 ], [ 40.508529625000051, 4.698721318000025 ], [ 40.496304657000053, 4.707871558000022 ], [ 40.48815542300008, 4.713971161000075 ], [ 40.477426222000076, 4.726090672000055 ], [ 40.472835461000045, 4.731274112000051 ], [ 40.461376201000064, 4.735452146000057 ], [ 40.454742490000058, 4.742144636000035 ], [ 40.446495097000025, 4.747002126000041 ], [ 40.443147533000058, 4.753547135000076 ], [ 40.442863713000065, 4.753721300000052 ], [ 40.430690728000059, 4.755794028000025 ], [ 40.427028663000044, 4.758796293000046 ], [ 40.421470560000046, 4.766849054000033 ], [ 40.421100663000061, 4.767076038000027 ], [ 40.421178176000069, 4.767272668000032 ], [ 40.41811750100004, 4.771707073000073 ], [ 40.413539921000051, 4.775632414000029 ], [ 40.412549009000031, 4.775718158000075 ], [ 40.412529957000061, 4.775719806000041 ], [ 40.412452620000067, 4.77572649800004 ], [ 40.412334679000026, 4.775736703000064 ], [ 40.412321929000029, 4.775726882000072 ], [ 40.41231786700007, 4.77573815900007 ], [ 40.410785624000027, 4.775870743000041 ], [ 40.405592995000063, 4.773865152000042 ], [ 40.405485278000072, 4.773823549000042 ], [ 40.405464176000066, 4.773815397000021 ], [ 40.405454133000035, 4.773811518000059 ], [ 40.404962892000071, 4.773621783000067 ], [ 40.404962782000041, 4.773619880000069 ], [ 40.404959438000049, 4.77362044900002 ], [ 40.404959394000059, 4.77362043100004 ], [ 40.402515362000031, 4.77267645400002 ], [ 40.399028958000031, 4.774468503000037 ], [ 40.399022569000067, 4.774471787000039 ], [ 40.398626644000046, 4.774675297000044 ], [ 40.398624592000033, 4.774683793000065 ], [ 40.398603096000045, 4.774687401000051 ], [ 40.385936659000038, 4.781198087000064 ], [ 40.363334715000065, 4.792811948000065 ], [ 40.358070309000027, 4.79765941900007 ], [ 40.352596302000052, 4.808718755000029 ], [ 40.349391996000065, 4.811488551000025 ], [ 40.328994737000073, 4.820522751000055 ], [ 40.314533212000072, 4.819876749000059 ], [ 40.302833545000055, 4.821522750000042 ], [ 40.275547046000042, 4.829655609000042 ], [ 40.231220307000058, 4.830948748000026 ], [ 40.225063254000077, 4.833024913000031 ], [ 40.217060049000054, 4.842939853000075 ], [ 40.211792052000078, 4.846866139000042 ], [ 40.201480779000065, 4.851727030000063 ], [ 40.19551083500005, 4.851513838000074 ], [ 40.188606286000038, 4.845092374000046 ], [ 40.182571288000076, 4.833471259000021 ], [ 40.177989968000077, 4.824649377000071 ], [ 40.174896226000044, 4.785780958000032 ], [ 40.169357392000052, 4.775444548000053 ], [ 40.154190142000061, 4.767896643000029 ], [ 40.131217947000039, 4.760139517000027 ], [ 40.112827301000038, 4.748458371000027 ], [ 40.105480114000045, 4.747559109000065 ], [ 40.097690668000041, 4.752411306000056 ], [ 40.095638317000066, 4.757017615000052 ], [ 40.094520571000032, 4.767373114000065 ], [ 40.090629628000045, 4.771064284000033 ], [ 40.083743980000065, 4.771313575000022 ], [ 40.065303816000039, 4.76689475400002 ], [ 40.049991602000034, 4.765424334000045 ], [ 40.036212934000048, 4.761090186000047 ], [ 40.013939099000027, 4.74731442500007 ], [ 39.994380996000075, 4.737046740000039 ], [ 39.961624886000038, 4.735541411000042 ], [ 39.942283710000027, 4.734652109000024 ], [ 39.938140830000066, 4.730982296000036 ], [ 39.934452117000035, 4.724550248000071 ], [ 39.925945226000067, 4.717900661000044 ], [ 39.914463898000065, 4.711506326000062 ], [ 39.859063554000045, 4.727762060000032 ], [ 39.851551043000029, 4.73095564700003 ], [ 39.837642722000055, 4.736065451000059 ], [ 39.810802453000065, 4.740501471000073 ], [ 39.808521223000071, 4.745567805000064 ], [ 39.805770894000034, 4.746954875000029 ], [ 39.79658889600006, 4.746746975000065 ], [ 39.790615173000049, 4.744230819000052 ], [ 39.785339427000054, 4.743783456000074 ], [ 39.775474571000075, 4.745416605000059 ], [ 39.759590065000054, 4.725440060000039 ], [ 39.76027292200007, 4.72244743400006 ], [ 39.745065926000052, 4.710860715000024 ], [ 39.739132430000041, 4.703760273000057 ], [ 39.73426444200004, 4.689151302000027 ], [ 39.723695991000056, 4.679620723000028 ], [ 39.721130389000052, 4.676633711000022 ], [ 39.717010443000049, 4.670557103000021 ], [ 39.714462345000072, 4.660440878000031 ], [ 39.711704268000062, 4.657686203000026 ], [ 39.698146730000076, 4.650125446000061 ], [ 39.688282064000077, 4.650378140000043 ], [ 39.680942627000036, 4.652925104000076 ], [ 39.673599220000028, 4.652711912000029 ], [ 39.668315914000061, 4.648582451000038 ], [ 39.665328958000032, 4.648129417000064 ], [ 39.660530058000063, 4.655731187000072 ], [ 39.649074579000057, 4.663578467000036 ], [ 39.632564483000067, 4.669826429000068 ], [ 39.624782597000035, 4.67766520400005 ], [ 39.619968389000064, 4.679976486000044 ], [ 39.610103533000029, 4.680687882000029 ], [ 39.602527657000053, 4.679094234000047 ], [ 39.597255691000043, 4.682556147000071 ], [ 39.582607245000077, 4.700301169000056 ], [ 39.577335279000067, 4.703073042000028 ], [ 39.565174073000037, 4.703789164000057 ], [ 39.556449833000045, 4.700356546000023 ], [ 39.551671910000039, 4.700366700000075 ], [ 39.697295002000033, 4.966134 ], [ 39.707222001000048, 5.137893999000028 ], [ 39.745304899000075, 5.18906589300002 ], [ 39.788012227000024, 5.246451621000062 ], [ 39.790576707000071, 5.248873629000059 ], [ 39.939745996000056, 5.389755735000051 ], [ 39.933628999000064, 5.404492688000062 ], [ 39.896376492000059, 5.494240724000065 ], [ 39.847930415000064, 5.610956095000063 ], [ 39.812338543000067, 5.867592221000052 ], [ 39.874577587000033, 5.965139953000062 ], [ 39.896923362000052, 6.000162659000068 ], [ 39.898012724000068, 6.000180011000054 ], [ 40.098915344000034, 5.956254167000054 ], [ 40.40677028600004, 5.745394617000045 ], [ 40.512200062000034, 5.749611808000054 ], [ 40.585747725000033, 5.828326490000052 ], [ 40.626064218000067, 5.901430684000047 ], [ 40.630281409000077, 5.952036976000045 ], [ 40.55015478100006, 6.049032369000031 ], [ 40.394118714000058, 6.141810571000065 ], [ 40.305557703000034, 6.188199671000064 ], [ 40.219989722000037, 6.22884446300003 ], [ 40.13687006300006, 6.268326300000069 ], [ 40.009840758000053, 6.367208190000042 ], [ 40.00685356200006, 6.369533477000061 ], [ 40.006742344000031, 6.441542947000073 ], [ 40.006584825000061, 6.543530992000058 ], [ 40.126473234000059, 6.794547349000027 ], [ 40.128280894000056, 6.79507385200003 ], [ 40.129452239000045, 6.79752635400007 ], [ 40.141622158000075, 6.801070990000028 ], [ 40.184031158000039, 6.813423126000032 ], [ 40.227167991000044, 6.825987252000061 ], [ 40.254644832000054, 6.833990216000075 ], [ 40.286000975000036, 6.843123072000026 ], [ 40.322397647000059, 6.853724045000035 ], [ 40.358351037000034, 6.841488598000069 ], [ 40.393863046000035, 6.829403359000025 ], [ 40.431575687000077, 6.816569215000072 ], [ 40.493388349000043, 6.795533492000061 ], [ 40.525054232000059, 6.784757144000025 ], [ 40.586775991000025, 6.763752357000044 ], [ 40.610384065000062, 6.755718196000032 ], [ 40.680189619000032, 6.731962380000027 ], [ 40.706353893000028, 6.688791327000047 ], [ 40.730729603000043, 6.64857140600003 ], [ 40.756808564000039, 6.605541119000065 ], [ 40.777915532000065, 6.570714621000036 ], [ 40.792585003000056, 6.546509996000054 ], [ 40.804407163000064, 6.530168016000061 ], [ 40.825164137000058, 6.501475285000026 ], [ 40.836109477000036, 6.486345349000032 ], [ 40.85249553500006, 6.463682698000071 ], [ 40.886489300000051, 6.462920239000027 ], [ 40.923062823000066, 6.462099917000046 ], [ 40.955584019000071, 6.461370487000067 ], [ 40.986354181000024, 6.460680331000049 ], [ 41.016905633000079, 6.459995081000045 ], [ 41.060025937000034, 6.45902792000004 ], [ 41.094415651000077, 6.458256579000022 ], [ 41.166414766000059, 6.456641684000033 ], [ 41.24890741300004, 6.454791425000053 ], [ 41.338824068000065, 6.452774649000048 ], [ 41.424948892000032, 6.450842923000039 ], [ 41.481484580000028, 6.449574862000077 ], [ 41.481467192000025, 6.44652945200005 ], [ 41.481531, 6.446528 ], [ 41.566291, 6.041727 ], [ 41.623534664000033, 5.936955201000046 ], [ 41.619870877000039, 5.877786746000027 ], [ 41.545900169000049, 5.761479971000028 ] ] ] ] } },
{ "type": "Feature", "properties": { "Zone_Name": "Dawa", "Zone_PCode": "ET0502000" }, "geometry": { "type": "Polygon", "coordinates": [ [ [ 39.222990291000031, 4.883100256000034 ], [ 39.223551171000054, 4.882481349000045 ], [ 39.223639330000026, 4.882543423000072 ], [ 39.226503248000029, 4.880086368000036 ], [ 39.235496445000081, 4.87902316800006 ], [ 39.24168770700004, 4.876251671000034 ], [ 39.247180993000029, 4.867731173000038 ], [ 39.249935101000062, 4.867726259000051 ], [ 39.252693178000072, 4.870251110000027 ], [ 39.25682830900007, 4.870474886000068 ], [ 39.269889911000064, 4.859870473000058 ], [ 39.274936589000049, 4.858941161000075 ], [ 39.275176997000074, 4.864461473000063 ], [ 39.277477316000045, 4.867218038000033 ], [ 39.284816754000076, 4.865365082000039 ], [ 39.287353512000038, 4.872031679000031 ], [ 39.291488642000047, 4.873404008000023 ], [ 39.308918034000044, 4.865552003000062 ], [ 39.324970183000062, 4.85724110600006 ], [ 39.34057232300006, 4.854912814000045 ], [ 39.355934055000034, 4.847522725000033 ], [ 39.371738424000057, 4.829090122000025 ], [ 39.371640395000043, 4.827876016000062 ], [ 39.392603019000035, 4.821910004000074 ], [ 39.394490019000045, 4.784157004000065 ], [ 39.39910012100006, 4.755750381000041 ], [ 39.404415202000052, 4.755413949000058 ], [ 39.412204649000046, 4.748727885000051 ], [ 39.420476812000061, 4.739506845000051 ], [ 39.427089723000051, 4.732135385000049 ], [ 39.428015046000041, 4.729728715000022 ], [ 39.442943052000032, 4.721790602000056 ], [ 39.446575245000076, 4.722895175000076 ], [ 39.452770287000078, 4.723113092000062 ], [ 39.464469955000027, 4.721019349000073 ], [ 39.478229533000047, 4.71547087700003 ], [ 39.484889894000048, 4.719138233000024 ], [ 39.489711851000038, 4.719588809000072 ], [ 39.498878540000078, 4.714738879000038 ], [ 39.505294713000069, 4.708514164000064 ], [ 39.521366139000065, 4.713772711000047 ], [ 39.531463654000049, 4.714211947000024 ], [ 39.538570433000075, 4.710286229000076 ], [ 39.549335495000037, 4.700371666000024 ], [ 39.551671910000039, 4.700366700000075 ], [ 39.556449833000045, 4.700356546000023 ], [ 39.565174073000037, 4.703789164000057 ], [ 39.577335279000067, 4.703073042000028 ], [ 39.582607245000077, 4.700301169000056 ], [ 39.597255691000043, 4.682556147000071 ], [ 39.602527657000053, 4.679094234000047 ], [ 39.610103533000029, 4.680687882000029 ], [ 39.619968389000064, 4.679976486000044 ], [ 39.624782597000035, 4.67766520400005 ], [ 39.632564483000067, 4.669826429000068 ], [ 39.649074579000057, 4.663578467000036 ], [ 39.660530058000063, 4.655731187000072 ], [ 39.665328958000032, 4.648129417000064 ], [ 39.668315914000061, 4.648582451000038 ], [ 39.673599220000028, 4.652711912000029 ], [ 39.680942627000036, 4.652925104000076 ], [ 39.688282064000077, 4.650378140000043 ], [ 39.698146730000076, 4.650125446000061 ], [ 39.711704268000062, 4.657686203000026 ], [ 39.714462345000072, 4.660440878000031 ], [ 39.717010443000049, 4.670557103000021 ], [ 39.721130389000052, 4.676633711000022 ], [ 39.723695991000056, 4.679620723000028 ], [ 39.73426444200004, 4.689151302000027 ], [ 39.739132430000041, 4.703760273000057 ], [ 39.745065926000052, 4.710860715000024 ], [ 39.76027292200007, 4.72244743400006 ], [ 39.759590065000054, 4.725440060000039 ], [ 39.775474571000075, 4.745416605000059 ], [ 39.785339427000054, 4.743783456000074 ], [ 39.790615173000049, 4.744230819000052 ], [ 39.79658889600006, 4.746746975000065 ], [ 39.805770894000034, 4.746954875000029 ], [ 39.808521223000071, 4.745567805000064 ], [ 39.810802453000065, 4.740501471000073 ], [ 39.837642722000055, 4.736065451000059 ], [ 39.851551043000029, 4.73095564700003 ], [ 39.859063554000045, 4.727762060000032 ], [ 39.914463898000065, 4.711506326000062 ], [ 39.925945226000067, 4.717900661000044 ], [ 39.934452117000035, 4.724550248000071 ], [ 39.938140830000066, 4.730982296000036 ], [ 39.942283710000027, 4.734652109000024 ], [ 39.961624886000038, 4.735541411000042 ], [ 39.994380996000075, 4.737046740000039 ], [ 40.013939099000027, 4.74731442500007 ], [ 40.036212934000048, 4.761090186000047 ], [ 40.049991602000034, 4.765424334000045 ], [ 40.065303816000039, 4.76689475400002 ], [ 40.083743980000065, 4.771313575000022 ], [ 40.090629628000045, 4.771064284000033 ], [ 40.094520571000032, 4.767373114000065 ], [ 40.095638317000066, 4.757017615000052 ], [ 40.097690668000041, 4.752411306000056 ], [ 40.105480114000045, 4.747559109000065 ], [ 40.112827301000038, 4.748458371000027 ], [ 40.131217947000039, 4.760139517000027 ], [ 40.154190142000061, 4.767896643000029 ], [ 40.169357392000052, 4.775444548000053 ], [ 40.174896226000044, 4.785780958000032 ], [ 40.177989968000077, 4.824649377000071 ], [ 40.182571288000076, 4.833471259000021 ], [ 40.188606286000038, 4.845092374000046 ], [ 40.19551083500005, 4.851513838000074 ], [ 40.201480779000065, 4.851727030000063 ], [ 40.211792052000078, 4.846866139000042 ], [ 40.217060049000054, 4.842939853000075 ], [ 40.225063254000077, 4.833024913000031 ], [ 40.231220307000058, 4.830948748000026 ], [ 40.275547046000042, 4.829655609000042 ], [ 40.302833545000055, 4.821522750000042 ], [ 40.314533212000072, 4.819876749000059 ], [ 40.328994737000073, 4.820522751000055 ], [ 40.349391996000065, 4.811488551000025 ], [ 40.352596302000052, 4.808718755000029 ], [ 40.358070309000027, 4.79765941900007 ], [ 40.363334715000065, 4.792811948000065 ], [ 40.385936659000038, 4.781198087000064 ], [ 40.398603096000045, 4.774687401000051 ], [ 40.398626644000046, 4.774675297000044 ], [ 40.399022569000067, 4.774471787000039 ], [ 40.399028958000031, 4.774468503000037 ], [ 40.402515362000031, 4.77267645400002 ], [ 40.404959394000059, 4.77362043100004 ], [ 40.404962782000041, 4.773619880000069 ], [ 40.404962892000071, 4.773621783000067 ], [ 40.405454133000035, 4.773811518000059 ], [ 40.405464176000066, 4.773815397000021 ], [ 40.405485278000072, 4.773823549000042 ], [ 40.405592995000063, 4.773865152000042 ], [ 40.410785624000027, 4.775870743000041 ], [ 40.41231786700007, 4.77573815900007 ], [ 40.412321929000029, 4.775726882000072 ], [ 40.412334679000026, 4.775736703000064 ], [ 40.412452620000067, 4.77572649800004 ], [ 40.412529957000061, 4.775719806000041 ], [ 40.412549009000031, 4.775718158000075 ], [ 40.413539921000051, 4.775632414000029 ], [ 40.41811750100004, 4.771707073000073 ], [ 40.421178176000069, 4.767272668000032 ], [ 40.421100663000061, 4.767076038000027 ], [ 40.421470560000046, 4.766849054000033 ], [ 40.427028663000044, 4.758796293000046 ], [ 40.430690728000059, 4.755794028000025 ], [ 40.442863713000065, 4.753721300000052 ], [ 40.443147533000058, 4.753547135000076 ], [ 40.446495097000025, 4.747002126000041 ], [ 40.454742490000058, 4.742144636000035 ], [ 40.461376201000064, 4.735452146000057 ], [ 40.472835461000045, 4.731274112000051 ], [ 40.477426222000076, 4.726090672000055 ], [ 40.48815542300008, 4.713971161000075 ], [ 40.496304657000053, 4.707871558000022 ], [ 40.508529625000051, 4.698721318000025 ], [ 40.519313776000047, 4.698455773000035 ], [ 40.526106393000077, 4.695985926000048 ], [ 40.526187724000067, 4.696081279000055 ], [ 40.526355010000032, 4.695895527000062 ], [ 40.537189397000077, 4.691956062000031 ], [ 40.546100558000035, 4.680424226000071 ], [ 40.559139291000065, 4.667267748000029 ], [ 40.577243790000068, 4.660765580000032 ], [ 40.58105474000007, 4.65000715900004 ], [ 40.580975444000046, 4.649799359000042 ], [ 40.581174377000025, 4.649669287000052 ], [ 40.586788102000071, 4.633817581000073 ], [ 40.621749890000046, 4.591138922000027 ], [ 40.640220672000055, 4.557487470000069 ], [ 40.648223877000078, 4.55032777200006 ], [ 40.650032041000031, 4.541810109000039 ], [ 40.65346900600008, 4.540647570000033 ], [ 40.658065864000037, 4.542472365000037 ], [ 40.664032027000076, 4.54383222000007 ], [ 40.671359935000055, 4.538975676000064 ], [ 40.67982108800004, 4.531124049000027 ], [ 40.69238656400006, 4.516126142000076 ], [ 40.706089065000072, 4.498133719000066 ], [ 40.708583865000037, 4.489612654000041 ], [ 40.710575169000037, 4.469360358000074 ], [ 40.714458552000053, 4.464515153000036 ], [ 40.739627872000028, 4.445791679000024 ], [ 40.74168022300006, 4.442793383000037 ], [ 40.742557561000069, 4.431746899000075 ], [ 40.745754307000027, 4.426904719000049 ], [ 40.767572139000038, 4.417105652000032 ], [ 40.767621957000074, 4.417142648000038 ], [ 40.767643403000079, 4.41701665100004 ], [ 40.767691254000056, 4.417052154000032 ], [ 40.77415458300004, 4.414149298000041 ], [ 40.774826099000052, 4.410006039000052 ], [ 40.77297597900008, 4.405641462000062 ], [ 40.772030698000037, 4.391906942000048 ], [ 40.771937720000039, 4.391787541000042 ], [ 40.772190419000026, 4.390302935000022 ], [ 40.771922060000065, 4.39032848100004 ], [ 40.771282161000045, 4.381031015000076 ], [ 40.767543740000065, 4.362868871000046 ], [ 40.764762795000024, 4.354596529000048 ], [ 40.763077827000075, 4.353071044000046 ], [ 40.759700808000048, 4.350013657000034 ], [ 40.757765608000057, 4.349165626000058 ], [ 40.751888303000044, 4.346590111000069 ], [ 40.748436029000061, 4.342691419000062 ], [ 40.744731818000048, 4.333961886000054 ], [ 40.745178236000072, 4.329589371000054 ], [ 40.747921004000034, 4.327048833000049 ], [ 40.755718199000057, 4.326791226000068 ], [ 40.762565669000026, 4.31802370500003 ], [ 40.76391985500004, 4.311807116000068 ], [ 40.76183310600004, 4.304912585000068 ], [ 40.762966160000076, 4.301227652000023 ], [ 40.767990158000032, 4.294767820000061 ], [ 40.768879026000036, 4.286942086000067 ], [ 40.774341629000048, 4.28149813400006 ], [ 40.747100830000079, 4.261768818000064 ], [ 40.724300385000049, 4.249158859000033 ], [ 40.714851380000027, 4.247681141000044 ], [ 40.709213256000055, 4.246799946000067 ], [ 40.690326690000063, 4.234930039000062 ], [ 40.675930023000035, 4.233425140000065 ], [ 40.673591614000031, 4.233181 ], [ 40.652160644000048, 4.224946976000069 ], [ 40.559055329000046, 4.186255932000051 ], [ 40.44258880600006, 4.13783216500002 ], [ 40.417671204000044, 4.127468109000063 ], [ 40.403018952000025, 4.119733810000071 ], [ 40.387771606000058, 4.104847908000067 ], [ 40.375789642000029, 4.106327057000044 ], [ 40.330371857000046, 4.087368965000053 ], [ 40.324180603000059, 4.084782124000071 ], [ 40.234050751000041, 4.050077916000021 ], [ 40.212196350000056, 4.043508053000039 ], [ 40.191978455000026, 4.043933869000057 ], [ 40.172241211000028, 4.02748107900004 ], [ 40.150711060000049, 4.016765118000023 ], [ 40.129585266000049, 4.006254196000043 ], [ 40.122230530000024, 4.000173092000068 ], [ 40.106109619000051, 3.994299888000057 ], [ 40.038410187000068, 3.960092067000062 ], [ 40.002803802000074, 3.942090035000035 ], [ 40.0, 3.940671921000046 ], [ 39.957957478000026, 3.919418283000027 ], [ 39.925849915000072, 3.903187037000066 ], [ 39.869567871000072, 3.874727010000072 ], [ 39.86507034300007, 3.867917061000071 ], [ 39.85752868700007, 3.850039005000042 ], [ 39.836330414000031, 3.821424007000076 ], [ 39.834880828000053, 3.819472075000022 ], [ 39.78295898500005, 3.706891060000032 ], [ 39.762840271000073, 3.663264036000044 ], [ 39.708229065000069, 3.607198 ], [ 39.706161499000075, 3.605076075000056 ], [ 39.620140075000052, 3.516755104000026 ], [ 39.619720459000064, 3.516320944000029 ], [ 39.612136841000051, 3.506445885000062 ], [ 39.585071564000032, 3.481983900000046 ], [ 39.58180999800004, 3.47643494600004 ], [ 39.567916870000033, 3.429982900000027 ], [ 39.567322133000062, 3.428590453000027 ], [ 39.562076569000055, 3.416309119000061 ], [ 39.557014466000055, 3.411483050000072 ], [ 39.547069549000071, 3.405368090000024 ], [ 39.539481153000054, 3.403791808000051 ], [ 39.532886505000079, 3.402421951000065 ], [ 39.528297424000073, 3.402976036000041 ], [ 39.519268036000028, 3.408283949000065 ], [ 39.514831543000071, 3.414258003000043 ], [ 39.507751465000069, 3.440705061000074 ], [ 39.501590728000053, 3.457662106000043 ], [ 39.496875763000048, 3.461333036000042 ], [ 39.48918533300008, 3.46338391300003 ], [ 39.471282959000064, 3.460541963000026 ], [ 39.470691681000062, 3.460448026000051 ], [ 39.428440094000052, 3.460684061000052 ], [ 39.425338745000033, 3.46123409300003 ], [ 39.41873550400004, 3.466129064000029 ], [ 39.408756256000061, 3.468456030000027 ], [ 39.38306285200008, 3.469039762000023 ], [ 39.38237018500007, 3.469404348000069 ], [ 39.382310824000058, 3.469056848000037 ], [ 39.335739136000029, 3.470114946000024 ], [ 39.332241058000079, 3.476356983000073 ], [ 39.332647145000067, 3.476807390000033 ], [ 39.332187003000058, 3.476826079000034 ], [ 39.331584930000076, 3.482050896000032 ], [ 39.330795288000047, 3.490726948000031 ], [ 39.332180023000035, 3.504005909000057 ], [ 39.328540802000077, 3.506319046000044 ], [ 39.326316834000068, 3.505714893000061 ], [ 39.322601318000068, 3.504705906000027 ], [ 39.301898956000059, 3.486726046000058 ], [ 39.28311920200008, 3.476737022000066 ], [ 39.262668609000059, 3.478593111000066 ], [ 39.254947574000028, 3.479293840000025 ], [ 39.247772900000029, 3.480162223000036 ], [ 39.247772783000073, 3.480254634000062 ], [ 39.241597236000075, 3.480505459000028 ], [ 39.237228394000056, 3.480901957000071 ], [ 39.204441071000076, 3.486258030000045 ], [ 39.192424774000074, 3.482758045000026 ], [ 39.183269501000041, 3.491586923000057 ], [ 39.17827987700008, 3.494579077000026 ], [ 39.145835876000035, 3.510623932000044 ], [ 39.138099671000077, 3.514448882000067 ], [ 39.123123169000053, 3.516918897000039 ], [ 39.102237701000035, 3.534037113000068 ], [ 39.096038818000068, 3.537843942000052 ], [ 39.08659362700007, 3.539489031000073 ], [ 39.082004547000054, 3.539227009000058 ], [ 39.051578070000062, 3.53017858000004 ], [ 39.050597338000046, 3.530243102000043 ], [ 39.047022699000024, 3.535699129000022 ], [ 39.046390770000073, 3.537446380000063 ], [ 39.044635283000048, 3.542300204000071 ], [ 39.037356969000029, 3.550107220000029 ], [ 39.023984963000032, 3.56445057600007 ], [ 39.021098414000051, 3.567546806000053 ], [ 39.02103108600005, 3.567545067000026 ], [ 39.014709561000075, 3.574167510000052 ], [ 39.005815541000061, 3.583484903000056 ], [ 38.99783851400008, 3.591841652000028 ], [ 38.993065235000074, 3.596842149000054 ], [ 38.988147858000048, 3.601993603000039 ], [ 38.983607101000075, 3.606750509000051 ], [ 38.978604572000052, 3.611991167000042 ], [ 38.970920659000058, 3.620040851000056 ], [ 38.970987601000047, 3.62007197500003 ], [ 38.970869895000078, 3.620094030000075 ], [ 38.96529015200008, 3.625939381000023 ], [ 38.95282231300007, 3.639000714000076 ], [ 38.947044434000077, 3.645053631000053 ], [ 38.941761077000081, 3.650588486000061 ], [ 38.935755586000028, 3.656879849000063 ], [ 38.929235926000047, 3.663709858000061 ], [ 38.923212424000042, 3.670020090000037 ], [ 38.918548034000025, 3.674906509000039 ], [ 38.91519936900005, 3.678414575000033 ], [ 38.907962495000049, 3.68599595400002 ], [ 38.905444856000031, 3.688633438000068 ], [ 38.905511453000031, 3.688633657000025 ], [ 38.904316, 3.689816 ], [ 38.890918404000047, 3.699459048000051 ], [ 38.890871888000049, 3.699441917000058 ], [ 38.880049412000062, 3.707190740000044 ], [ 38.871435870000028, 3.713357979000023 ], [ 38.861874593000039, 3.720203791000074 ], [ 38.854736823000053, 3.725314389000062 ], [ 38.849910123000029, 3.728770274000055 ], [ 38.843778069000052, 3.733160785000052 ], [ 38.836418671000047, 3.738430066000035 ], [ 38.829942255000049, 3.743067138000072 ], [ 38.824573407000059, 3.746911198000021 ], [ 38.820575236000025, 3.74977386300003 ], [ 38.810291380000081, 3.757137037000064 ], [ 38.803136539000036, 3.76225985700006 ], [ 38.796533861000057, 3.766987331000053 ], [ 38.794444417000079, 3.768483359000072 ], [ 38.792140118000077, 3.770133223000073 ], [ 38.790759711000078, 3.77112158400007 ], [ 38.790816843000073, 3.77113106500002 ], [ 38.778671, 3.779777 ], [ 38.829905, 3.91107 ], [ 38.877479, 3.965776 ], [ 38.880458034000071, 3.968755003000069 ], [ 38.956160422000039, 3.985272613000063 ], [ 39.030133686000056, 4.001412943000048 ], [ 39.115350004000049, 4.095853999000042 ], [ 39.090953004000028, 4.18703 ], [ 39.016317022000067, 4.268910991000041 ], [ 39.016317220000076, 4.268912011000054 ], [ 39.017875472000071, 4.277038075000064 ], [ 39.019740393000063, 4.286763360000066 ], [ 39.021218025000053, 4.29446899900006 ], [ 39.022743312000046, 4.298822091000034 ], [ 39.022799732000067, 4.29882236800006 ], [ 39.022891528000059, 4.299245914000039 ], [ 39.034237, 4.351594 ], [ 39.067747605000079, 4.462328444000036 ], [ 39.067759679000062, 4.462368343000037 ], [ 39.067728360000046, 4.462373325000044 ], [ 39.064645775000031, 4.46931784100002 ], [ 39.060751997000068, 4.47808982500004 ], [ 39.059550184000045, 4.48079729400007 ], [ 39.057645666000042, 4.485087833000023 ], [ 39.056681082000068, 4.487260869000067 ], [ 39.056681002000062, 4.48726100600004 ], [ 39.055796663000081, 4.487513550000074 ], [ 39.050117339000053, 4.489135415000021 ], [ 39.050113153000041, 4.489141677000021 ], [ 39.050107827000033, 4.489138132000051 ], [ 38.980431, 4.509036 ], [ 38.977164067000047, 4.512656222000032 ], [ 38.97050250500007, 4.514783716000068 ], [ 38.965745140000024, 4.51630306900006 ], [ 38.963385305000031, 4.517056726000021 ], [ 38.960755955000025, 4.517896458000052 ], [ 38.960757923000074, 4.517952125000022 ], [ 38.960128085000065, 4.518096980000053 ], [ 38.960128025000074, 4.518096995000064 ], [ 38.960128, 4.518097 ], [ 38.796712, 4.712622 ], [ 38.758884, 4.864924 ], [ 38.766473, 4.904283 ], [ 38.769144389000076, 4.90566644300003 ], [ 38.769290891000026, 4.905742313000076 ], [ 38.769452037000065, 4.907262002000039 ], [ 38.897431873000073, 4.973539421000055 ], [ 38.961359130000062, 5.006645680000076 ], [ 39.007008126000073, 5.030286103000037 ], [ 39.048798028000078, 5.051928003000057 ], [ 39.134089025000037, 5.068460003000041 ], [ 39.14865605600005, 5.032040780000045 ], [ 39.178864970000063, 4.956515084000046 ], [ 39.190110552000078, 4.928399857000045 ], [ 39.199407682000071, 4.905155981000064 ], [ 39.202716851000048, 4.903002354000023 ], [ 39.204888676000053, 4.898630267000044 ], [ 39.216548358000068, 4.888627017000033 ], [ 39.218528781000032, 4.888023348000047 ], [ 39.222990291000031, 4.883100256000034 ] ] ] } },
{ "type": "Feature", "properties": { "Zone_Name": "Nogob", "Zone_PCode": "ET0509000" }, "geometry": { "type": "Polygon", "coordinates": [ [ [ 43.317873, 7.657317 ], [ 43.482448, 7.540479 ], [ 43.501668702000075, 7.456885796000051 ], [ 43.479301208000038, 7.385439549000068 ], [ 43.557602236000037, 7.338157620000061 ], [ 43.562121583000078, 7.335427825000068 ], [ 43.701276680000035, 7.288851201000057 ], [ 43.69632789700006, 7.257483577000073 ], [ 43.67301089800003, 7.109689889000038 ], [ 43.654673, 6.993456 ], [ 43.591777, 6.81952 ], [ 43.56218010300006, 6.796272900000076 ], [ 43.54968793300003, 6.784494568000071 ], [ 43.542906469000059, 6.776285427000062 ], [ 43.527915865000068, 6.770217802000047 ], [ 43.517208290000042, 6.764864014000068 ], [ 43.486156324000035, 6.755227197000067 ], [ 43.471165720000045, 6.75272876300005 ], [ 43.403470054000024, 6.743210919000035 ], [ 43.192307350000078, 6.811090114000024 ], [ 43.218994262000081, 6.709679849000054 ], [ 43.24834986500008, 6.629619114000036 ], [ 43.287045887000033, 6.537549268000021 ], [ 43.319070181000029, 6.462825915000053 ], [ 43.334044107000068, 6.429801306000059 ], [ 43.302575233000027, 6.420095906000029 ], [ 43.279970353000067, 6.414742119000039 ], [ 43.26390899200004, 6.41057806200007 ], [ 43.247252765000042, 6.404034544000069 ], [ 43.21096598400004, 6.390947508000068 ], [ 43.182412452000051, 6.376075877000062 ], [ 43.138392424000074, 6.366558033000047 ], [ 43.096156991000043, 6.344548019000058 ], [ 43.04678317500003, 6.326702061000049 ], [ 42.995399095000039, 6.313301841000055 ], [ 42.945061, 6.309813 ], [ 42.92891703600003, 6.401564549000057 ], [ 42.809747325000046, 6.47984282300007 ], [ 42.841870048000033, 6.672579164000069 ], [ 42.844203926000034, 6.761854102000029 ], [ 42.777612323000028, 6.748921626000026 ], [ 42.762916704000077, 6.745087986000044 ], [ 42.744775761000028, 6.740355566000062 ], [ 42.730962181000052, 6.738157951000062 ], [ 42.681957991000047, 6.730361830000049 ], [ 42.604863454000053, 6.761770715000068 ], [ 42.550611743000047, 6.827443839000068 ], [ 42.515290121000078, 6.928048529000023 ], [ 42.44525965400004, 6.90411914200007 ], [ 42.315646579000031, 6.892887023000071 ], [ 42.196893214000056, 6.909416978000024 ], [ 42.162809, 6.927355 ], [ 42.165255461000072, 6.935840010000049 ], [ 42.16459267700003, 6.941781918000061 ], [ 42.165749384000037, 6.943329518000041 ], [ 42.167329650000056, 6.945443813000054 ], [ 42.167799908000063, 6.951950454000041 ], [ 42.168037240000046, 6.952071058000058 ], [ 42.167877119000025, 6.954003792000037 ], [ 42.161559983000075, 6.978964268000027 ], [ 42.163562816000081, 6.983816087000037 ], [ 42.17792511500005, 6.993427304000022 ], [ 42.183647, 6.999627 ], [ 42.18608577100008, 7.007487627000046 ], [ 42.183380033000049, 7.015097100000048 ], [ 42.179351950000068, 7.020186193000029 ], [ 42.17636114000004, 7.023964792000072 ], [ 42.172115255000051, 7.031719273000022 ], [ 42.171680366000032, 7.036360735000073 ], [ 42.172145873000034, 7.046424418000072 ], [ 42.174835155000039, 7.051744391000057 ], [ 42.181888635000064, 7.057582412000045 ], [ 42.186634047000041, 7.063848518000043 ], [ 42.188289687000065, 7.077425523000045 ], [ 42.193965924000054, 7.083015009000064 ], [ 42.206809987000042, 7.085712984000054 ], [ 42.210958337000079, 7.090549241000076 ], [ 42.212711323000065, 7.091534185000057 ], [ 42.214729276000071, 7.095466140000042 ], [ 42.216285691000053, 7.099392426000065 ], [ 42.21688055900006, 7.105061142000068 ], [ 42.21812050300008, 7.116877006000038 ], [ 42.225689009000064, 7.135815563000051 ], [ 42.223111466000034, 7.144996594000077 ], [ 42.222316681000052, 7.147027422000065 ], [ 42.223436789000061, 7.153273455000033 ], [ 42.224670488000072, 7.160152905000075 ], [ 42.219779923000033, 7.181452828000033 ], [ 42.220638361000056, 7.186288393000041 ], [ 42.227214806000063, 7.193266841000025 ], [ 42.23418815000008, 7.205074239000055 ], [ 42.23223441600004, 7.210369438000043 ], [ 42.229656308000074, 7.216959503000055 ], [ 42.23250586100005, 7.227563349000036 ], [ 42.232490201000076, 7.240305012000022 ], [ 42.232716051000068, 7.241561411000021 ], [ 42.232830265000075, 7.243541123000057 ], [ 42.232811229000049, 7.245121085000051 ], [ 42.232792194000069, 7.24664394000007 ], [ 42.232259194000051, 7.249404115000061 ], [ 42.23189751600006, 7.250336864000076 ], [ 42.231231267000055, 7.251383826000051 ], [ 42.230654909000066, 7.251408553000033 ], [ 42.229974912000046, 7.251440933000026 ], [ 42.22930866300004, 7.251954897000076 ], [ 42.228033272000062, 7.253420645000062 ], [ 42.226872095000033, 7.254772179000042 ], [ 42.225653811000029, 7.256542498000044 ], [ 42.224930455000049, 7.257951139000056 ], [ 42.224254687000041, 7.259154890000048 ], [ 42.223083993000046, 7.260996849000037 ], [ 42.222627136000028, 7.262386454000023 ], [ 42.222476500000027, 7.262705804000063 ], [ 42.223281904000032, 7.263275656000076 ], [ 42.22988121800006, 7.268645336000077 ], [ 42.235294367000051, 7.276757216000021 ], [ 42.239631728000063, 7.279111778000072 ], [ 42.239932994000071, 7.291059414000074 ], [ 42.246776495000063, 7.312511860000029 ], [ 42.257321551000075, 7.324505782000074 ], [ 42.262281064000035, 7.325498379000067 ], [ 42.292976125000052, 7.330989180000074 ], [ 42.309131, 7.333879 ], [ 42.347081345000049, 7.347650391000059 ], [ 42.352774325000041, 7.349716255000033 ], [ 42.357461873000034, 7.351417269000024 ], [ 42.361408099000073, 7.352849272000071 ], [ 42.364790529000061, 7.354076686000042 ], [ 42.368923949000077, 7.355576618000043 ], [ 42.371280187000025, 7.356431648000068 ], [ 42.375727132000065, 7.358045352000033 ], [ 42.37709346500003, 7.358541166000066 ], [ 42.388140789000033, 7.362550010000064 ], [ 42.392094645000043, 7.363984782000045 ], [ 42.398051202000033, 7.366146292000053 ], [ 42.407055097000068, 7.369413619000056 ], [ 42.41572622700005, 7.372537789000035 ], [ 42.487324822000062, 7.397030574000041 ], [ 42.517307111000036, 7.508948490000023 ], [ 42.54204165200008, 7.541608256000075 ], [ 42.551998798000056, 7.561092178000024 ], [ 42.552028973000063, 7.561090702000058 ], [ 42.552007542000069, 7.561109286000033 ], [ 42.552532203000055, 7.561309769000047 ], [ 42.562786021000079, 7.569248148000042 ], [ 42.568099945000029, 7.567479675000072 ], [ 42.578903185000058, 7.568536374000075 ], [ 42.597915641000043, 7.575667911000039 ], [ 42.612827364000054, 7.579532583000059 ], [ 42.63299177500005, 7.586218269000028 ], [ 42.648998185000039, 7.594459615000062 ], [ 42.65627676500003, 7.601210128000048 ], [ 42.67146688400004, 7.618854602000056 ], [ 42.674892510000063, 7.621193855000058 ], [ 42.67789080600005, 7.620542939000075 ], [ 42.681556650000061, 7.621966865000047 ], [ 42.691547379000042, 7.632426314000043 ], [ 42.704086396000037, 7.641998787000034 ], [ 42.709293346000038, 7.648722651000071 ], [ 42.713134771000057, 7.65405226200005 ], [ 42.71463391900005, 7.662796537000077 ], [ 42.711090169000045, 7.669868917000031 ], [ 42.711292210000067, 7.672167724000076 ], [ 42.71871953200008, 7.685118761000069 ], [ 42.721335102000069, 7.68985570600006 ], [ 42.730304666000052, 7.697203610000031 ], [ 42.734146091000071, 7.702762667000059 ], [ 42.735874118000027, 7.71173808900005 ], [ 42.732025133000036, 7.742452669000045 ], [ 42.739383659000055, 7.760911544000066 ], [ 42.739681334000068, 7.773542414000076 ], [ 42.738655064000056, 7.781794155000057 ], [ 42.734165180000048, 7.790919831000053 ], [ 42.733071599000027, 7.792462921000038 ], [ 42.733069140000055, 7.792476621000048 ], [ 42.72642525200007, 7.801841197000044 ], [ 42.72377774000006, 7.81076048500006 ], [ 42.715858450000042, 7.818005611000046 ], [ 42.713546791000056, 7.818665977000023 ], [ 42.711429613000064, 7.822081963000073 ], [ 42.70925894800007, 7.82985969200007 ], [ 42.712558699000056, 7.859513226000047 ], [ 42.711986596000031, 7.868228394000027 ], [ 42.708686845000045, 7.874155057000053 ], [ 42.699127225000041, 7.883445352000024 ], [ 42.695808384000031, 7.890747934000046 ], [ 42.699863380000068, 7.897914815000036 ], [ 42.701778328000046, 7.910104748000037 ], [ 42.709175032000076, 7.92557666700003 ], [ 42.710472139000046, 7.932019677000028 ], [ 42.708324343000072, 7.937960703000044 ], [ 42.70412549100007, 7.945339448000027 ], [ 42.711717, 7.944819 ], [ 42.878285093000045, 7.865815146000045 ], [ 42.950230866000027, 7.831691004000049 ], [ 43.125978418000045, 7.74833330000007 ], [ 43.309624876000044, 7.661229115000026 ], [ 43.308407647000081, 7.660950166000021 ], [ 43.317873, 7.657317 ] ] ] } },
{ "type": "Feature", "properties": { "Zone_Name": "Erer", "Zone_PCode": "ET0504000" }, "geometry": { "type": "Polygon", "coordinates": [ [ [ 42.253293454000072, 8.509864115000028 ], [ 42.414392105000047, 8.492521969000052 ], [ 42.530081513000027, 8.538738712000054 ], [ 42.761003176000031, 8.321440693000056 ], [ 42.686720716000025, 8.121641932000045 ], [ 42.674669820000076, 8.089228438000021 ], [ 42.680618265000078, 8.077865691000056 ], [ 42.686523381000029, 8.072047326000074 ], [ 42.694999653000025, 8.068716957000049 ], [ 42.697948432000032, 8.065463133000037 ], [ 42.702861865000045, 8.054151482000066 ], [ 42.704368573000067, 8.04655840700002 ], [ 42.70354995100007, 8.042363219000038 ], [ 42.701644894000026, 8.032600378000041 ], [ 42.691917441000044, 8.011857060000068 ], [ 42.693885876000024, 8.004258126000025 ], [ 42.693325113000071, 7.999999956000067 ], [ 42.68920907100005, 7.99165447200005 ], [ 42.691596897000068, 7.967356253000048 ], [ 42.70412549100007, 7.945339448000027 ], [ 42.708324343000072, 7.937960703000044 ], [ 42.710472139000046, 7.932019677000028 ], [ 42.709175032000076, 7.92557666700003 ], [ 42.701778328000046, 7.910104748000037 ], [ 42.699863380000068, 7.897914815000036 ], [ 42.695808384000031, 7.890747934000046 ], [ 42.699127225000041, 7.883445352000024 ], [ 42.708686845000045, 7.874155057000053 ], [ 42.711986596000031, 7.868228394000027 ], [ 42.712558699000056, 7.859513226000047 ], [ 42.70925894800007, 7.82985969200007 ], [ 42.711429613000064, 7.822081963000073 ], [ 42.713546791000056, 7.818665977000023 ], [ 42.715858450000042, 7.818005611000046 ], [ 42.72377774000006, 7.81076048500006 ], [ 42.72642525200007, 7.801841197000044 ], [ 42.733069140000055, 7.792476621000048 ], [ 42.733071599000027, 7.792462921000038 ], [ 42.734165180000048, 7.790919831000053 ], [ 42.738655064000056, 7.781794155000057 ], [ 42.739681334000068, 7.773542414000076 ], [ 42.739383659000055, 7.760911544000066 ], [ 42.732025133000036, 7.742452669000045 ], [ 42.735874118000027, 7.71173808900005 ], [ 42.734146091000071, 7.702762667000059 ], [ 42.730304666000052, 7.697203610000031 ], [ 42.721335102000069, 7.68985570600006 ], [ 42.71871953200008, 7.685118761000069 ], [ 42.711292210000067, 7.672167724000076 ], [ 42.711090169000045, 7.669868917000031 ], [ 42.71463391900005, 7.662796537000077 ], [ 42.713134771000057, 7.65405226200005 ], [ 42.709293346000038, 7.648722651000071 ], [ 42.704086396000037, 7.641998787000034 ], [ 42.691547379000042, 7.632426314000043 ], [ 42.681556650000061, 7.621966865000047 ], [ 42.67789080600005, 7.620542939000075 ], [ 42.674892510000063, 7.621193855000058 ], [ 42.67146688400004, 7.618854602000056 ], [ 42.65627676500003, 7.601210128000048 ], [ 42.648998185000039, 7.594459615000062 ], [ 42.63299177500005, 7.586218269000028 ], [ 42.612827364000054, 7.579532583000059 ], [ 42.597915641000043, 7.575667911000039 ], [ 42.578903185000058, 7.568536374000075 ], [ 42.568099945000029, 7.567479675000072 ], [ 42.562786021000079, 7.569248148000042 ], [ 42.552532203000055, 7.561309769000047 ], [ 42.552007542000069, 7.561109286000033 ], [ 42.550968662000059, 7.56222139700003 ], [ 42.551998798000056, 7.561092178000024 ], [ 42.54204165200008, 7.541608256000075 ], [ 42.517307111000036, 7.508948490000023 ], [ 42.487324822000062, 7.397030574000041 ], [ 42.41572622700005, 7.372537789000035 ], [ 42.407055097000068, 7.369413619000056 ], [ 42.398051202000033, 7.366146292000053 ], [ 42.392094645000043, 7.363984782000045 ], [ 42.388140789000033, 7.362550010000064 ], [ 42.37709346500003, 7.358541166000066 ], [ 42.375727132000065, 7.358045352000033 ], [ 42.371280187000025, 7.356431648000068 ], [ 42.368923949000077, 7.355576618000043 ], [ 42.364790529000061, 7.354076686000042 ], [ 42.361408099000073, 7.352849272000071 ], [ 42.357461873000034, 7.351417269000024 ], [ 42.352774325000041, 7.349716255000033 ], [ 42.351845678000075, 7.349379268000064 ], [ 42.350049893000062, 7.348727616000076 ], [ 42.349848544000054, 7.348654550000049 ], [ 42.349712160000081, 7.348605059000022 ], [ 42.347081345000049, 7.347650391000059 ], [ 42.347019015000058, 7.347627773000056 ], [ 42.309131, 7.333879 ], [ 42.292976125000052, 7.330989180000074 ], [ 42.262281064000035, 7.325498379000067 ], [ 42.257321551000075, 7.324505782000074 ], [ 42.246776495000063, 7.312511860000029 ], [ 42.239932994000071, 7.291059414000074 ], [ 42.239631728000063, 7.279111778000072 ], [ 42.235294367000051, 7.276757216000021 ], [ 42.22988121800006, 7.268645336000077 ], [ 42.223281904000032, 7.263275656000076 ], [ 42.222476500000027, 7.262705804000063 ], [ 42.222627136000028, 7.262386454000023 ], [ 42.223083993000046, 7.260996849000037 ], [ 42.224254687000041, 7.259154890000048 ], [ 42.224930455000049, 7.257951139000056 ], [ 42.225653811000029, 7.256542498000044 ], [ 42.226872095000033, 7.254772179000042 ], [ 42.228033272000062, 7.253420645000062 ], [ 42.22930866300004, 7.251954897000076 ], [ 42.229974912000046, 7.251440933000026 ], [ 42.230654909000066, 7.251408553000033 ], [ 42.231231267000055, 7.251383826000051 ], [ 42.23189751600006, 7.250336864000076 ], [ 42.232259194000051, 7.249404115000061 ], [ 42.232792194000069, 7.24664394000007 ], [ 42.232811229000049, 7.245121085000051 ], [ 42.232830265000075, 7.243541123000057 ], [ 42.232716051000068, 7.241561411000021 ], [ 42.232490201000076, 7.240305012000022 ], [ 42.23250586100005, 7.227563349000036 ], [ 42.229656308000074, 7.216959503000055 ], [ 42.23223441600004, 7.210369438000043 ], [ 42.23418815000008, 7.205074239000055 ], [ 42.227214806000063, 7.193266841000025 ], [ 42.220638361000056, 7.186288393000041 ], [ 42.219779923000033, 7.181452828000033 ], [ 42.224670488000072, 7.160152905000075 ], [ 42.223436789000061, 7.153273455000033 ], [ 42.222316681000052, 7.147027422000065 ], [ 42.223111466000034, 7.144996594000077 ], [ 42.225689009000064, 7.135815563000051 ], [ 42.21812050300008, 7.116877006000038 ], [ 42.21688055900006, 7.105061142000068 ], [ 42.216285691000053, 7.099392426000065 ], [ 42.214729276000071, 7.095466140000042 ], [ 42.212711323000065, 7.091534185000057 ], [ 42.210958337000079, 7.090549241000076 ], [ 42.206809987000042, 7.085712984000054 ], [ 42.193965924000054, 7.083015009000064 ], [ 42.188289687000065, 7.077425523000045 ], [ 42.186634047000041, 7.063848518000043 ], [ 41.944954095000071, 7.101594010000042 ], [ 41.858579660000032, 7.030210179000051 ], [ 41.750076238000077, 6.968820086000051 ], [ 41.604453225000043, 6.955257158000052 ], [ 41.614199433000067, 6.901101995000033 ], [ 41.567487399000072, 6.852231176000032 ], [ 41.504586826000036, 6.827873495000063 ], [ 41.340619, 6.977341 ], [ 41.344170732000066, 6.996027089000052 ], [ 41.344131626000035, 6.996028171000034 ], [ 41.345766580000031, 7.004726131000041 ], [ 41.346707451000043, 7.009731563000059 ], [ 41.348625622000043, 7.019936235000046 ], [ 41.350857285000075, 7.031808685000044 ], [ 41.353129464000062, 7.043896678000067 ], [ 41.354135416000076, 7.049248343000045 ], [ 41.355580493000048, 7.056936155000074 ], [ 41.356554101000029, 7.062115751000022 ], [ 41.358322910000027, 7.071525818000055 ], [ 41.359406595000053, 7.077291021000065 ], [ 41.361163539000074, 7.086637970000027 ], [ 41.361166789000038, 7.086655255000039 ], [ 41.363368176000051, 7.098366637000026 ], [ 41.364316431000077, 7.103411355000048 ], [ 41.366022177000048, 7.112485927000023 ], [ 41.366262023000047, 7.113761904000057 ], [ 41.367152531000045, 7.118499413000052 ], [ 41.368875508000031, 7.12766565000004 ], [ 41.37014296600006, 7.134408527000062 ], [ 41.372176530000047, 7.145227092000027 ], [ 41.372898872000064, 7.149069950000069 ], [ 41.374736011000039, 7.158843534000027 ], [ 41.375706370000046, 7.16400584400003 ], [ 41.377440768000042, 7.173232843000051 ], [ 41.378627194000046, 7.179544632000045 ], [ 41.380129969000052, 7.18753939100003 ], [ 41.381113422000055, 7.192771367000034 ], [ 41.383054091000076, 7.203095726000072 ], [ 41.384103020000055, 7.208676030000049 ], [ 41.385598016000074, 7.216629408000074 ], [ 41.386666587000036, 7.222314209000047 ], [ 41.388693210000042, 7.233095845000037 ], [ 41.389161381000065, 7.235586514000033 ], [ 41.390588440000045, 7.243178471000022 ], [ 41.391540387000077, 7.248242832000074 ], [ 41.393155699000033, 7.256836294000038 ], [ 41.39390708600007, 7.260833673000036 ], [ 41.395256807000067, 7.268014185000027 ], [ 41.396327002000078, 7.273707628000068 ], [ 41.398177236000038, 7.283550878000028 ], [ 41.39820171100007, 7.283548114000041 ], [ 41.398182159000044, 7.283577068000056 ], [ 41.399152075000075, 7.288737021000031 ], [ 41.404282064000029, 7.316028571000061 ], [ 41.405127184000037, 7.320524608000028 ], [ 41.407585155000049, 7.333601012000031 ], [ 41.408180633000029, 7.336768954000036 ], [ 41.410213803000033, 7.347585424000044 ], [ 41.411259040000061, 7.353146085000049 ], [ 41.412776534000045, 7.361219151000057 ], [ 41.414116851000074, 7.368349640000076 ], [ 41.416170057000045, 7.379272703000026 ], [ 41.417267280000033, 7.385109930000056 ], [ 41.419480925000073, 7.396886524000024 ], [ 41.420398068000054, 7.401765721000061 ], [ 41.422629731000029, 7.413638171000059 ], [ 41.423830482000028, 7.420026174000043 ], [ 41.425967182000079, 7.431393419000074 ], [ 41.428887219000046, 7.446928016000072 ], [ 41.431709436000062, 7.461942218000047 ], [ 41.432720705000065, 7.467322168000067 ], [ 41.435198317000072, 7.480503070000054 ], [ 41.435782325000048, 7.483609990000048 ], [ 41.438029938000057, 7.495567295000058 ], [ 41.439177080000036, 7.501670089000072 ], [ 41.441211481000039, 7.512493106000022 ], [ 41.443959609000046, 7.527113148000069 ], [ 41.443990959000075, 7.527113329000031 ], [ 41.443969849000041, 7.527167624000072 ], [ 41.446378738000078, 7.539982913000074 ], [ 41.449664203000054, 7.557461595000063 ], [ 41.452150825000047, 7.570690425000066 ], [ 41.452905067000074, 7.574702995000052 ], [ 41.455734669000037, 7.589756482000041 ], [ 41.456813037000074, 7.595493401000056 ], [ 41.459123271000067, 7.607783844000039 ], [ 41.46092974000004, 7.61739426400004 ], [ 41.465474498000049, 7.641572345000043 ], [ 41.488402587000053, 7.763549366000063 ], [ 41.489304140000058, 7.76834561000004 ], [ 41.496691100000078, 7.80764412000002 ], [ 41.496724115000063, 7.807819761000076 ], [ 41.508978396000032, 7.873011521000024 ], [ 41.513486410000041, 7.896993792000046 ], [ 41.517263252000078, 7.917086274000042 ], [ 41.519083262000038, 7.926768579000054 ], [ 41.519639121000068, 7.929725707000046 ], [ 41.521332999000037, 7.938737 ], [ 41.522733291000065, 7.946186452000063 ], [ 41.524369044000025, 7.954888546000063 ], [ 41.527857577000077, 7.973447306000025 ], [ 41.528403174000061, 7.976349844000026 ], [ 41.528606239000055, 7.97644649800003 ], [ 41.531669639000029, 7.976540519000025 ], [ 41.531326902000046, 7.991903879000063 ], [ 41.543147, 8.054786 ], [ 41.564555, 8.130642 ], [ 41.50926, 8.272679 ], [ 41.407751001000065, 8.522842 ], [ 41.571429, 8.836208 ], [ 41.572998005000045, 8.836487520000048 ], [ 41.574408004000077, 8.839187004000053 ], [ 41.648936753000044, 8.852464418000068 ], [ 41.731412447000025, 8.867157594000048 ], [ 41.806144369000037, 8.88047120400006 ], [ 41.875946328000055, 8.89290653300003 ], [ 41.99969102700004, 8.914951846000065 ], [ 42.253293454000072, 8.509864115000028 ] ], [ [ 41.537698159000058, 7.961006175000023 ], [ 41.537495905000071, 7.959126401000049 ], [ 41.537724808000064, 7.961232104000032 ], [ 41.537698159000058, 7.961006175000023 ] ], [ [ 41.537020013000074, 7.954355582000062 ], [ 41.537036089000026, 7.954207975000031 ], [ 41.537007108000068, 7.954704032000052 ], [ 41.537020013000074, 7.954355582000062 ] ], [ [ 41.565823389000059, 7.889812702000029 ], [ 41.566037540000025, 7.889229734000025 ], [ 41.565490264000061, 7.89072879500003 ], [ 41.565823389000059, 7.889812702000029 ] ], [ [ 41.564705042000071, 7.880663674000061 ], [ 41.564796047000073, 7.880357897000067 ], [ 41.564217252000049, 7.882781395000052 ], [ 41.564705042000071, 7.880663674000061 ] ], [ [ 42.221715264000068, 7.271733970000071 ], [ 42.22172082700007, 7.271696966000036 ], [ 42.221716833000073, 7.271733855000036 ], [ 42.221715264000068, 7.271733970000071 ] ] ] } }
]
}
